timestamp,subcarrier_0,subcarrier_1,subcarrier_2,subcarrier_3,subcarrier_4,subcarrier_5,subcarrier_6,subcarrier_7,subcarrier_8,subcarrier_9,subcarrier_10,subcarrier_11,subcarrier_12,subcarrier_13,subcarrier_14,subcarrier_15,subcarrier_16,subcarrier_17,subcarrier_18,subcarrier_19,subcarrier_20,subcarrier_21,subcarrier_22,subcarrier_23,subcarrier_24,subcarrier_25,subcarrier_26,subcarrier_27,subcarrier_28,subcarrier_29,subcarrier_30,subcarrier_31,subcarrier_32,subcarrier_33,subcarrier_34,subcarrier_35,subcarrier_36,subcarrier_37,subcarrier_38,subcarrier_39,subcarrier_40,subcarrier_41,subcarrier_42,subcarrier_43,subcarrier_44,subcarrier_45,subcarrier_46,subcarrier_47,subcarrier_48,subcarrier_49,subcarrier_50,subcarrier_51,subcarrier_52,subcarrier_53,subcarrier_54,subcarrier_55,subcarrier_56,subcarrier_57,subcarrier_58,subcarrier_59,subcarrier_60,subcarrier_61,subcarrier_62,subcarrier_63
1784538541.7023134,70.3,24.23,35.62,53.39,71.8,34.72,53.91,20.69,62.45,62.67,73.85,59.71,75.27,27.98,22.54,51.51,63.06,64.76,47.12,45.23,64.6,48.06,42.41,78.3,53.65,42.0,43.86,40.75,50.81,22.28,74.93,48.52,50.32,74.97,38.09,73.0,42.7,50.55,66.17,75.01,26.27,64.95,47.6,47.22,46.37,29.06,57.87,67.48,25.58,66.28,77.36,79.23,41.08,76.2,78.43,49.82,44.47,53.34,29.54,24.63,31.3,29.14,66.41,30.57
1784538541.7127037,65.54,56.78,40.83,29.44,60.46,55.53,47.36,49.2,64.94,36.58,65.27,41.42,76.21,63.72,78.35,78.56,76.8,36.45,71.3,55.06,43.35,42.64,64.59,79.54,26.39,49.51,50.76,40.25,67.26,20.33,53.37,46.54,43.38,27.68,28.93,23.14,33.58,22.38,53.62,47.32,46.26,26.11,32.28,41.13,27.45,61.22,68.17,68.46,21.22,60.01,55.4,49.23,29.63,71.73,76.03,44.57,26.66,62.88,32.7,71.62,64.81,67.42,61.93,64.3
1784538541.7230315,53.97,33.9,66.53,66.37,53.44,62.28,43.04,62.34,21.8,66.11,23.13,44.97,74.08,70.98,67.21,49.61,66.56,73.33,49.68,63.64,58.66,35.42,59.67,62.12,53.05,70.81,40.91,40.19,22.53,44.4,56.77,50.62,23.71,73.8,38.2,32.93,55.79,21.9,70.09,55.23,50.35,72.72,50.14,71.33,34.43,41.11,71.09,21.03,21.78,29.34,29.28,66.33,35.39,38.56,37.41,24.06,34.46,31.14,41.78,20.87,68.82,76.7,31.44,63.05
1784538541.7336462,52.29,23.13,41.28,75.02,20.96,29.28,77.14,49.31,51.32,72.51,60.22,58.99,48.3,41.52,45.46,27.87,56.39,37.71,47.63,48.67,67.55,25.86,37.15,67.78,62.88,75.14,48.46,65.65,20.95,21.5,38.62,53.54,45.85,67.46,27.53,59.91,34.95,45.44,49.46,39.91,65.94,70.87,49.12,24.67,44.59,61.13,59.66,76.81,21.76,61.55,42.87,41.35,50.94,38.55,61.14,63.56,28.45,51.59,54.22,64.81,39.18,68.53,26.07,55.24
1784538541.7439528,23.81,59.88,47.15,24.21,51.51,62.45,26.92,37.63,70.45,32.83,79.15,42.75,49.7,39.09,50.16,57.55,45.52,22.01,51.0,29.27,34.35,34.46,41.79,39.68,67.87,32.44,29.18,23.67,50.37,53.13,64.51,59.26,61.14,43.15,73.06,33.04,59.1,25.37,50.95,55.79,30.89,39.0,41.89,33.0,23.99,27.34,66.63,57.07,79.32,23.36,65.55,39.9,40.78,79.7,29.8,33.86,38.0,34.67,62.19,74.32,41.73,43.74,75.06,71.44
1784538541.7542448,47.16,61.22,29.99,71.62,21.36,70.51,77.38,24.51,72.12,29.71,55.03,42.3,36.41,37.91,70.07,74.44,65.68,39.51,27.78,71.43,50.93,57.72,76.83,77.48,68.71,40.72,23.6,20.2,44.14,64.63,53.59,47.78,76.16,22.95,53.65,75.3,71.65,26.75,74.38,77.75,47.45,20.41,60.59,22.23,35.13,38.04,60.92,78.62,48.15,53.27,53.65,27.25,30.47,29.02,57.49,50.11,34.34,26.13,30.34,44.01,21.01,68.47,33.1,75.7
1784538541.764527,41.2,72.12,36.96,55.05,40.74,22.87,26.33,66.71,74.22,63.0,34.83,33.08,52.39,59.39,72.1,63.81,70.42,27.37,38.3,34.1,40.5,40.49,39.24,38.62,79.73,33.74,52.94,57.8,60.5,20.3,56.38,62.56,63.42,44.68,33.68,56.16,36.52,22.37,27.26,35.29,25.88,44.7,22.74,66.23,26.93,26.67,28.59,27.83,75.92,51.35,74.5,76.84,61.93,59.31,37.95,24.72,20.7,49.7,22.98,63.48,76.09,48.25,34.05,78.74
1784538541.7747457,32.18,46.15,49.14,42.95,69.05,33.84,59.66,37.03,43.82,79.43,54.1,33.05,64.82,77.8,20.11,70.81,51.53,62.97,21.82,61.45,76.79,49.73,51.64,51.92,61.89,70.44,65.95,21.71,71.42,38.54,23.82,53.13,41.05,77.06,44.58,32.17,28.49,77.36,68.22,21.83,43.53,43.83,78.93,62.31,51.03,32.58,68.43,58.06,32.04,22.11,40.98,73.69,56.85,29.5,30.69,30.06,49.34,72.09,37.06,78.38,20.6,36.27,73.13,24.04
1784538541.7851167,58.37,67.95,79.16,26.85,26.19,62.11,43.09,42.72,37.23,41.23,25.99,72.17,33.51,41.75,53.09,72.24,50.37,38.8,75.98,38.9,37.2,66.67,41.23,51.22,79.21,32.76,28.67,26.52,77.85,26.63,57.97,68.63,68.5,51.98,27.44,46.31,63.4,72.19,42.57,34.47,68.95,67.78,59.12,43.99,74.55,34.77,59.02,39.66,69.16,49.11,67.51,77.79,45.71,38.9,21.44,40.4,25.32,46.74,45.71,46.39,70.12,46.96,26.52,77.34
1784538541.7954338,50.05,79.37,77.88,64.59,38.62,51.79,35.41,56.09,58.89,55.72,66.14,63.28,31.59,46.23,63.87,43.64,36.49,38.02,67.83,49.53,53.25,69.14,22.01,37.52,57.14,34.95,60.2,47.26,37.61,47.56,38.58,74.88,55.35,49.95,43.38,51.86,29.43,21.52,46.9,52.73,68.73,69.95,78.26,27.21,20.47,57.06,79.68,79.69,53.32,44.97,40.0,32.64,26.53,70.68,59.16,33.44,43.29,46.25,42.88,79.3,21.88,44.52,52.17,72.95
1784538541.8057303,55.59,22.03,20.07,43.1,24.02,50.99,78.35,72.24,26.44,41.6,77.12,39.82,46.83,78.16,73.03,31.85,61.72,21.39,65.22,76.09,50.83,31.05,49.03,45.24,39.49,60.0,68.44,49.11,59.85,28.23,61.82,22.68,78.98,37.61,68.38,72.93,44.46,40.2,39.94,22.94,22.31,20.61,29.07,46.6,67.36,76.3,32.11,76.31,68.32,45.06,71.2,46.05,40.12,20.56,56.88,36.32,21.42,53.36,26.88,28.07,61.58,40.49,66.52,53.81
1784538541.816085,58.97,54.2,60.1,65.64,56.02,61.87,21.72,57.01,63.38,43.77,44.52,20.8,25.14,40.9,73.58,35.51,48.43,24.64,50.45,31.89,72.47,53.67,50.61,64.45,46.03,56.49,25.27,50.47,42.86,33.28,28.44,51.74,21.81,35.02,25.17,45.81,24.61,32.31,34.16,28.96,73.37,37.15,67.07,56.23,73.76,71.03,21.13,24.66,77.6,53.45,79.77,54.56,28.47,69.59,43.6,23.86,29.06,43.97,47.13,26.82,34.4,48.14,47.79,76.23
1784538541.8263195,47.38,36.0,33.68,53.31,59.42,44.09,43.67,43.16,30.82,64.79,20.1,71.01,23.32,76.99,43.41,68.21,58.68,71.72,50.19,45.66,58.93,33.35,59.82,40.61,30.67,40.89,69.08,66.69,69.07,70.09,51.33,56.08,70.0,22.59,70.22,42.15,31.45,50.85,69.79,24.24,57.73,44.2,78.47,58.44,59.42,60.19,40.6,50.01,64.45,76.72,74.32,29.25,61.44,61.42,46.51,72.73,46.6,68.34,76.85,67.67,64.42,55.05,37.38,79.88
1784538541.8366418,55.99,25.88,50.24,47.31,25.29,33.88,24.99,48.0,36.56,78.19,75.14,61.77,38.86,68.53,21.91,35.0,42.23,49.43,79.55,32.23,47.58,57.05,63.34,79.96,67.25,31.67,38.07,59.87,66.02,30.15,41.53,55.5,79.52,62.53,76.06,77.1,77.59,47.8,69.93,54.03,75.53,32.51,64.97,65.1,31.74,20.64,58.85,48.26,38.13,32.65,62.96,67.43,38.14,55.15,45.97,20.95,77.11,32.6,77.83,26.48,51.69,63.36,70.66,60.1
1784538541.846897,75.79,69.24,66.05,39.5,70.85,44.71,77.19,67.51,40.79,69.84,22.61,52.8,47.19,70.6,26.88,21.72,42.17,30.26,72.83,31.29,44.1,66.36,31.23,25.25,21.12,32.22,44.77,40.45,79.64,74.42,79.56,64.21,59.74,71.51,70.49,66.07,51.88,74.04,68.54,67.13,29.44,36.76,43.18,42.16,72.84,28.87,47.37,41.21,37.56,52.49,70.18,58.49,24.17,74.88,38.49,57.65,58.91,26.47,31.6,56.74,55.53,44.28,28.88,45.3
1784538541.8571773,55.38,37.73,53.69,75.3,62.31,72.06,30.85,63.29,32.45,44.44,76.36,78.3,28.47,58.21,39.01,44.38,57.2,30.84,78.81,51.82,54.73,66.71,45.02,72.18,67.65,28.76,31.83,72.44,55.64,74.79,77.92,33.82,50.74,21.86,70.87,57.1,25.74,42.64,35.01,47.79,29.03,21.62,25.64,39.69,30.48,71.52,63.79,73.69,47.14,75.64,73.42,58.88,42.52,45.32,34.52,23.39,21.88,74.42,74.76,39.3,30.08,36.82,51.38,72.67
1784538541.867494,35.31,54.07,74.24,47.55,73.31,74.02,54.0,23.42,51.59,62.22,30.01,26.23,42.27,46.73,52.98,73.78,58.86,35.44,41.88,52.08,39.78,57.2,42.13,33.55,45.71,40.44,25.3,24.44,51.58,28.98,52.89,77.85,58.03,61.78,37.59,40.88,21.05,44.61,22.08,32.06,55.75,20.41,72.51,49.11,28.36,46.21,69.19,63.05,77.04,50.57,34.75,74.09,77.59,57.58,27.97,35.49,62.74,71.48,59.62,54.36,59.53,41.93,36.61,43.84
1784538541.8777425,21.07,28.56,67.3,57.28,36.65,39.95,55.9,54.11,20.35,38.93,47.47,26.25,38.82,35.79,44.03,45.03,66.82,31.45,55.14,75.64,78.59,40.34,74.28,56.67,36.38,20.26,77.18,25.95,75.99,41.54,72.32,79.26,20.14,69.15,72.79,26.49,65.62,34.02,46.39,70.3,37.87,77.47,47.73,37.81,54.57,46.52,55.82,33.08,50.86,52.88,25.96,53.66,75.36,46.09,34.92,62.89,50.27,43.64,61.26,45.84,52.1,33.32,68.28,21.42
1784538541.888036,46.28,54.42,55.59,53.3,77.76,23.9,65.97,42.83,68.37,39.21,40.37,50.24,44.46,26.63,71.35,48.54,62.74,72.09,42.92,45.56,23.06,61.72,60.55,46.25,32.01,50.1,40.58,73.81,62.96,51.47,70.41,71.01,55.49,31.32,26.48,40.01,67.12,47.71,60.23,64.47,56.23,53.48,56.71,22.04,71.94,64.54,46.48,69.25,21.6,47.49,57.77,35.57,31.69,22.83,77.55,20.57,39.05,79.88,34.76,64.94,61.38,55.14,56.48,35.72
1784538541.8984215,40.61,43.05,59.8,60.45,28.76,41.86,33.66,40.86,64.59,74.76,69.08,43.74,71.01,47.84,67.14,70.99,22.27,54.18,47.65,24.95,22.76,60.24,78.53,51.25,78.04,23.54,58.62,67.62,34.93,44.08,58.97,66.29,28.55,36.85,52.04,29.28,27.7,72.01,23.33,59.23,32.35,61.51,76.54,39.2,43.58,28.59,53.08,55.09,44.27,20.09,56.99,21.39,32.21,70.95,40.56,59.27,64.12,60.28,33.85,55.53,30.66,66.44,53.39,20.28
1784538541.9086435,20.44,36.09,29.47,50.57,59.02,55.56,72.56,63.93,73.81,68.91,29.99,38.76,55.59,64.25,63.65,27.48,44.96,34.79,65.87,79.85,42.65,23.52,34.0,57.99,23.31,76.22,40.28,42.7,37.72,59.29,55.26,39.04,40.81,20.48,29.15,73.96,57.53,27.38,29.38,66.73,24.82,31.39,40.41,49.96,36.0,21.25,31.79,59.59,53.6,68.32,38.35,38.71,60.07,56.58,42.55,27.3,25.36,48.11,36.68,45.66,39.99,62.49,20.48,25.46
1784538541.9188926,51.51,60.89,71.87,66.87,38.86,64.87,72.69,22.46,60.28,69.09,61.03,48.67,41.5,23.96,35.0,26.61,49.79,68.25,57.73,25.88,22.48,73.23,52.93,47.33,24.42,62.62,37.93,51.25,33.18,48.23,43.23,48.48,62.26,63.28,64.9,48.42,22.88,26.46,77.02,61.01,20.73,49.45,62.95,38.56,60.69,56.86,45.38,24.91,75.29,63.84,54.36,43.62,35.64,79.98,36.28,45.2,32.59,76.12,65.71,34.69,37.94,22.99,31.27,53.34
1784538541.9291823,52.86,60.35,58.53,69.95,24.79,58.42,70.54,55.01,60.67,74.64,77.14,65.74,26.96,57.37,29.93,39.58,22.33,30.2,75.04,38.27,24.63,73.47,44.63,33.24,30.97,28.02,73.13,63.0,36.35,51.36,26.88,35.51,47.97,38.97,43.87,32.77,41.03,33.65,55.54,47.93,76.45,61.87,32.8,25.69,29.28,50.24,42.13,41.53,59.45,51.18,60.67,21.55,65.51,36.75,36.11,51.87,57.97,58.98,39.49,47.94,25.42,21.62,76.52,79.0
1784538541.9394615,36.05,29.64,75.42,37.74,60.34,75.61,52.54,44.85,52.02,62.51,77.77,71.98,41.19,43.48,57.14,31.76,40.03,64.59,20.07,44.19,32.54,73.07,28.67,59.0,64.96,38.88,22.05,49.13,79.02,34.33,30.54,76.4,78.54,39.36,27.78,46.84,70.94,45.92,45.39,68.18,55.82,53.13,36.16,34.81,78.81,25.07,51.91,38.48,32.67,67.97,68.98,49.31,78.36,52.28,77.61,47.51,53.05,26.52,23.38,44.86,48.78,57.92,78.55,61.47
1784538541.949697,46.38,22.2,47.14,71.0,56.82,20.17,72.45,57.41,68.18,27.06,77.46,39.45,33.85,60.1,48.12,36.05,48.36,28.75,23.53,54.5,34.15,50.43,73.39,65.16,73.54,44.84,53.44,32.57,57.48,29.77,23.04,66.06,79.06,32.78,70.12,44.2,26.19,79.81,25.8,78.85,79.19,57.12,34.54,61.41,46.28,38.48,50.4,49.0,45.45,59.98,57.0,55.12,37.61,37.19,20.02,27.19,72.27,46.82,48.59,51.13,62.99,30.61,65.57,27.63
1784538541.9599833,32.36,64.06,69.63,78.02,74.5,23.35,48.22,48.16,33.52,59.65,79.81,79.96,39.55,64.42,80.0,61.59,71.07,68.73,23.0,36.51,38.48,38.43,66.34,25.65,39.94,59.91,71.08,49.5,39.02,69.98,46.61,20.5,41.48,20.1,53.13,50.22,47.01,25.13,61.71,53.77,72.3,31.11,52.93,77.69,47.04,55.34,46.89,27.74,51.28,22.12,28.17,53.24,41.55,27.86,33.91,25.25,23.11,58.79,61.64,53.61,31.0,27.34,64.93,35.77
1784538541.970341,76.26,39.05,74.06,25.32,58.41,29.93,44.53,79.89,60.72,75.06,37.54,22.08,24.06,73.66,66.77,51.95,55.18,48.37,38.59,25.82,56.71,58.22,79.39,47.6,44.61,61.53,57.4,40.35,36.68,29.27,53.74,54.83,38.63,21.76,66.19,46.89,79.64,75.61,38.85,47.56,35.11,55.23,25.56,37.71,33.29,29.22,75.37,61.74,65.56,64.21,66.93,40.1,29.95,26.05,41.01,29.44,67.04,44.57,22.6,58.21,58.97,22.7,29.26,74.36
1784538541.9806445,25.68,63.7,32.83,23.99,63.54,30.52,23.04,79.03,72.54,65.75,64.05,32.14,32.81,41.47,66.95,58.99,50.29,50.71,66.96,52.73,72.02,39.87,69.6,32.35,78.9,70.87,26.79,49.78,64.25,61.09,37.59,26.43,41.84,44.67,22.6,20.0,47.57,57.25,43.9,72.62,60.8,59.18,70.21,66.46,61.53,26.81,69.06,49.07,43.27,48.83,46.72,63.64,62.82,49.81,65.51,72.8,78.03,78.48,42.52,74.16,75.05,62.0,44.97,65.24
1784538541.9909012,30.02,71.31,22.05,32.58,62.19,37.71,30.24,23.74,21.67,21.33,57.64,66.59,71.07,42.84,67.28,63.11,27.66,65.14,70.52,54.88,57.15,37.48,40.68,45.3,71.53,32.67,33.16,63.87,38.95,54.33,79.05,58.95,30.86,21.37,51.46,39.66,23.48,39.14,57.5,23.59,45.46,41.88,32.02,40.42,24.27,51.55,25.06,66.36,34.88,71.65,46.33,45.05,36.17,28.28,67.14,74.82,25.26,33.71,46.47,50.12,23.51,21.58,25.82,30.28
1784538542.0011826,36.52,43.43,28.72,27.66,24.95,26.78,33.03,51.04,54.5,52.54,54.34,71.32,67.01,72.01,62.02,64.5,36.79,32.76,40.52,45.92,24.92,33.08,33.95,29.25,45.82,43.96,65.54,66.24,71.09,20.06,41.75,71.27,47.22,26.17,20.13,60.18,36.12,63.86,24.11,51.28,69.35,42.84,50.26,28.86,57.01,72.02,37.06,45.53,56.77,67.56,22.72,67.37,60.75,44.21,69.91,62.67,62.63,30.92,21.01,42.9,63.47,36.81,23.67,56.14
1784538542.0114768,78.06,42.51,51.36,76.75,21.23,39.47,44.34,36.7,77.31,65.3,67.9,52.39,77.77,22.96,42.42,61.03,59.28,69.1,74.14,75.64,48.85,43.07,64.28,41.0,76.74,57.27,53.9,43.53,49.08,54.15,78.37,37.54,55.92,34.94,61.65,66.8,73.35,60.43,46.43,47.27,28.85,69.9,43.9,34.61,50.42,66.79,50.75,56.2,56.64,71.62,53.57,36.13,59.3,76.41,32.29,46.77,55.8,49.19,74.17,32.27,46.74,22.28,32.74,52.16
1784538542.021759,22.93,39.42,38.14,54.2,28.56,23.33,40.01,73.45,34.58,38.8,22.28,78.77,49.07,26.49,38.69,63.41,74.82,28.27,75.18,60.51,41.95,43.59,57.09,49.97,50.18,26.75,76.16,21.14,21.06,73.01,20.9,35.81,73.95,48.06,40.47,21.83,61.96,71.45,47.39,70.16,29.73,41.23,34.78,47.17,68.68,77.95,54.96,42.84,72.08,67.67,22.57,61.3,76.03,22.18,71.62,53.37,65.69,59.94,29.75,65.89,27.1,29.03,31.36,71.69
1784538542.0320275,64.14,68.03,71.38,71.85,36.36,43.3,32.01,54.26,24.36,24.39,41.71,51.44,53.71,25.33,65.45,28.12,63.21,23.81,27.39,62.48,61.96,20.05,44.94,41.78,60.73,30.3,35.98,33.19,46.77,39.54,35.5,40.48,67.06,32.92,43.91,57.45,33.36,74.75,43.72,45.33,67.95,74.59,47.23,38.53,62.13,76.37,54.89,78.76,28.09,57.12,32.54,22.3,27.65,60.53,73.81,30.62,70.31,59.14,30.73,76.94,36.29,68.13,29.91,37.87
1784538542.0423691,50.96,78.33,29.74,52.4,45.24,56.07,31.09,35.73,65.16,32.37,39.57,31.62,22.52,60.56,24.37,54.83,35.8,46.1,69.52,53.49,66.74,62.8,27.43,62.91,77.16,58.61,48.11,58.47,72.94,20.03,53.81,29.38,37.65,78.17,66.53,45.42,59.15,57.3,49.23,79.62,50.07,66.91,53.14,55.38,38.38,60.5,42.98,66.81,50.18,67.49,45.65,58.48,41.01,61.04,32.12,64.47,49.3,53.39,76.52,48.89,47.76,33.25,20.68,74.1
1784538542.05262,27.95,73.08,20.41,40.05,71.11,31.3,31.5,42.12,60.39,71.76,21.2,63.59,27.33,56.84,76.52,23.52,58.07,65.66,40.2,79.41,23.58,60.32,47.88,54.31,50.6,65.09,32.96,46.86,46.97,51.67,63.21,42.62,48.72,61.27,31.91,35.92,44.32,76.39,56.99,61.7,27.27,79.2,41.9,27.76,45.3,28.24,55.79,20.71,51.88,27.98,43.19,38.42,67.33,73.11,77.89,57.02,68.34,38.88,58.45,48.08,66.25,51.69,42.12,28.71
1784538542.0629451,27.46,29.97,39.36,77.04,61.23,20.25,40.66,69.08,73.77,59.61,71.15,39.83,21.24,41.15,47.5,60.62,69.05,48.67,44.53,49.3,30.81,69.59,45.26,70.86,27.09,68.18,45.08,22.92,48.04,26.24,29.97,44.56,28.15,32.72,31.89,59.55,54.08,71.08,76.57,49.26,37.26,57.11,68.23,37.75,77.92,27.31,36.38,63.31,49.46,35.29,61.43,38.55,25.24,38.04,64.92,57.64,63.59,76.62,75.19,30.79,43.52,40.76,47.53,60.88
1784538542.0733018,61.67,40.61,64.41,40.93,65.39,22.82,48.94,31.76,60.84,71.69,47.25,70.2,65.44,31.81,75.64,26.65,24.93,47.33,35.58,70.51,44.98,57.75,69.49,58.38,31.51,28.39,46.66,79.94,44.36,22.4,32.42,77.96,76.18,20.29,64.52,36.36,64.63,27.54,47.63,32.47,37.01,75.18,74.71,34.92,40.43,63.28,60.57,71.19,49.89,72.39,47.54,33.14,58.58,58.39,34.88,69.83,20.93,59.19,26.99,74.77,39.12,38.37,68.29,21.65
1784538542.0835595,39.14,48.48,65.55,73.95,53.37,45.3,27.79,46.17,58.66,63.88,28.94,32.56,34.52,43.78,37.73,32.71,46.44,78.79,24.59,79.7,65.79,54.59,74.21,63.04,62.97,38.34,64.47,34.56,36.16,77.07,23.69,40.89,58.3,66.46,43.59,43.66,35.39,55.92,57.9,71.28,61.56,60.77,41.06,50.27,21.52,38.23,72.23,31.64,74.91,72.08,25.51,30.1,58.87,37.92,28.0,59.97,51.28,51.65,69.78,78.83,54.59,38.59,21.15,31.19
1784538542.093842,23.85,59.96,66.09,25.92,57.93,72.56,47.79,74.27,20.77,34.24,40.89,79.31,76.59,25.86,63.26,53.92,58.38,67.57,59.9,49.83,26.44,22.32,39.26,39.24,72.67,56.08,39.43,32.5,20.25,61.13,59.84,46.24,72.67,67.43,32.73,30.81,20.3,59.31,23.35,75.52,52.66,75.62,47.45,63.49,56.13,60.72,37.16,54.37,54.03,53.54,58.5,46.29,55.23,63.76,33.69,26.34,21.52,44.76,57.5,51.02,30.48,43.3,74.47,71.15
1784538542.1041842,29.89,23.67,27.28,70.52,64.1,60.34,27.78,26.37,24.87,22.48,36.18,73.88,63.9,71.98,38.07,62.84,65.84,30.63,75.27,24.67,56.9,44.14,44.47,50.72,53.18,60.11,43.47,56.33,69.04,22.39,34.82,24.41,30.91,54.56,29.88,32.33,33.7,45.85,29.81,69.45,58.27,25.25,42.75,29.99,65.64,44.58,23.3,21.16,21.58,39.64,58.89,76.12,47.21,29.48,67.88,72.88,25.83,31.59,47.84,43.89,50.66,42.39,62.95,21.06
1784538542.114431,52.19,69.44,34.72,24.46,51.51,68.53,54.02,71.47,56.0,60.93,22.25,24.33,41.44,24.03,51.29,71.68,20.33,43.63,37.7,51.41,25.46,24.06,60.89,73.88,30.49,68.18,43.71,20.98,64.6,79.4,44.49,52.73,32.8,76.36,22.84,23.05,46.97,46.25,25.4,67.4,27.93,70.31,43.59,50.3,39.29,45.36,63.25,56.67,62.65,44.37,31.14,46.48,59.55,20.34,78.89,77.48,41.37,50.12,43.46,53.04,48.16,75.01,75.29,35.52
1784538542.1247106,44.37,31.26,49.53,70.01,56.79,72.92,44.07,39.66,31.29,54.99,37.18,45.83,44.02,71.88,28.3,39.08,47.37,54.64,34.44,77.81,29.03,62.62,43.09,51.59,49.17,41.34,56.65,20.43,64.83,57.92,75.78,48.69,60.36,20.92,68.35,39.77,67.19,21.27,35.98,64.01,30.58,29.08,25.83,58.65,24.11,47.49,40.19,70.72,71.1,31.93,49.86,33.15,43.95,60.2,78.03,33.11,68.38,67.52,69.0,36.69,65.0,40.19,35.62,24.54
1784538542.13494,38.16,62.99,27.58,52.52,61.44,43.6,78.07,21.77,51.04,68.2,72.41,56.74,77.92,45.72,67.54,21.92,24.9,37.35,45.3,56.91,50.29,27.51,38.38,41.52,58.25,39.22,22.76,27.02,79.29,32.34,54.04,72.91,79.38,62.32,57.58,70.51,60.21,30.97,78.03,26.86,78.71,76.1,26.72,61.78,27.8,44.1,49.92,26.71,31.18,71.6,68.87,46.99,49.38,23.77,27.51,27.09,39.68,53.72,31.01,76.97,58.41,62.95,30.6,61.15
1784538542.1451952,78.14,45.68,78.57,23.64,43.1,70.49,39.76,51.51,24.2,73.25,67.4,59.67,65.36,59.96,46.57,49.4,27.42,46.56,50.03,39.99,74.41,26.24,71.07,77.92,40.34,47.03,27.73,31.84,56.31,20.4,63.1,34.37,36.58,54.21,20.06,22.75,50.75,29.75,62.12,76.62,40.24,24.6,30.73,20.35,32.16,68.01,60.4,29.49,35.68,51.23,37.6,79.68,63.79,32.98,78.56,79.31,20.67,78.41,59.08,72.89,60.47,26.43,33.98,64.06
1784538542.1554675,52.6,23.47,24.41,35.29,27.41,24.24,39.71,69.23,28.47,66.14,73.45,39.99,65.56,41.22,45.23,79.71,77.01,22.25,37.3,56.14,22.78,35.98,47.05,47.11,42.88,62.56,58.55,73.97,73.63,50.29,24.52,42.84,44.38,24.96,69.91,76.98,21.54,40.53,25.14,35.0,37.9,53.59,54.42,67.1,76.49,58.54,63.99,26.12,57.21,55.43,33.46,61.39,50.69,38.78,71.59,71.68,64.67,39.17,64.17,58.83,66.49,32.24,40.6,68.64
1784538542.1657126,72.72,20.84,38.84,71.36,58.94,67.57,23.2,43.71,49.91,46.49,37.91,72.05,61.53,67.64,75.32,26.77,64.19,78.62,78.8,64.98,25.35,49.61,21.88,54.27,63.6,54.27,63.91,56.85,31.88,42.13,21.82,78.28,55.89,57.04,61.19,49.0,63.82,42.03,42.42,31.48,69.13,39.29,41.47,22.65,55.66,53.14,74.11,23.81,77.72,40.44,69.21,30.69,20.99,30.36,62.53,76.79,70.43,69.99,38.22,70.86,27.18,33.64,50.04,61.97
1784538542.1759899,24.25,67.8,52.09,36.98,26.8,41.1,41.0,76.53,46.99,48.71,60.69,62.9,60.6,53.23,45.0,34.81,79.6,56.65,68.99,22.56,37.21,25.27,27.78,21.23,29.72,69.39,59.79,63.96,43.0,63.31,21.48,42.25,79.23,72.21,37.22,36.06,26.16,57.44,51.13,39.78,44.43,26.76,31.29,45.65,67.38,26.2,59.05,72.41,22.96,56.46,38.74,34.24,68.46,32.74,39.83,29.27,55.23,27.72,54.9,51.94,32.81,57.22,32.03,77.13
1784538542.1862957,61.63,66.65,78.94,53.14,63.8,46.75,40.9,51.55,66.7,50.68,30.19,76.89,22.63,49.45,72.67,76.67,67.55,67.88,49.58,30.96,46.78,76.74,79.11,40.44,76.8,21.36,79.36,52.24,53.5,33.72,71.08,27.0,68.89,54.59,37.99,20.93,25.81,29.82,77.93,49.5,29.38,77.09,55.57,46.96,39.21,53.63,47.06,31.73,58.91,22.61,24.95,20.31,62.38,21.74,53.34,24.51,46.81,58.15,37.7,60.08,78.68,67.35,36.06,51.35
1784538542.1965694,69.59,27.64,42.56,56.74,35.35,54.15,60.41,36.96,49.86,77.96,27.68,29.84,35.6,51.36,58.4,52.52,64.39,51.19,24.14,69.27,47.32,66.19,54.19,51.92,47.45,78.75,26.82,24.63,78.05,72.26,79.25,46.48,69.36,47.91,64.08,76.68,32.49,68.14,71.97,25.08,46.57,36.41,39.16,73.66,44.71,73.65,53.39,45.54,21.86,44.88,38.61,27.59,34.02,65.76,73.67,66.62,58.47,54.8,45.36,61.46,46.11,29.15,23.82,50.86
1784538542.2068765,26.76,65.95,68.69,61.46,29.03,28.06,63.53,54.4,78.6,51.09,78.58,39.56,58.88,48.6,30.84,39.64,39.44,38.95,71.03,73.55,36.45,51.01,57.26,31.61,32.42,24.43,50.49,20.56,70.44,37.43,69.07,33.95,74.69,63.87,50.73,38.71,57.84,72.27,75.8,63.07,54.4,32.5,50.09,69.43,51.99,67.24,64.12,20.39,77.33,23.82,62.82,30.47,34.29,76.84,56.8,24.75,65.86,39.25,41.35,67.84,77.3,60.62,63.66,70.49
1784538542.2171764,45.04,60.73,21.91,74.49,65.16,37.53,53.58,45.88,64.79,25.51,38.63,30.0,55.23,32.58,38.07,51.53,32.56,36.72,42.05,75.32,58.51,68.39,60.34,57.51,59.61,60.05,24.46,50.35,47.71,77.0,41.33,76.88,70.97,36.33,67.38,60.88,32.05,44.44,79.37,76.62,50.23,56.37,23.55,20.75,73.67,44.37,65.98,52.64,48.94,58.91,37.13,57.63,48.94,30.11,70.46,38.36,70.27,55.67,45.46,56.85,58.73,73.48,52.53,62.3
1784538542.2274952,76.91,72.5,58.47,71.62,64.9,68.4,26.34,42.46,20.14,50.01,77.13,37.51,35.01,57.62,65.17,79.56,71.84,25.83,36.06,78.77,63.02,59.39,53.42,37.13,79.93,32.71,75.87,44.73,58.99,47.33,33.45,45.75,42.11,46.92,70.38,29.77,26.99,42.13,65.56,28.59,77.04,76.36,41.44,21.0,64.79,73.46,66.74,35.01,63.58,62.61,22.06,22.33,36.04,41.84,77.15,21.17,67.65,44.93,20.77,56.58,28.36,59.27,64.63,51.54
1784538542.2377894,74.87,26.04,70.38,73.99,36.74,78.73,78.92,28.61,23.2,22.79,76.73,62.86,60.0,63.04,38.39,23.28,21.14,62.56,38.39,48.02,78.18,40.37,43.27,46.62,63.7,71.13,58.43,34.19,29.78,34.86,36.44,22.84,46.03,23.7,51.83,34.42,60.41,32.66,64.38,71.99,21.65,70.63,25.84,68.3,40.04,60.01,52.28,61.81,33.79,45.78,77.69,38.66,30.87,72.59,27.93,38.42,55.11,79.09,73.17,31.31,73.49,42.68,22.5,74.64
1784538542.2480905,51.13,69.68,36.16,69.0,21.14,57.57,34.98,28.76,46.5,43.07,34.02,42.41,52.03,40.26,77.18,37.57,27.73,41.17,30.59,38.41,68.37,40.46,22.04,29.93,28.41,57.51,69.37,73.6,25.24,22.49,70.5,41.1,58.43,59.2,45.56,31.63,59.23,35.24,41.49,35.19,63.07,73.86,34.31,58.16,62.66,50.94,65.68,34.05,29.56,56.67,43.71,78.75,46.53,33.15,45.67,58.92,71.96,76.24,32.45,69.6,27.8,67.05,32.23,67.51
1784538542.258357,21.89,75.21,58.41,64.58,35.59,29.33,60.58,36.66,75.48,20.64,61.32,52.17,58.7,53.8,41.83,60.52,49.51,23.38,65.83,70.79,76.73,42.32,76.86,77.89,62.16,31.98,40.79,53.45,61.72,60.26,66.98,30.3,65.57,50.3,47.75,74.82,37.37,75.87,28.18,79.28,55.25,65.21,64.01,59.7,73.87,43.1,45.31,53.7,65.39,74.91,40.49,20.47,32.5,30.75,60.79,26.03,71.11,21.93,25.43,22.79,38.81,44.35,20.57,30.78
1784538542.2686505,28.59,71.77,51.41,69.08,76.66,59.56,74.48,61.08,45.93,68.62,70.91,49.64,56.66,56.44,74.01,59.24,63.59,55.01,52.85,24.32,69.29,57.04,31.12,53.64,60.9,39.83,55.56,77.29,48.02,71.45,53.54,50.11,30.65,51.15,41.44,31.1,33.32,40.02,60.04,29.18,32.58,39.97,46.62,48.86,70.79,78.08,70.23,44.34,31.06,50.44,24.51,63.08,64.34,49.41,51.33,31.39,64.98,60.29,21.05,43.92,52.62,32.17,33.23,55.61
1784538542.2788963,71.65,56.76,63.42,40.82,29.14,22.98,43.34,63.79,30.07,55.53,20.64,61.78,29.27,36.46,54.52,27.53,50.24,43.95,33.15,67.43,34.73,54.02,38.84,69.2,58.03,31.31,35.26,67.15,33.2,60.3,31.34,42.27,56.67,43.49,57.44,44.7,69.95,26.6,25.65,55.41,75.39,53.08,29.34,22.44,73.34,23.02,43.05,56.23,28.84,80.0,58.88,60.51,70.59,79.23,38.59,24.32,69.43,50.49,61.44,68.79,26.45,32.13,73.24,55.41
1784538542.2891817,45.59,62.75,25.16,40.4,61.69,40.57,26.95,23.7,48.23,39.05,48.54,37.57,36.61,28.14,70.38,48.24,32.53,62.43,45.15,49.68,40.53,63.08,20.72,25.43,52.03,50.96,52.6,46.99,40.7,27.91,74.18,68.06,56.72,49.32,64.74,45.37,30.05,67.49,53.06,47.13,76.86,27.26,76.21,62.36,66.83,60.72,24.12,64.35,50.77,72.61,70.02,26.28,76.97,50.66,49.82,56.39,31.17,58.21,46.4,60.56,35.5,30.33,37.25,33.94
1784538542.2994478,47.67,43.74,43.76,68.26,44.63,46.76,67.11,23.59,31.75,52.86,51.83,73.1,36.58,24.6,72.05,40.2,68.26,25.18,28.62,69.7,54.56,67.36,67.27,23.62,31.76,61.48,68.64,54.34,23.53,72.37,40.27,28.55,76.24,28.24,79.62,41.92,79.79,73.28,73.59,71.54,22.03,65.64,78.36,77.37,49.34,46.52,77.43,41.13,30.36,61.71,60.73,40.67,44.58,49.41,42.74,73.58,57.27,78.73,33.72,65.0,34.85,26.82,39.44,68.85
1784538542.3097436,28.05,74.21,22.27,42.75,45.75,35.48,33.14,37.24,41.43,43.29,38.25,22.78,28.95,30.79,79.64,52.09,56.13,33.45,64.48,33.16,56.9,43.17,61.38,46.78,33.98,35.16,49.3,32.68,38.17,52.72,60.0,34.9,42.03,67.4,77.99,51.95,29.81,44.42,63.56,60.15,64.73,34.63,73.45,76.98,37.66,68.48,25.06,49.1,59.54,52.25,35.76,44.84,24.26,30.72,41.14,61.33,71.11,29.9,70.21,20.74,53.83,41.13,52.44,28.17
1784538542.3200362,40.27,26.8,54.04,30.79,74.16,50.88,68.96,49.62,75.04,65.07,52.81,41.21,43.51,59.94,64.09,64.6,43.66,60.38,68.11,60.83,67.3,26.54,58.72,76.82,56.99,59.47,33.28,50.63,71.97,42.67,22.75,60.19,30.56,77.43,64.38,22.54,23.77,26.73,55.92,36.92,36.12,71.94,40.0,71.08,46.2,26.13,20.59,54.67,72.53,36.59,73.09,55.31,62.55,24.07,57.99,29.7,63.36,77.3,38.66,20.02,59.75,62.87,42.36,75.25
1784538542.3303154,31.73,58.23,37.68,53.42,63.75,48.5,69.58,64.91,24.14,49.98,59.12,27.98,35.2,72.79,76.79,68.67,28.05,62.68,29.52,58.97,51.75,55.32,74.09,43.04,38.63,62.2,28.0,38.57,71.12,28.34,73.72,29.26,56.55,52.54,74.23,44.19,34.97,23.53,58.37,79.64,30.23,48.33,52.5,63.19,69.1,57.11,40.93,64.91,50.16,48.17,25.89,66.48,71.29,27.04,38.01,31.56,46.07,22.07,41.48,45.15,49.12,38.8,42.55,64.51
1784538542.3405886,53.55,49.11,67.57,48.26,36.89,61.87,69.31,63.16,25.06,60.03,31.16,48.55,54.11,31.63,32.63,65.84,44.4,64.58,53.36,68.52,33.76,58.57,39.61,48.15,72.89,57.82,67.78,79.98,30.93,31.95,70.36,29.94,57.1,55.76,68.1,64.32,68.15,71.4,71.97,43.33,39.8,59.27,59.09,30.49,44.56,71.12,47.65,39.75,44.55,48.27,55.5,78.19,24.47,38.51,22.52,40.99,40.77,62.83,31.3,67.44,68.55,55.74,64.45,58.97
1784538542.350848,48.61,71.49,26.58,55.94,48.37,32.28,42.19,43.59,55.44,49.32,63.64,64.85,23.52,68.9,67.68,21.32,65.1,25.94,55.2,78.87,40.43,25.98,52.71,50.64,67.17,40.57,30.62,49.51,42.11,56.59,54.32,38.71,39.21,66.21,49.87,24.83,47.87,69.62,53.22,55.78,39.87,34.36,68.41,73.13,30.66,50.95,64.39,24.31,32.48,53.23,28.65,42.15,22.69,71.24,24.75,69.67,63.48,72.95,74.25,29.13,76.78,31.57,77.31,24.47
1784538542.3611367,28.78,43.29,64.15,48.92,77.93,31.98,51.66,39.02,41.51,57.65,74.52,53.14,43.01,63.0,70.64,74.08,21.43,69.49,24.32,74.5,49.12,51.23,44.99,64.61,32.36,69.64,56.91,50.71,53.04,49.97,70.79,53.07,67.44,47.79,63.47,58.42,52.02,32.59,68.94,43.47,25.45,51.79,21.3,24.66,76.34,30.78,23.98,34.44,60.7,54.99,32.36,72.08,34.67,42.83,68.2,43.48,54.55,33.88,31.3,54.55,57.35,52.54,52.85,42.34
1784538542.3714054,38.17,64.05,57.31,38.6,26.29,62.03,38.81,52.0,37.52,47.25,54.92,35.44,51.66,37.97,64.57,28.12,76.7,71.98,31.84,64.84,37.04,67.62,45.31,60.91,61.14,29.74,27.95,33.97,52.15,64.92,54.95,53.98,60.32,78.66,74.03,25.67,68.32,22.13,24.44,32.51,39.39,20.54,34.87,45.2,67.04,67.67,26.12,27.81,26.84,50.63,40.87,51.46,38.3,57.28,34.46,37.24,76.32,55.76,59.5,51.04,37.34,71.86,59.48,54.48
1784538542.3816588,68.51,36.71,77.76,68.31,59.12,74.3,30.01,41.41,62.52,63.85,42.91,21.48,32.58,60.38,20.82,66.04,46.5,57.76,76.32,61.3,59.03,74.31,55.93,79.39,48.56,23.16,40.59,39.21,71.36,54.17,60.64,53.99,53.86,36.32,31.33,44.68,64.31,66.52,64.37,61.2,75.21,38.6,24.47,73.64,61.17,54.54,31.49,56.7,41.77,26.13,22.96,66.76,29.75,28.85,40.53,65.72,22.79,51.69,20.87,45.29,28.54,79.2,70.02,79.6
1784538542.391938,69.9,21.54,36.05,79.33,42.73,74.57,57.81,25.55,20.76,79.32,71.5,59.69,41.88,23.39,59.71,75.77,73.46,70.64,60.88,54.01,58.81,34.05,58.27,35.99,43.35,48.87,44.44,45.0,23.52,32.65,74.66,66.25,34.32,47.16,43.84,20.54,40.1,62.85,43.52,31.78,55.61,56.91,68.0,27.45,72.07,20.48,55.08,59.15,57.28,67.35,69.01,64.99,48.06,42.73,61.98,54.11,65.07,67.91,30.85,52.99,77.98,21.65,78.62,48.32
1784538542.4022155,51.28,62.69,30.48,31.72,77.77,21.68,37.1,26.14,72.97,77.72,77.0,59.69,44.12,68.25,68.14,56.84,26.15,77.48,64.81,30.74,52.12,22.77,73.5,74.99,38.74,25.73,79.39,49.36,72.1,42.14,66.9,37.32,69.12,36.36,28.74,55.97,55.05,44.9,42.45,39.16,52.95,51.71,56.65,45.12,58.11,26.16,45.66,21.76,40.79,25.17,56.45,70.13,68.61,38.41,74.2,37.45,39.26,66.33,68.29,23.03,58.7,61.54,47.43,27.06
1784538542.4124837,23.76,49.39,68.65,23.55,35.63,44.01,75.64,26.2,70.31,72.71,28.73,73.64,60.36,72.41,23.07,51.27,28.96,20.11,23.71,44.93,37.81,61.96,59.42,50.2,23.51,62.85,76.72,62.08,47.1,51.48,60.63,25.27,39.32,66.07,27.69,77.98,26.71,21.89,49.24,34.67,48.98,37.4,56.94,22.33,34.02,52.77,78.19,75.9,46.79,78.45,22.81,67.01,30.09,33.5,45.69,27.39,55.12,23.7,56.62,26.63,58.09,28.15,34.9,23.59
1784538542.422751,79.91,55.2,63.22,58.75,42.19,70.52,75.93,39.79,27.67,64.02,58.37,41.59,36.68,44.06,52.39,64.52,55.91,33.03,23.62,68.58,58.4,29.38,36.08,66.24,74.8,54.83,43.03,41.23,26.6,69.47,75.14,62.4,48.02,40.33,71.8,55.42,36.74,68.22,75.49,60.34,24.32,29.01,52.13,45.18,51.2,36.5,45.38,29.41,45.32,73.37,61.99,47.39,32.65,78.28,30.54,28.78,45.47,72.84,79.64,55.49,73.35,42.14,59.53,74.1
1784538542.4330091,23.36,75.58,21.21,21.74,67.13,78.64,75.17,37.89,42.95,73.36,71.28,44.95,57.09,76.72,44.0,42.24,21.09,54.42,40.63,47.5,75.74,20.04,58.6,72.28,29.69,75.88,79.34,41.34,61.27,44.05,65.54,26.23,75.29,33.8,27.89,28.31,45.84,71.18,54.76,32.11,55.64,41.45,57.65,74.56,48.05,68.99,24.01,42.54,71.04,28.2,63.08,43.36,29.07,66.79,76.15,71.58,46.34,72.97,27.19,29.49,41.3,21.36,51.84,73.76
1784538542.4433753,43.26,56.67,65.46,41.18,59.04,38.88,50.9,61.92,55.56,26.49,74.89,51.34,57.81,29.05,68.38,66.23,51.66,58.68,36.87,38.07,43.4,77.82,38.81,51.46,79.88,66.71,37.27,55.86,33.26,79.03,50.54,48.39,79.31,53.84,74.21,70.25,25.2,31.73,72.45,73.36,45.22,40.37,65.21,45.57,58.62,42.91,49.44,37.8,71.36,26.97,44.83,30.85,41.59,40.6,48.61,66.42,58.8,74.8,28.8,28.03,25.9,54.29,79.14,70.42
1784538542.4536748,38.95,38.72,22.81,78.54,36.76,64.97,30.21,68.81,78.86,78.76,77.1,68.73,20.21,73.38,35.28,70.48,67.14,37.99,47.73,25.48,50.34,59.86,66.16,44.16,59.41,75.63,67.33,72.31,37.23,68.33,50.09,76.74,73.85,52.14,36.47,41.72,67.76,35.4,34.57,60.24,52.06,53.15,29.03,79.52,50.39,62.87,53.94,55.34,73.01,67.43,46.42,25.47,20.68,37.13,63.19,30.2,47.05,36.69,61.16,76.63,48.11,64.98,58.49,38.7
1784538542.4639792,37.24,22.87,30.73,42.84,28.31,51.9,55.43,48.12,38.94,34.26,43.16,32.47,42.88,39.51,45.95,23.64,21.76,57.05,38.99,60.61,60.92,71.76,33.25,56.21,34.74,20.16,22.35,46.79,42.05,34.61,32.35,64.36,66.77,50.24,62.77,58.23,72.92,22.57,78.03,41.32,74.1,37.11,60.07,54.56,69.72,43.34,71.99,59.73,32.79,60.43,45.82,57.77,25.8,51.1,32.48,34.66,29.19,41.69,71.53,66.71,56.92,53.54,35.8,36.21
1784538542.4742882,58.14,25.61,29.33,43.63,50.03,60.61,74.77,41.94,70.53,25.77,42.75,28.91,65.14,51.54,67.35,32.51,35.93,41.12,66.73,36.61,79.84,79.68,33.56,77.15,36.56,23.07,59.23,49.24,59.68,68.73,22.27,73.35,26.52,74.37,20.94,43.49,30.81,52.24,32.22,70.45,56.39,78.35,45.39,39.73,49.68,43.88,75.68,34.01,68.45,35.95,65.08,30.28,24.38,70.28,47.52,78.29,76.25,26.52,23.11,64.57,70.83,56.13,30.58,69.23
1784538542.4845557,53.29,61.54,39.93,77.92,57.39,24.02,48.77,57.41,69.38,78.39,49.7,73.04,49.38,68.86,69.35,43.63,35.94,49.5,71.55,60.56,35.71,54.5,79.77,57.65,54.67,39.43,31.72,36.21,79.04,49.54,38.1,68.55,30.98,66.67,61.03,58.68,75.41,73.27,77.85,65.75,63.44,60.78,57.71,59.35,55.8,29.99,29.1,20.22,34.26,71.7,37.12,60.05,33.19,71.32,28.21,65.84,68.92,79.84,62.99,50.31,25.88,41.28,51.26,71.73
1784538542.4948025,23.02,33.65,68.03,66.25,29.09,62.8,73.46,47.52,26.61,50.74,66.44,29.47,37.61,28.0,79.4,30.03,61.71,39.89,32.4,28.89,79.58,59.09,65.59,64.2,62.08,69.21,56.84,28.32,67.82,71.38,73.06,72.14,36.42,51.52,20.22,50.13,57.4,38.39,75.7,77.65,51.15,68.83,29.85,72.61,36.04,20.32,60.1,52.45,28.43,73.72,61.93,38.97,34.82,74.61,54.92,77.3,69.38,47.85,43.74,70.74,71.41,56.19,43.7,50.06
1784538542.5051017,37.18,70.19,71.71,40.64,32.37,52.23,67.63,42.95,75.53,60.13,36.91,47.18,71.04,36.21,54.91,41.39,28.99,32.12,75.49,69.68,76.8,66.93,30.45,79.79,41.99,28.95,63.97,64.02,76.3,41.13,68.97,38.14,26.59,70.31,41.21,58.11,44.76,29.09,58.11,22.17,28.05,24.28,52.18,77.48,21.15,33.24,20.59,29.79,69.93,70.78,63.57,63.27,79.04,30.5,29.37,78.2,74.47,62.79,30.3,40.18,20.1,49.56,31.74,20.53
1784538542.5154228,55.01,58.57,59.01,26.84,71.49,32.97,20.25,50.47,57.33,33.39,36.2,78.83,33.33,47.17,68.92,52.62,64.55,71.33,54.38,52.95,57.91,30.39,51.69,77.35,21.8,54.17,33.58,64.57,47.36,79.37,41.21,68.28,39.17,23.84,61.17,52.22,67.43,75.85,38.58,62.27,25.74,42.64,20.77,50.96,48.9,64.92,66.15,64.63,69.15,63.54,24.3,77.21,43.03,66.52,51.42,73.67,24.98,60.9,40.44,54.26,20.61,25.72,78.19,35.5
1784538542.5256898,24.35,53.48,33.72,27.52,75.87,39.16,50.98,29.75,64.15,30.42,32.46,75.65,30.43,45.26,65.98,49.28,63.81,45.71,28.86,58.09,51.09,66.21,59.78,40.14,58.99,39.95,74.36,59.25,34.46,45.3,29.57,34.08,79.81,75.48,54.77,77.58,43.11,36.98,23.54,26.48,25.25,26.94,62.23,67.61,29.66,20.93,31.64,69.21,62.63,46.84,61.91,59.31,38.04,73.54,39.6,52.23,51.94,26.71,51.49,64.93,72.86,75.65,65.91,53.84
1784538542.5359588,73.27,68.03,49.78,60.83,48.09,67.38,21.47,64.07,66.22,29.77,23.17,54.7,64.14,57.25,73.72,23.03,52.93,25.41,71.94,78.05,44.2,57.41,79.89,28.92,43.74,22.28,43.12,70.42,41.24,25.33,44.74,22.37,46.41,37.58,76.44,42.69,66.85,65.82,27.74,64.86,67.66,22.22,60.21,31.0,29.48,70.15,74.9,67.3,64.61,59.52,48.26,56.81,51.27,26.16,67.13,51.7,57.36,69.33,76.79,76.73,79.37,40.39,28.07,73.84
1784538542.5462358,32.17,41.46,27.16,52.37,70.56,25.73,75.15,23.39,56.39,33.96,44.63,21.03,32.41,46.14,73.81,62.76,71.7,37.17,78.78,22.22,67.6,39.12,48.44,51.36,34.6,34.04,62.61,53.87,65.39,30.85,41.24,29.6,73.63,59.15,68.63,64.92,21.46,34.95,23.85,67.2,68.78,26.97,32.48,62.76,36.13,42.92,27.75,26.37,66.42,23.78,31.6,30.69,64.87,68.65,24.14,33.36,51.87,22.84,72.17,23.1,48.8,34.21,22.35,43.46
1784538542.5565007,30.72,60.85,51.93,34.03,79.58,46.94,47.65,52.06,42.0,33.14,79.77,34.08,67.41,75.5,23.82,33.16,27.44,38.54,41.86,73.28,48.74,24.43,23.87,33.75,73.79,57.58,43.06,65.24,42.22,54.86,57.5,50.19,64.65,43.62,20.19,79.2,38.71,28.86,60.65,42.6,64.06,56.13,67.44,35.43,71.93,29.88,35.74,41.9,70.6,25.46,33.19,35.89,30.8,50.19,22.67,29.87,55.07,42.33,39.63,36.82,35.65,31.68,29.05,49.11
1784538542.5667722,30.38,79.85,73.51,38.86,41.99,35.47,56.22,24.61,59.93,20.97,32.57,65.03,72.33,23.4,27.8,40.88,46.03,69.18,61.67,25.89,52.62,53.33,70.45,24.77,27.03,72.02,67.29,45.75,44.91,31.42,47.71,78.92,48.72,73.9,50.53,57.72,56.35,22.86,25.27,73.44,51.87,45.45,67.03,48.16,38.18,49.13,49.36,77.07,56.22,23.65,71.12,34.32,34.12,74.81,31.52,23.52,21.73,75.45,53.23,64.82,27.57,56.18,25.47,78.32
1784538542.5770376,38.63,31.45,61.43,28.84,48.53,20.18,50.63,31.43,68.92,79.33,55.2,58.72,30.34,42.16,25.16,51.15,65.97,30.48,65.3,49.3,75.48,30.99,58.64,79.33,71.94,26.1,32.55,41.67,27.32,52.36,65.11,54.25,74.6,20.62,25.67,38.74,74.68,71.49,63.94,72.83,49.37,47.62,73.81,50.83,44.42,49.63,35.5,23.61,72.83,35.82,60.89,65.72,40.41,35.07,72.0,69.69,50.6,65.78,28.38,59.35,31.6,61.85,20.54,63.41
1784538542.5873213,21.16,61.8,36.91,64.72,56.78,55.02,43.74,36.72,51.78,78.58,30.21,30.73,78.22,53.11,33.66,58.89,40.79,78.77,79.77,62.97,39.15,67.96,57.92,43.3,25.58,61.42,67.84,75.79,31.0,38.17,45.07,30.77,28.71,45.17,56.85,51.91,73.32,46.97,44.35,79.52,23.71,47.02,31.38,36.83,32.62,31.06,50.44,53.17,44.4,21.32,73.32,38.75,30.21,33.58,39.66,30.76,44.0,36.96,54.72,37.41,50.44,38.58,57.16,65.36
1784538542.5976114,21.94,53.38,59.39,72.94,73.31,22.58,26.28,36.05,76.9,65.62,50.13,60.55,76.39,34.93,62.86,44.64,44.05,48.32,63.05,58.87,54.76,62.57,68.49,32.02,25.1,73.97,27.07,28.14,37.17,50.61,49.14,21.19,35.57,45.42,39.4,22.27,59.44,53.99,63.17,37.72,60.55,74.84,24.44,72.12,31.04,49.39,67.28,79.83,38.58,31.78,40.17,70.55,65.69,55.91,38.1,42.72,51.48,20.19,58.47,58.78,74.26,54.65,67.12,49.9
1784538542.6078484,26.87,79.85,76.66,47.52,34.69,72.55,51.57,64.08,47.48,47.66,37.27,32.69,48.1,41.04,25.86,29.24,42.22,71.75,39.76,62.87,58.73,71.51,47.83,35.58,52.05,32.54,43.35,71.06,78.13,75.97,41.92,79.34,47.72,48.76,35.75,24.86,24.9,70.27,57.89,49.84,67.99,45.63,50.53,42.93,59.27,70.98,70.09,63.04,43.73,39.43,69.49,40.11,33.14,48.26,66.02,47.73,31.75,29.48,78.02,21.39,40.58,65.08,55.64,21.87
1784538542.6180384,20.34,22.14,63.68,37.64,69.21,70.95,77.98,50.71,22.78,35.79,47.67,56.66,22.43,26.56,72.98,55.27,50.96,73.05,33.66,41.2,78.56,53.06,36.0,28.25,35.49,23.36,56.93,79.89,39.44,71.37,73.66,63.72,48.9,22.7,38.25,55.72,50.52,74.96,50.47,79.78,77.99,24.43,24.5,62.36,29.42,24.11,49.51,41.62,61.47,62.26,50.96,23.68,32.16,60.17,32.02,57.58,23.71,62.79,36.64,56.25,22.26,43.42,48.64,56.44
1784538542.6283112,32.4,71.3,33.69,57.14,76.8,24.38,59.62,54.55,50.76,51.52,26.81,39.09,38.77,37.71,36.58,63.67,61.18,25.94,75.31,24.87,41.2,30.61,68.16,54.71,24.54,79.12,51.29,23.26,41.99,21.88,34.45,52.24,45.27,76.55,56.9,72.7,70.79,30.37,31.4,23.86,73.23,41.07,39.96,47.47,26.05,24.51,35.94,60.05,76.58,42.62,22.07,26.97,67.13,51.96,74.75,31.01,59.25,32.74,61.64,62.59,41.96,53.44,79.13,51.35
1784538542.6385663,63.34,54.99,21.03,47.62,50.31,55.98,78.81,48.27,72.46,46.71,64.11,34.71,47.83,42.04,72.59,71.37,65.67,76.09,35.97,35.86,71.12,41.24,44.94,47.65,52.75,23.24,59.6,52.55,77.24,38.37,76.94,42.42,61.03,66.71,20.13,34.91,33.2,44.4,42.14,48.0,28.31,23.19,29.82,59.52,37.31,26.94,69.79,64.77,58.93,50.6,35.65,78.13,60.2,55.03,48.94,31.11,48.68,76.74,27.93,38.92,25.01,35.19,79.95,32.0
1784538542.648871,79.24,25.46,65.07,36.3,52.25,38.35,55.04,24.27,68.57,66.88,57.73,21.05,45.06,24.87,46.88,51.17,57.32,69.56,52.64,71.14,67.82,75.37,27.11,51.48,71.91,25.07,54.53,58.92,54.07,77.92,75.14,36.38,67.53,23.47,59.4,40.96,45.32,66.21,20.16,20.7,63.35,53.14,65.8,62.67,43.35,68.58,23.33,50.84,70.41,58.5,61.37,27.69,44.32,30.94,57.74,55.48,24.45,52.72,36.16,38.32,30.38,23.66,60.31,40.19
1784538542.659178,23.05,55.21,26.41,49.41,29.08,36.34,25.29,62.05,74.87,20.29,59.1,22.96,37.25,63.91,56.21,34.34,37.06,52.21,68.03,75.06,20.79,59.64,39.38,40.32,63.54,59.7,41.72,48.58,73.03,34.33,53.65,58.0,31.87,47.47,27.98,57.61,26.95,61.5,20.67,74.76,34.98,24.6,64.32,53.86,37.93,20.91,26.46,57.83,30.52,68.45,27.57,40.37,37.33,47.4,50.01,46.6,71.07,73.84,45.2,51.04,62.38,27.68,40.99,70.03
1784538542.6694376,79.01,33.17,38.66,53.79,46.75,62.36,25.63,21.66,25.39,53.57,32.49,59.98,41.03,79.24,59.86,35.65,37.77,57.05,77.67,27.15,69.43,26.27,62.82,43.27,65.41,79.74,67.84,61.2,20.31,65.05,66.74,58.26,36.44,35.67,62.31,42.46,69.95,39.03,54.69,44.43,39.46,74.27,59.17,63.06,63.22,20.42,72.12,32.37,30.33,39.38,61.24,20.07,26.6,39.02,66.93,53.96,62.31,40.18,25.94,24.42,66.81,64.82,29.95,35.85
1784538542.679748,26.5,31.59,77.05,56.07,73.25,21.43,61.63,67.07,23.16,59.39,35.7,52.64,42.38,44.85,39.98,79.72,41.03,23.43,31.51,79.29,68.17,71.72,65.6,66.36,42.53,40.24,78.28,44.16,78.94,24.94,60.87,50.65,24.12,48.91,28.84,27.12,79.7,47.77,61.09,22.07,20.25,77.82,47.02,67.24,23.36,58.75,24.13,73.96,69.48,61.79,21.15,39.72,20.37,78.14,36.21,74.61,78.77,46.17,34.46,61.2,22.08,72.74,68.59,71.01
1784538542.6899853,42.92,66.7,20.16,63.12,47.12,29.28,62.96,22.97,54.68,22.43,45.65,41.49,54.1,20.23,46.21,45.29,72.12,35.53,68.89,55.3,63.86,45.35,60.38,62.61,29.45,64.02,24.34,35.91,24.35,75.69,24.04,57.06,55.19,45.71,21.04,53.57,25.91,73.47,48.43,64.26,79.48,71.0,51.7,64.44,34.47,47.58,62.36,71.88,30.42,44.66,78.52,66.48,44.5,25.96,28.16,33.01,26.47,23.21,25.82,40.19,33.39,75.11,58.58,59.85
1784538542.7002864,72.16,48.08,47.39,23.88,74.92,65.68,39.7,22.3,61.07,73.84,41.64,65.54,56.17,31.48,49.83,27.86,49.25,54.7,48.64,30.66,65.06,52.8,46.19,62.27,61.42,34.11,48.51,26.82,30.66,35.41,52.48,72.75,52.8,64.07,29.94,57.76,65.27,26.83,46.5,76.28,49.95,45.15,39.22,59.18,46.25,70.11,37.18,29.92,65.97,43.66,75.35,73.69,24.86,49.31,59.85,51.13,64.83,31.14,36.63,65.82,33.81,24.5,46.28,73.86
1784538542.7105205,54.39,28.01,41.78,35.95,25.96,70.99,45.3,21.75,77.28,30.34,61.84,55.03,79.84,48.4,24.12,34.62,79.04,54.98,45.22,65.01,23.83,26.8,74.85,69.92,63.11,44.29,74.91,67.76,50.67,28.06,75.94,46.64,49.84,41.76,77.94,51.22,75.16,33.55,66.12,51.09,22.92,56.52,34.47,44.93,67.94,73.95,44.38,72.51,47.62,43.43,21.75,79.2,59.83,22.87,28.68,56.05,21.32,54.89,30.05,25.65,72.82,68.76,28.28,60.07
1784538542.720788,43.47,34.93,23.22,56.29,45.15,45.09,25.51,29.62,44.13,36.15,51.52,30.98,79.12,50.61,50.95,43.41,78.72,48.07,64.22,39.64,61.11,70.64,29.05,30.54,22.95,36.36,66.62,57.98,28.22,60.61,76.73,33.55,41.75,64.6,75.38,65.38,38.14,60.65,71.26,46.81,69.28,74.16,52.76,52.39,26.22,67.15,69.44,27.26,38.77,50.6,20.48,74.36,62.52,50.09,79.48,77.33,27.36,22.85,30.21,76.3,62.06,29.57,33.66,52.69
1784538542.7310762,52.08,66.59,67.71,20.41,55.05,43.53,27.5,51.5,77.62,71.45,58.65,26.81,69.14,36.94,79.32,50.81,71.54,54.64,69.09,73.83,52.37,45.45,32.11,68.1,26.76,53.0,57.24,70.68,74.51,77.95,30.55,27.14,29.5,76.5,23.56,27.68,61.9,63.1,36.75,37.87,33.71,30.05,50.95,54.02,31.2,54.74,76.12,65.15,28.22,55.92,31.08,39.04,64.35,57.78,42.01,73.3,77.99,79.34,61.22,78.59,50.65,23.36,55.37,76.0
1784538542.7413933,53.28,78.07,61.48,38.29,29.41,27.98,43.41,57.77,38.31,50.86,50.92,58.63,45.86,55.93,28.19,65.28,69.22,53.73,46.63,70.18,45.69,33.48,36.18,56.88,69.48,39.99,39.11,20.49,73.75,25.99,20.2,79.36,49.46,49.84,23.64,63.7,47.34,66.06,24.81,68.45,41.17,65.76,53.35,67.33,63.56,62.07,78.71,38.06,27.0,71.09,46.69,65.2,61.53,70.25,31.91,21.75,39.41,36.71,79.66,28.33,44.69,36.1,40.47,69.12
1784538542.7516618,55.42,36.33,49.29,24.09,63.12,53.12,77.94,58.59,29.21,44.32,44.82,29.75,24.48,67.64,56.98,34.95,26.43,46.88,23.37,40.94,63.13,74.28,36.15,31.25,62.93,41.85,56.99,36.2,27.61,67.48,45.22,74.42,42.25,20.68,73.34,57.32,38.47,27.52,64.73,28.04,20.23,64.02,40.31,25.69,29.07,68.38,72.95,67.55,78.78,23.75,55.79,50.69,48.2,51.35,72.29,58.36,25.82,48.61,34.76,56.79,30.73,36.71,32.94,79.43
1784538542.761923,68.73,64.95,68.39,44.56,78.3,24.86,48.57,39.7,29.64,44.55,42.43,29.53,58.91,48.75,53.93,43.45,52.57,33.96,24.57,73.99,61.75,28.8,66.48,69.04,70.64,36.09,66.08,30.38,48.9,52.93,72.11,78.18,65.85,61.29,55.0,21.65,40.59,33.79,73.66,55.51,50.29,70.42,60.05,31.46,65.74,74.26,70.92,67.73,64.53,27.0,54.54,44.89,59.84,38.32,76.67,76.17,29.4,43.28,61.69,28.63,68.07,50.75,30.84,21.15
1784538542.7721841,69.58,68.05,30.45,55.61,63.11,74.46,40.06,21.33,65.22,63.16,24.28,57.62,29.36,27.35,54.66,70.62,75.29,38.93,25.07,38.72,39.27,66.28,51.3,42.2,49.9,49.64,51.99,61.05,22.99,40.83,30.81,64.78,67.78,70.64,77.04,34.59,21.25,37.44,55.82,45.77,24.19,50.59,24.93,45.12,53.7,21.26,54.23,61.29,72.3,58.05,64.97,79.1,77.59,78.42,67.91,36.79,25.26,60.84,50.68,24.27,20.63,75.39,24.26,37.82
1784538542.7824385,55.72,50.48,29.0,27.52,75.4,75.03,40.74,20.99,78.41,76.92,68.2,66.87,22.76,26.34,22.01,22.83,27.37,56.45,52.97,77.11,24.74,38.95,54.94,66.33,46.91,25.56,30.96,53.59,67.2,64.39,51.31,48.26,28.43,73.35,27.39,48.67,61.45,69.95,49.04,60.48,45.14,67.14,44.19,44.87,70.66,32.12,26.85,76.16,26.66,46.89,77.87,23.69,62.04,35.66,62.9,63.62,68.8,49.83,56.09,62.92,30.69,79.68,42.76,77.74
1784538542.7927082,35.62,74.83,30.97,27.91,67.34,51.21,50.62,63.91,54.26,59.35,47.49,45.05,64.8,35.33,78.8,32.46,23.32,54.72,66.07,29.44,74.59,31.41,62.15,77.5,68.47,37.36,29.23,72.58,49.19,63.69,22.45,61.93,79.46,40.79,55.45,49.82,53.73,30.08,64.15,48.94,64.34,61.5,79.02,57.8,74.9,74.13,52.77,64.52,78.47,31.27,36.06,27.3,25.2,60.78,70.81,39.73,29.86,37.19,57.58,69.37,55.27,53.54,39.44,31.96
1784538542.8029637,72.38,54.73,73.05,75.8,38.0,47.59,26.13,50.0,50.38,31.79,29.84,70.79,34.69,77.73,53.09,64.47,40.13,59.75,76.5,24.51,37.01,22.6,71.83,20.88,68.27,39.19,29.45,51.16,48.9,22.47,25.66,45.77,36.25,79.24,21.48,73.18,58.46,55.5,43.57,74.48,42.56,41.04,71.14,69.51,41.63,28.52,23.03,58.11,38.66,45.91,58.25,42.64,49.97,48.22,30.96,67.86,24.9,56.33,39.84,70.89,23.47,71.07,68.76,21.73
1784538542.8132367,34.84,68.04,75.88,40.76,71.21,21.91,33.24,24.54,37.31,61.49,49.77,61.61,68.64,78.93,29.01,44.84,27.09,23.58,23.78,50.36,41.59,62.23,79.19,68.86,62.75,60.57,70.48,41.46,64.59,61.2,52.16,39.99,42.3,54.23,46.28,29.7,47.04,41.04,50.53,26.09,76.98,48.64,50.5,58.96,59.22,29.54,65.89,45.92,66.78,55.32,57.23,35.66,44.63,24.18,40.45,31.46,63.13,60.43,31.3,43.97,24.01,55.89,25.27,54.08
1784538542.8234754,49.49,35.13,25.11,69.84,58.81,25.37,71.45,30.67,29.95,76.71,52.71,59.7,68.52,27.5,52.9,75.26,61.52,63.03,48.56,32.97,49.59,76.61,57.18,33.54,22.81,57.13,48.36,72.79,69.27,60.27,43.35,58.06,39.48,38.61,36.89,67.88,22.59,37.77,23.65,56.04,79.47,45.33,52.03,35.16,76.76,75.78,46.91,62.61,36.09,28.96,39.78,64.8,33.45,51.85,37.64,72.81,41.07,63.59,49.95,35.87,21.22,50.12,75.17,32.04
1784538542.8337383,71.04,59.96,34.51,63.96,36.61,42.14,43.74,77.21,45.91,35.97,63.49,77.7,68.82,40.15,43.21,21.29,32.6,43.51,56.92,59.73,23.3,66.47,47.21,22.0,36.73,51.19,47.73,57.68,54.51,69.41,54.4,45.81,25.34,39.68,26.82,73.11,79.75,51.16,62.62,65.6,33.41,67.22,77.29,45.99,49.02,60.51,37.67,46.33,57.48,69.38,72.29,78.56,63.16,29.52,70.63,78.41,56.35,31.68,76.58,59.64,53.75,71.04,62.33,32.06
1784538542.8440168,26.36,71.62,73.01,47.11,37.81,50.4,67.78,69.0,25.44,48.45,53.93,34.29,69.74,70.29,30.97,46.03,47.17,28.71,66.99,39.78,78.31,78.87,72.81,49.82,28.55,54.27,72.17,72.13,21.93,29.32,72.7,73.49,37.55,55.72,22.48,28.84,23.91,62.9,23.9,38.38,66.05,48.96,35.2,72.38,44.6,41.49,76.79,45.03,49.65,50.13,39.55,36.57,67.88,40.47,49.5,42.28,73.41,62.63,31.96,33.3,32.32,53.95,33.03,38.41
1784538542.8543112,79.47,39.14,62.72,71.41,39.44,63.21,41.77,78.31,27.76,63.69,26.0,56.23,36.7,32.85,21.77,78.16,35.07,50.32,63.44,44.84,42.3,38.38,77.01,79.87,65.71,48.56,79.64,23.13,36.55,24.31,74.33,30.71,55.18,26.38,38.79,61.36,55.89,29.55,59.74,36.97,29.02,74.39,67.62,69.76,26.37,36.74,36.42,21.69,45.82,32.56,60.94,58.2,79.16,60.47,75.94,52.47,21.43,68.83,57.02,32.26,49.98,39.25,78.82,35.66
1784538542.8645494,24.62,39.02,77.58,49.37,61.95,65.8,59.41,47.4,34.11,42.64,59.99,63.54,32.97,43.26,69.11,31.72,78.79,66.11,36.43,29.63,72.68,21.07,31.38,43.63,74.57,76.67,74.79,25.15,75.21,20.37,53.77,59.77,79.41,64.24,55.67,61.38,70.07,34.02,26.05,32.37,37.23,35.84,23.27,56.36,68.93,46.89,79.93,69.84,77.12,77.19,36.49,73.69,62.07,55.52,76.88,38.3,67.41,33.71,64.32,20.44,56.04,52.44,22.82,41.48
1784538542.8748164,27.74,71.5,31.4,27.37,58.05,58.19,39.92,37.61,68.72,58.02,25.37,27.62,39.34,39.81,78.49,32.22,38.84,43.83,53.65,62.64,24.67,45.66,28.51,54.1,41.97,33.4,22.26,48.33,62.5,54.43,63.08,74.26,49.27,20.16,59.78,43.76,25.09,23.44,33.15,55.28,79.25,54.16,52.97,54.33,75.53,50.88,54.87,74.37,66.82,30.11,40.77,37.12,67.73,59.49,71.93,22.48,70.31,63.25,25.91,31.88,67.05,58.5,29.9,49.12
1784538542.8850985,68.14,78.03,46.46,40.33,58.06,42.5,37.76,68.97,52.43,68.26,22.7,48.95,24.37,34.65,74.4,51.75,43.75,25.57,39.2,77.26,34.62,63.87,78.72,21.76,56.92,68.87,74.81,35.27,55.46,76.26,44.58,65.94,57.74,47.54,79.3,28.96,42.66,71.05,33.13,37.33,31.03,64.69,28.88,42.27,21.93,35.67,64.92,40.14,32.45,28.54,79.0,21.5,35.79,56.38,72.6,44.79,53.74,44.02,43.9,42.47,28.67,26.19,78.96,73.69
1784538542.8953679,29.14,30.86,57.22,44.96,76.11,34.55,34.2,66.06,49.05,56.05,25.91,72.38,57.34,48.52,71.7,56.46,34.53,59.32,54.78,48.49,52.72,68.46,33.2,59.92,75.31,41.09,30.19,63.08,23.27,46.34,79.29,30.27,26.73,41.73,76.02,79.22,40.56,68.55,50.86,30.33,76.04,20.12,31.21,58.7,26.49,32.37,66.04,65.55,48.25,32.25,30.84,29.03,37.01,55.78,71.51,26.69,21.39,40.37,71.13,79.83,21.28,35.09,31.04,37.91
1784538542.905666,60.83,76.29,26.07,61.93,72.13,65.15,44.24,60.46,77.52,77.54,64.82,50.19,51.83,25.51,45.01,57.62,69.32,38.3,69.1,61.9,43.96,71.48,43.3,69.43,24.15,76.98,77.38,21.88,35.44,41.29,21.3,73.93,71.76,70.19,41.29,34.48,30.44,76.39,47.29,78.66,40.04,75.75,68.41,45.48,71.74,51.86,72.79,34.68,54.73,74.47,55.14,37.56,60.27,54.8,50.63,59.99,72.25,75.39,70.86,71.63,44.86,27.26,77.12,77.53
1784538542.915911,44.09,23.02,26.26,44.35,76.3,66.46,66.35,36.47,62.51,79.91,38.88,65.93,26.09,59.74,45.17,44.58,68.4,71.66,22.22,39.19,51.15,72.97,66.28,45.91,42.53,36.67,58.37,63.46,53.45,24.49,75.48,68.47,61.12,70.84,53.19,45.27,64.04,45.15,54.99,63.38,53.58,65.77,73.85,31.84,23.46,50.05,20.58,59.79,29.28,49.79,29.41,46.52,70.79,26.85,74.25,45.93,49.75,51.48,40.38,53.12,30.74,71.7,37.03,63.49
1784538542.9263117,68.8,78.59,53.7,62.7,77.06,35.64,25.14,28.06,70.9,66.15,43.45,41.21,79.18,46.72,45.96,49.41,74.67,46.86,55.0,69.54,61.11,50.21,70.26,71.67,48.83,72.14,30.76,74.81,72.46,78.82,36.12,42.28,46.56,76.68,60.84,50.73,59.95,40.33,78.13,37.62,33.02,53.76,38.18,61.75,75.07,79.01,42.88,72.1,60.07,70.44,50.2,72.37,20.25,38.58,44.3,51.23,36.39,52.26,55.21,26.85,58.12,77.06,32.64,42.48
1784538542.936569,30.39,55.51,49.8,49.47,23.57,75.11,39.24,40.72,76.31,25.15,64.55,23.22,25.88,26.47,29.05,68.97,65.59,51.59,45.48,42.4,53.11,34.28,29.32,47.23,60.77,27.75,72.72,26.48,74.44,47.26,42.03,64.97,71.98,79.85,58.71,71.49,41.36,20.37,33.81,67.21,42.19,57.55,54.0,56.12,60.64,42.61,26.28,21.34,27.6,39.24,72.48,25.25,33.56,32.74,63.91,28.96,74.92,27.8,34.59,27.36,27.68,66.35,37.93,40.0
1784538542.9468036,54.56,38.6,39.07,79.54,74.77,65.55,20.82,66.68,48.46,36.89,72.45,69.96,62.63,77.25,72.73,27.55,36.47,25.87,77.28,33.52,27.95,76.37,51.93,50.56,56.58,43.99,33.07,63.56,47.96,40.26,78.5,53.14,60.93,42.96,63.28,57.59,51.45,74.88,52.62,74.15,53.84,49.37,70.06,73.0,30.81,38.55,55.18,52.92,53.8,50.51,71.53,21.61,28.62,46.64,72.66,25.13,35.86,77.51,74.1,38.88,65.29,63.89,27.98,26.68
1784538542.9570782,39.25,25.86,52.14,27.19,52.33,64.63,67.47,25.69,22.74,77.32,72.25,72.58,41.52,46.29,42.12,38.49,66.02,21.35,50.74,32.68,76.05,29.57,53.99,59.47,49.57,61.19,21.59,79.33,46.73,22.38,79.59,48.34,60.38,22.42,23.2,46.31,67.59,55.51,54.97,71.08,61.33,72.74,64.84,42.6,42.49,41.63,42.64,40.94,50.31,65.37,23.44,34.9,41.16,73.15,69.52,25.13,45.85,59.01,50.61,56.4,31.38,62.38,49.67,40.75
1784538542.9673407,63.21,63.62,72.05,25.03,20.91,40.04,43.44,60.79,79.76,38.09,41.48,66.69,44.47,79.58,48.52,76.74,53.34,70.38,72.72,44.15,21.15,43.82,64.22,47.29,56.34,64.49,47.62,24.25,38.82,59.72,77.16,54.15,77.04,65.51,38.42,26.78,42.57,52.98,30.22,27.86,59.91,51.68,41.02,76.23,65.76,49.35,61.9,42.61,59.49,28.21,60.84,63.06,48.03,49.99,53.68,42.6,79.23,72.6,73.74,41.63,30.95,62.58,55.25,65.78
1784538542.977628,50.33,35.82,64.28,34.1,68.72,59.11,25.5,25.75,57.34,28.64,58.47,72.06,59.47,33.91,28.44,46.16,53.67,49.84,57.75,48.4,45.41,39.82,67.81,55.23,77.65,60.86,33.34,24.77,56.44,45.56,39.52,58.23,77.72,28.39,29.24,77.47,45.38,51.52,44.49,49.25,41.38,32.02,75.41,29.71,20.7,41.06,29.04,47.4,56.68,37.81,46.74,44.96,34.28,38.76,66.22,43.8,70.82,77.22,57.31,69.02,61.24,77.89,79.67,68.92
1784538542.987858,59.68,48.15,58.39,21.99,36.12,32.28,32.01,24.87,35.91,69.27,30.87,59.33,66.71,48.32,71.99,50.67,31.52,71.05,24.33,35.07,30.75,49.97,72.86,50.57,23.22,42.22,59.14,26.55,44.11,23.09,21.6,77.46,71.61,71.62,26.44,35.85,77.45,56.68,50.41,35.82,30.3,33.97,24.88,44.72,35.75,59.85,59.05,76.66,68.39,27.7,22.11,22.11,51.04,29.51,59.86,28.74,24.78,60.78,73.37,75.35,69.23,34.63,48.94,77.2
1784538542.9981263,28.8,33.13,59.86,78.83,61.15,73.76,54.82,33.32,43.86,74.52,28.15,44.31,58.22,57.51,56.63,23.54,40.27,76.9,61.22,36.64,62.43,72.25,50.81,62.37,69.1,63.43,66.72,61.84,41.82,27.81,44.54,55.49,21.74,33.22,42.8,31.43,45.08,58.7,50.41,36.71,26.22,75.75,62.46,32.48,50.94,32.8,78.71,71.0,24.68,67.55,41.41,57.13,43.61,72.7,75.99,61.23,38.69,71.52,49.87,27.19,77.6,55.08,41.34,54.73
1784538543.0083275,57.82,27.11,62.52,53.31,54.31,34.54,24.1,43.07,79.12,79.51,73.27,60.05,20.15,45.41,57.26,52.68,32.14,75.54,77.42,60.88,23.84,66.24,59.95,78.03,34.43,51.41,39.46,60.98,33.23,59.38,68.79,79.35,23.95,49.76,38.43,29.53,39.84,76.21,52.1,53.38,61.15,70.18,79.16,71.93,43.64,66.81,27.36,35.48,77.25,59.41,59.79,26.35,20.92,58.82,29.14,71.64,51.08,65.68,76.3,42.3,24.24,71.65,51.06,56.56
1784538543.0185692,63.36,61.99,42.53,20.12,79.16,79.54,54.75,58.71,33.69,29.72,79.81,41.53,75.86,45.77,42.16,38.71,38.71,25.06,50.55,37.98,24.12,32.6,40.07,68.43,58.59,75.61,40.18,76.56,60.34,38.66,32.64,38.23,38.94,45.56,73.91,20.6,47.7,70.47,76.15,22.7,67.19,59.08,44.98,41.55,42.34,51.1,25.44,73.44,66.45,62.19,54.64,57.07,64.38,20.02,40.3,21.38,72.76,22.24,20.7,30.11,31.18,27.74,65.11,36.62
1784538543.0288327,66.79,72.58,64.84,29.7,38.98,40.34,40.57,22.49,46.05,41.25,69.02,20.32,77.97,71.48,41.99,66.67,56.46,76.68,29.22,44.11,24.86,22.12,46.32,71.57,77.36,22.97,49.59,30.82,32.53,35.68,34.69,27.93,78.88,76.84,57.0,36.83,23.34,25.17,34.1,79.79,43.97,53.86,42.41,57.19,65.85,54.25,36.19,39.73,29.6,35.07,71.04,47.48,74.34,76.34,71.89,56.84,58.75,62.95,26.85,77.46,43.02,58.41,54.69,33.94
1784538543.039143,55.06,41.65,51.36,31.41,56.73,78.37,47.41,29.82,62.21,25.34,48.06,34.93,22.39,38.44,79.24,21.2,61.33,58.59,73.3,23.55,29.26,44.65,31.13,46.02,54.78,64.43,65.02,67.44,31.51,53.6,36.95,30.88,22.54,71.73,32.26,79.46,48.46,75.17,77.26,35.08,56.74,60.88,27.5,65.57,57.64,52.55,32.85,27.91,72.15,37.98,62.81,36.04,73.82,77.25,28.86,74.51,51.06,78.15,45.97,32.4,60.26,25.5,70.93,65.64
1784538543.0494275,39.77,47.3,36.84,62.99,36.92,60.26,24.32,51.56,47.65,33.28,49.9,20.2,48.06,78.68,26.04,33.2,63.35,71.21,75.9,42.56,55.52,59.43,72.36,61.61,70.56,34.67,27.16,37.57,68.66,78.28,41.01,40.53,77.69,20.29,56.61,38.45,20.16,36.45,41.44,53.05,47.04,62.71,52.36,37.09,69.62,70.29,30.87,28.74,49.4,57.39,62.81,42.78,32.64,36.08,21.7,79.56,59.39,62.98,58.59,25.85,54.84,53.44,64.9,26.5
1784538543.0597014,66.07,44.59,78.46,72.81,61.35,53.79,56.38,39.44,53.21,64.11,25.76,75.88,67.13,62.94,52.58,76.81,30.13,21.23,53.86,24.15,31.25,78.23,66.97,41.49,22.1,30.08,57.31,27.44,35.15,76.07,35.65,34.49,36.59,62.73,78.8,67.72,34.75,75.51,69.94,41.76,41.77,28.3,46.78,60.36,33.0,44.41,54.78,60.57,74.49,25.9,55.37,63.38,37.78,66.95,54.46,65.19,79.36,37.54,61.11,61.16,62.26,27.03,52.81,33.22
1784538543.0699885,56.32,71.12,23.63,77.43,33.87,42.76,70.09,53.49,26.03,56.0,55.16,28.74,40.88,62.21,48.16,28.3,24.68,27.39,79.31,70.98,77.48,46.99,43.63,26.26,62.48,55.78,71.0,42.41,50.37,37.41,25.96,61.04,47.12,50.03,53.89,31.66,49.85,45.69,63.51,32.0,69.91,30.34,69.5,59.42,29.91,61.56,36.73,39.06,73.24,62.55,32.83,40.3,68.34,67.24,77.3,56.25,70.57,58.11,28.99,35.81,21.73,24.2,73.47,51.63
1784538543.0802999,33.78,32.31,56.14,78.06,53.74,37.95,67.93,54.66,60.89,50.9,59.44,72.71,32.23,32.04,77.7,44.95,77.79,60.87,72.1,55.73,58.57,55.21,27.8,59.4,73.19,48.26,48.37,23.93,47.79,24.9,63.51,65.52,63.28,55.34,20.52,28.91,42.16,73.49,37.68,77.86,47.6,68.03,42.5,71.14,25.46,42.18,54.07,30.09,24.12,49.85,32.11,67.4,25.32,34.93,36.44,74.21,75.94,46.35,53.49,30.82,38.86,63.72,60.83,42.61
1784538543.090555,46.86,53.83,61.97,25.99,66.52,51.4,46.01,40.9,74.66,30.09,65.86,74.11,53.41,42.31,35.86,32.38,46.36,48.88,53.21,76.3,25.75,72.26,55.96,74.5,52.84,76.52,54.63,22.28,34.5,35.31,22.53,22.42,34.81,47.48,79.18,42.6,42.89,78.51,51.71,54.73,37.09,38.21,24.02,62.08,61.02,67.97,56.73,53.31,69.46,40.52,71.71,35.63,30.72,78.17,29.92,55.81,28.4,71.26,24.81,63.87,51.84,43.26,56.31,60.17
1784538543.1008368,61.57,65.26,76.07,79.84,46.31,53.41,49.78,55.54,59.96,34.72,29.44,54.5,20.84,52.56,24.31,46.36,28.5,22.7,49.55,32.47,29.47,28.27,51.15,66.28,32.56,26.21,34.1,62.36,42.07,65.03,67.45,54.93,31.28,47.84,75.36,57.38,64.18,46.77,36.95,38.29,23.11,77.57,46.17,40.77,71.61,35.18,65.3,59.76,24.38,27.59,72.09,67.03,35.32,58.44,66.12,54.36,63.46,37.99,40.47,28.67,21.56,64.47,71.68,72.65
1784538543.111089,45.37,71.17,35.51,46.88,53.68,48.27,68.77,59.44,28.89,40.18,51.79,55.23,20.64,35.02,31.79,74.28,79.58,66.56,44.12,27.18,44.19,79.98,36.55,41.67,27.34,39.39,47.48,34.54,25.29,61.63,57.37,60.12,48.9,59.31,65.05,50.26,26.07,61.86,63.2,67.55,73.56,23.88,45.07,35.69,38.92,74.32,57.91,44.31,44.25,63.71,37.86,42.43,66.66,67.24,45.03,52.0,29.89,78.57,40.97,73.83,51.4,50.46,37.28,21.24
1784538543.1213284,45.04,50.34,23.2,34.38,71.07,73.49,55.51,51.73,57.49,55.64,48.29,39.5,48.25,52.01,20.39,55.13,76.99,78.23,20.89,51.79,48.35,39.73,79.18,67.94,69.39,73.17,26.02,28.84,34.41,78.12,72.06,74.86,54.19,28.94,66.14,25.25,62.73,56.56,41.98,64.55,61.11,74.83,46.73,43.29,59.6,35.03,79.33,60.55,52.44,22.14,75.39,65.05,70.57,39.11,51.4,44.64,66.98,64.37,69.38,42.58,49.26,22.14,62.35,64.92
1784538543.1316464,33.41,47.22,32.71,28.3,64.87,67.44,79.13,78.72,29.47,25.98,26.93,29.51,27.67,24.76,34.28,29.8,64.08,61.66,46.08,64.17,40.82,21.12,37.04,76.06,70.24,45.15,42.01,48.78,72.66,72.05,24.21,40.65,39.39,64.39,28.76,55.46,56.23,49.73,62.89,53.66,30.12,57.79,29.16,45.8,76.4,45.28,64.14,25.75,45.72,77.86,41.91,51.58,36.65,20.92,20.36,50.98,55.02,28.87,52.12,65.73,38.11,57.17,23.11,54.95
1784538543.1418962,77.22,55.29,78.83,79.92,30.4,45.58,75.25,50.1,74.66,66.8,44.67,67.9,34.73,40.21,55.79,43.77,70.07,33.13,22.55,70.58,23.03,24.09,44.52,21.41,74.95,74.71,68.28,63.68,63.89,43.48,39.69,25.94,79.47,24.17,73.47,34.07,39.39,26.35,78.71,38.36,77.71,31.58,72.83,20.58,63.09,35.62,44.22,45.09,61.9,35.05,31.96,75.01,35.73,29.23,58.61,52.19,56.03,74.24,56.56,55.78,43.69,45.52,69.72,21.77
1784538543.1521962,42.34,42.56,63.05,29.47,72.86,25.38,55.34,65.81,76.99,54.74,76.59,72.98,21.88,25.33,45.42,39.29,57.27,65.68,74.16,45.78,60.78,75.75,69.44,49.93,67.04,68.27,54.88,56.67,49.39,67.44,67.05,57.38,76.98,23.94,65.48,43.48,40.83,71.37,22.95,37.57,42.51,38.97,76.52,28.69,42.99,48.98,59.73,73.79,38.28,46.33,61.0,57.22,24.7,47.32,51.35,37.43,32.37,47.02,52.24,45.68,63.61,30.48,51.68,56.22
1784538543.1624734,47.92,52.95,61.86,29.07,70.59,69.51,40.88,75.99,49.91,57.58,23.97,75.09,62.88,57.68,46.28,39.61,24.56,75.13,54.06,78.82,68.76,38.22,36.4,63.71,34.6,55.11,75.21,77.15,68.77,77.47,41.05,38.44,76.61,65.85,76.4,20.95,33.08,49.88,57.94,20.73,68.24,40.7,52.74,61.93,40.41,52.32,23.27,40.21,65.96,32.03,69.47,73.79,42.33,57.6,32.99,78.84,58.29,35.53,43.59,29.07,77.74,65.27,26.15,57.14
1784538543.1727295,63.26,69.48,76.15,72.8,50.18,79.28,49.96,29.2,27.69,79.89,30.86,70.45,42.06,57.9,26.92,38.52,64.77,48.11,21.98,23.22,55.0,48.13,32.74,56.61,36.81,77.25,52.5,50.6,46.55,74.96,20.02,73.62,39.13,33.32,26.11,31.33,20.85,40.99,73.67,31.36,43.37,76.11,39.01,73.79,62.58,62.43,64.14,42.59,68.13,54.72,24.53,53.79,79.51,25.6,39.14,45.25,52.99,39.99,41.98,31.72,33.16,20.91,67.06,79.14
1784538543.1829872,20.87,48.55,66.21,79.16,79.09,70.15,56.2,57.15,64.94,49.68,62.1,20.63,35.59,34.95,76.36,71.2,46.87,48.09,74.77,51.73,43.35,28.62,76.11,67.66,44.8,46.24,71.49,63.07,35.92,22.14,79.26,76.19,79.11,56.49,41.99,64.83,21.29,62.51,24.23,29.73,53.04,26.93,54.34,46.26,35.06,53.7,40.66,57.26,38.82,43.55,42.35,51.55,30.51,35.19,43.81,40.87,53.94,44.75,50.81,32.25,60.7,51.23,34.95,65.41
1784538543.1932862,51.65,62.35,22.61,54.94,34.39,35.46,62.19,54.41,26.73,28.24,26.33,48.8,24.44,67.54,38.68,20.27,67.42,42.86,31.98,54.59,21.62,52.82,50.5,50.01,29.17,22.95,71.54,68.06,67.66,70.79,25.89,62.0,26.34,37.45,72.18,31.55,42.19,47.34,66.49,42.47,60.99,24.37,58.29,54.55,26.3,33.1,73.44,59.15,26.58,59.79,67.62,26.63,56.91,28.98,23.66,57.37,28.95,39.86,44.48,50.99,35.98,20.23,55.97,55.68
1784538543.2035468,26.19,66.46,26.12,65.37,44.85,37.36,21.74,78.77,28.99,67.96,53.6,37.11,28.6,26.91,56.02,36.18,27.56,79.03,51.38,69.78,60.54,67.62,31.86,75.84,26.74,24.12,39.52,68.57,53.6,40.68,52.42,27.42,24.68,56.44,29.55,37.69,23.7,28.12,70.05,41.84,64.33,71.58,52.25,21.47,63.76,60.71,55.74,36.5,75.47,77.53,35.98,23.58,35.1,32.05,68.55,22.8,21.88,76.19,56.82,73.42,71.23,62.78,29.93,65.12
1784538543.2137895,68.09,27.34,76.38,64.06,40.56,47.73,43.85,50.56,25.5,50.71,38.45,56.25,78.99,28.37,64.94,58.03,21.19,62.1,46.65,78.35,36.67,51.44,79.43,25.79,60.51,50.2,78.35,70.23,70.58,41.52,62.35,77.13,62.21,63.26,24.49,58.64,35.16,79.36,41.22,21.2,53.91,73.16,27.48,71.01,22.2,44.18,35.83,60.26,75.24,41.46,61.71,32.19,30.75,29.81,47.28,46.18,29.23,64.5,47.49,47.23,46.41,72.56,25.11,41.63
1784538543.224166,33.66,59.89,25.92,31.41,44.81,76.65,21.35,66.35,38.38,20.83,54.78,39.97,29.31,59.45,65.9,43.28,70.91,67.84,46.73,50.14,54.06,62.54,33.65,36.84,58.75,40.07,44.81,22.57,33.07,33.45,31.39,54.68,25.63,72.03,52.63,23.93,39.28,40.2,43.21,36.58,54.6,67.1,55.85,68.58,46.99,42.1,78.96,58.33,72.44,79.83,77.15,42.93,59.66,30.17,46.87,27.13,34.04,69.68,31.85,61.02,61.96,32.51,39.26,44.88
1784538543.2344818,29.16,38.42,32.16,52.28,77.32,69.8,44.14,29.16,77.53,79.42,69.56,62.99,55.7,47.78,41.36,74.49,68.12,41.87,77.41,45.81,22.33,35.83,57.7,32.47,77.57,21.55,64.76,69.05,51.76,61.11,70.9,46.88,35.97,38.13,37.61,58.87,60.27,62.31,21.31,60.35,52.64,58.77,68.64,40.45,39.36,30.3,61.17,42.16,42.46,76.77,22.91,67.02,51.92,47.55,69.57,56.53,36.57,33.38,27.42,25.1,70.36,59.03,33.9,77.75
1784538543.2447042,34.51,75.42,58.32,71.42,75.77,63.0,67.46,52.22,60.0,76.26,75.39,28.24,32.51,78.08,61.63,41.92,79.34,63.46,59.53,56.25,51.54,36.51,33.09,34.2,42.42,52.68,57.5,59.23,63.92,56.04,57.89,74.28,46.6,51.81,61.64,79.73,76.14,60.34,22.16,72.39,55.58,43.41,41.01,34.08,22.2,23.71,25.27,73.8,35.36,73.19,40.2,39.08,32.87,62.7,51.03,27.66,27.24,75.53,33.24,23.01,58.49,30.75,77.83,34.8
1784538543.2549517,72.92,64.29,69.3,31.18,66.79,59.63,65.24,62.28,24.36,61.39,68.2,69.09,41.08,23.34,46.14,33.61,24.14,47.43,61.72,62.91,76.62,68.38,41.68,43.2,78.8,30.58,37.11,66.34,69.68,26.6,54.23,26.79,50.79,34.48,31.8,20.92,21.49,42.48,51.46,29.35,72.49,25.78,59.51,39.67,20.52,26.33,79.72,54.29,67.66,30.68,46.54,44.81,44.27,51.77,63.21,33.62,63.6,75.59,39.64,53.93,36.67,74.41,23.97,33.76
1784538543.265229,69.98,20.4,69.49,48.49,36.15,68.66,28.96,22.83,69.8,47.65,76.07,73.39,47.18,40.51,61.59,23.53,39.38,75.28,41.87,36.35,76.55,61.46,47.92,39.63,49.86,33.77,20.12,28.88,66.55,35.58,29.07,74.54,46.94,52.45,22.9,69.88,67.94,68.71,77.5,25.06,64.95,52.48,28.56,41.29,54.06,30.77,51.7,70.89,37.65,34.57,64.4,56.77,37.56,48.54,37.53,36.05,79.98,78.64,21.19,28.87,55.96,20.78,77.08,77.86
1784538543.2754805,38.51,38.19,46.14,39.58,43.75,25.87,28.86,27.16,77.54,23.17,45.88,21.18,27.61,79.72,55.13,30.64,48.4,62.36,49.18,35.45,46.41,28.03,58.35,35.98,35.81,65.13,56.94,26.74,27.99,77.95,67.98,56.95,32.52,42.51,78.8,63.99,21.65,41.25,77.64,70.11,59.48,43.0,36.84,37.22,40.16,44.58,28.96,53.73,37.35,72.54,61.29,71.72,76.29,27.73,55.0,52.78,44.32,51.12,58.18,47.09,44.88,27.42,23.88,61.41
1784538543.285731,28.5,62.09,25.53,57.58,42.71,49.9,71.14,31.01,56.41,69.85,43.29,41.72,75.7,22.57,66.66,59.29,44.63,40.69,40.99,67.46,60.14,68.97,78.98,36.74,39.33,49.41,58.2,44.15,51.61,70.66,35.57,69.82,31.55,72.96,61.91,60.5,77.35,71.41,27.97,28.8,46.33,40.71,26.61,67.74,57.33,52.2,58.41,49.11,50.27,62.88,62.63,47.68,63.84,46.11,45.2,63.45,49.4,63.41,61.4,39.19,63.95,23.28,56.04,34.95
1784538543.2959998,73.88,42.15,51.04,62.71,65.93,42.46,48.09,32.39,64.09,74.76,70.58,46.18,67.18,77.38,59.22,23.49,22.37,29.82,30.12,49.0,62.33,66.88,73.68,73.35,30.16,23.3,52.98,62.97,64.65,61.37,30.47,35.35,67.01,24.19,25.73,37.0,77.11,29.21,69.63,69.22,39.69,33.96,39.07,57.9,62.82,67.86,56.18,23.61,58.18,53.81,60.09,21.12,74.44,41.87,33.6,39.62,75.48,54.78,64.58,39.72,63.52,44.78,71.46,59.06
1784538543.306275,22.96,61.2,71.61,52.19,42.26,42.07,26.62,51.31,60.28,68.37,49.95,33.46,42.08,49.21,30.19,63.87,35.67,29.39,54.71,45.25,56.53,41.78,37.27,38.14,54.53,20.61,69.19,78.07,57.93,58.19,69.8,65.46,73.47,30.42,77.19,66.33,61.87,25.27,76.73,68.46,56.15,64.01,63.88,57.39,51.65,37.14,69.63,74.39,25.27,58.66,28.5,54.13,52.46,61.5,50.56,78.83,56.44,45.31,41.08,32.46,65.43,51.13,74.85,73.26
1784538543.3165462,47.32,49.07,64.75,68.96,58.43,59.53,62.57,50.4,69.91,42.69,64.29,34.42,43.95,61.37,56.86,71.8,72.13,32.35,25.79,50.96,50.35,51.71,75.38,77.81,59.03,26.16,38.76,47.02,55.21,21.56,72.43,43.29,78.13,25.45,58.78,77.48,27.41,63.67,34.29,27.33,77.73,51.2,67.23,64.6,66.49,39.89,29.55,48.41,76.56,41.77,55.11,34.57,25.73,65.85,52.51,51.72,77.42,79.72,38.06,35.88,61.4,33.81,78.83,67.67
1784538543.3267941,43.92,32.68,28.83,46.24,31.29,49.0,65.99,28.28,44.84,23.95,40.34,52.1,77.38,52.8,43.74,55.7,39.57,65.23,57.15,26.27,72.91,64.28,55.5,65.21,30.21,42.4,66.14,21.75,55.91,31.8,56.09,71.19,56.32,42.74,72.6,66.54,56.73,62.82,51.37,67.36,47.3,49.46,24.62,51.48,63.76,45.33,50.52,32.66,32.63,60.71,60.73,59.08,67.79,77.63,25.03,30.98,56.29,30.57,41.22,21.33,55.17,60.01,77.84,79.07
1784538543.3371027,47.45,44.65,52.75,78.07,23.25,73.58,40.83,65.4,35.66,68.71,21.4,52.11,64.92,76.9,66.79,63.22,79.85,60.86,42.86,22.93,67.72,37.15,26.89,27.38,71.24,50.2,27.13,55.97,42.68,64.42,52.48,30.13,47.26,44.86,26.59,67.64,48.97,63.27,66.54,66.95,62.54,55.74,28.9,62.31,31.82,44.26,71.43,41.51,58.01,50.46,42.7,75.83,52.72,37.05,50.65,50.82,71.0,59.51,27.95,53.54,78.88,69.35,56.43,53.74
1784538543.3473663,41.32,36.82,27.03,55.84,39.61,31.23,52.79,41.37,53.55,40.98,28.76,29.5,28.9,52.94,28.88,40.86,53.45,53.52,32.93,34.93,24.0,55.49,38.29,59.24,36.59,37.01,47.89,54.23,61.1,41.61,34.57,66.76,45.01,75.62,47.62,52.01,35.71,78.36,30.52,71.19,70.57,41.6,54.07,72.46,25.46,72.91,35.51,62.18,64.27,56.98,76.16,35.52,52.84,76.25,70.02,73.11,30.21,35.75,54.17,55.79,67.79,75.68,21.86,56.77
1784538543.3576448,68.3,20.69,46.65,50.88,35.22,60.96,73.94,25.84,69.53,37.34,49.57,73.15,22.85,67.59,60.21,27.9,66.46,78.01,42.95,67.55,64.84,36.71,68.93,76.44,34.75,36.95,73.49,61.54,27.27,27.73,47.11,68.71,64.38,46.19,75.19,74.8,56.83,37.95,36.46,52.79,54.16,75.17,77.16,31.24,62.67,65.76,65.32,31.92,61.41,46.21,48.94,48.88,71.19,42.04,78.44,20.9,64.06,53.37,65.46,45.66,35.1,33.07,66.13,65.79
1784538543.367893,27.72,70.24,62.41,68.47,57.7,54.94,39.73,70.87,39.78,68.38,54.89,43.9,46.9,73.95,48.12,54.65,43.61,69.35,35.92,71.56,56.91,75.9,28.11,47.25,31.49,25.77,79.73,54.93,36.08,37.62,21.32,47.66,46.89,47.85,41.25,47.77,60.61,34.59,24.98,56.95,41.58,45.66,76.64,50.22,53.04,45.06,22.99,49.9,58.62,33.16,53.97,40.03,35.69,23.61,34.72,28.11,48.4,77.66,42.27,42.89,24.05,75.29,59.67,63.14
1784538543.3781455,33.5,29.87,79.94,28.33,41.96,79.57,53.27,50.04,24.04,58.86,43.59,33.93,50.6,25.66,50.98,25.07,55.47,77.06,48.02,24.07,74.16,45.25,71.55,35.19,72.77,20.57,38.29,32.47,38.29,55.98,44.39,40.55,23.41,43.84,78.32,61.42,78.89,36.55,75.9,69.3,48.6,51.74,27.28,27.79,58.23,69.4,76.58,63.89,44.81,58.32,27.53,40.87,22.36,56.53,23.7,30.33,73.98,67.27,63.68,76.36,37.87,73.12,24.01,54.97
1784538543.3883953,79.91,69.04,65.32,39.16,44.5,78.83,62.02,32.58,25.5,77.86,43.21,65.77,78.64,48.72,33.15,63.36,39.43,74.87,26.94,44.98,69.8,65.16,31.75,52.23,26.26,78.56,73.93,31.05,44.68,77.41,54.22,79.42,70.49,21.12,52.58,55.34,53.33,53.3,73.0,35.59,28.63,66.58,75.47,40.86,55.2,47.65,79.98,43.42,25.18,28.32,42.27,39.77,79.4,28.7,24.4,72.72,39.25,66.05,40.77,27.67,73.63,52.22,25.0,32.26
1784538543.3986506,47.45,24.01,76.15,28.47,56.15,38.15,60.7,22.86,54.64,62.15,21.59,69.85,42.34,62.31,61.72,53.54,20.5,35.9,62.21,69.74,70.69,61.82,68.91,32.88,61.21,76.99,79.58,68.37,56.26,66.61,42.47,56.44,24.49,28.36,39.72,37.03,69.45,64.79,63.19,54.4,26.54,37.05,55.95,77.12,70.58,70.53,31.54,60.77,22.72,65.5,74.34,74.63,45.64,47.29,72.57,23.0,32.28,65.36,52.08,30.83,29.14,54.64,68.35,31.86
1784538543.4088926,24.13,26.46,76.42,59.41,59.3,52.21,34.54,60.82,24.29,39.2,65.41,57.81,31.42,58.28,44.18,20.32,38.28,30.6,47.91,42.78,46.92,32.6,57.25,67.97,54.17,57.43,22.79,48.51,76.79,57.88,52.35,45.31,68.07,26.44,62.7,50.41,74.95,28.5,78.75,42.83,65.33,61.47,52.9,49.64,52.55,34.21,67.36,47.02,66.15,74.14,49.92,62.87,23.15,74.86,52.97,64.77,20.67,55.78,45.01,28.87,60.52,66.81,67.95,70.0
1784538543.4191308,69.37,29.77,36.53,39.77,34.63,27.27,41.64,69.76,46.8,33.13,24.93,47.3,43.62,22.43,52.97,48.38,52.95,37.41,47.76,63.29,52.65,39.41,58.23,36.26,47.69,20.44,32.21,38.71,50.83,61.98,32.76,61.91,47.55,65.07,34.64,46.37,30.09,21.05,36.02,39.52,55.5,30.31,29.95,79.49,77.3,30.18,40.05,65.21,28.77,77.97,42.66,60.82,28.06,58.36,51.17,33.79,51.29,49.87,69.21,24.0,39.13,68.91,54.06,77.56
1784538543.4293861,77.88,74.05,42.42,69.19,48.42,45.37,58.74,33.25,70.2,46.09,52.89,38.36,31.73,49.89,73.12,30.46,61.76,47.92,39.85,42.67,54.22,73.12,49.01,26.83,23.15,43.03,53.07,46.5,60.41,68.12,74.51,51.52,58.93,39.13,74.2,53.66,32.01,79.15,22.33,44.06,62.37,40.63,62.13,46.12,54.22,69.59,79.44,57.18,60.55,28.39,65.5,53.78,25.93,39.83,57.16,54.28,66.03,20.85,26.45,76.19,34.01,52.84,29.0,52.7
1784538543.4396544,45.1,60.26,24.95,58.98,56.05,23.94,62.7,57.91,50.33,25.09,68.75,25.57,23.2,28.58,79.73,65.46,34.12,47.7,49.82,37.07,47.31,59.68,57.78,30.72,67.26,39.36,64.29,42.45,41.25,75.99,76.78,59.83,41.95,57.35,32.42,66.47,34.53,72.87,40.93,69.09,36.67,21.01,38.86,45.91,29.14,71.03,74.83,76.44,44.29,49.69,54.21,51.4,48.03,48.93,61.11,71.3,54.04,66.09,44.56,58.48,64.02,55.04,69.07,51.38
1784538543.449904,26.21,72.08,23.55,28.33,65.51,73.46,20.79,64.76,29.21,77.49,33.58,31.98,27.28,65.33,62.25,55.89,62.19,29.9,75.65,43.51,65.65,42.83,72.14,75.21,38.2,46.83,57.76,60.37,28.64,44.7,54.02,66.04,39.36,35.81,49.48,44.67,22.02,50.38,62.16,73.73,46.11,73.36,69.48,30.26,21.68,73.59,59.44,29.66,71.22,22.6,54.99,63.33,27.74,33.74,24.9,61.92,78.06,25.36,34.03,73.91,56.01,44.32,45.18,63.9
1784538543.460158,48.45,61.44,33.89,73.17,52.44,25.22,55.47,45.16,24.45,42.56,69.39,70.66,56.13,35.84,22.57,56.28,53.1,77.65,67.76,44.63,47.89,21.12,77.47,66.73,36.37,61.35,21.75,76.73,49.23,35.88,57.31,21.14,60.9,71.43,35.86,34.04,20.99,20.06,39.53,30.63,29.77,30.45,38.48,35.94,58.39,65.44,64.75,73.6,62.85,42.82,37.74,28.82,24.84,73.5,45.47,35.39,51.99,43.08,51.03,70.75,33.19,61.23,78.39,42.53
1784538543.4704149,42.93,51.1,57.67,33.48,28.69,67.58,72.79,39.83,54.32,79.33,37.2,31.18,69.34,52.04,66.26,60.71,36.99,28.75,23.72,65.57,29.49,51.08,42.86,47.11,45.19,61.47,66.43,23.48,34.36,46.63,71.32,53.87,69.12,37.4,38.11,42.89,61.36,41.19,49.43,26.22,73.75,56.89,77.69,43.09,30.63,59.41,68.95,52.89,27.19,78.18,36.85,21.33,71.25,22.86,36.73,65.92,66.42,32.01,77.56,26.11,46.34,58.12,56.74,27.1
1784538543.4807417,57.72,50.14,61.69,43.68,54.66,52.72,24.11,79.01,77.79,76.14,26.2,71.84,47.88,65.8,47.44,74.93,45.79,60.57,74.55,21.17,22.89,43.25,60.49,72.53,64.62,61.51,38.9,75.47,52.51,25.07,23.5,42.36,54.26,52.45,28.48,23.83,24.52,37.68,63.77,65.95,59.22,47.02,38.32,56.35,41.24,27.8,21.54,40.32,40.05,32.61,47.95,40.41,28.42,70.73,37.35,33.35,50.19,44.83,78.85,44.32,42.89,21.1,31.82,33.05
1784538543.4910939,23.31,52.98,31.11,75.43,34.69,65.68,20.27,75.35,66.75,55.24,40.62,68.56,74.59,54.37,44.9,27.06,78.97,33.89,20.54,27.36,41.59,36.02,53.28,65.67,75.69,58.14,42.1,59.61,49.36,55.06,46.5,68.29,60.55,22.7,77.19,44.08,35.97,44.77,78.45,20.55,45.37,39.62,41.65,60.42,79.49,55.18,36.3,31.54,48.42,52.27,76.34,41.75,69.01,56.06,53.47,68.41,75.78,65.17,61.85,77.77,65.78,60.09,39.05,73.71
1784538543.5014448,51.81,43.29,28.02,77.33,63.89,46.01,33.7,26.26,76.95,54.58,48.71,63.85,44.35,50.38,65.51,64.26,49.48,51.3,51.75,66.39,56.96,53.92,74.31,44.23,65.45,61.6,51.66,57.56,40.92,73.13,60.74,68.29,29.7,66.68,55.75,27.47,37.17,71.64,36.14,50.74,75.32,25.84,77.75,60.64,31.39,53.57,26.46,57.39,40.43,64.76,76.09,74.16,45.97,55.04,39.09,20.35,34.69,25.71,65.9,79.46,63.0,50.01,63.29,66.46
1784538543.5117354,78.58,22.99,39.53,21.96,56.34,55.15,31.26,75.32,49.01,47.68,27.29,51.06,47.22,57.08,62.33,20.82,75.53,37.45,53.82,55.16,41.49,49.24,26.77,76.1,51.82,46.7,53.8,79.38,31.16,66.81,53.0,49.42,78.28,73.91,46.91,43.53,43.06,38.9,41.63,25.46,41.46,67.62,54.78,69.25,33.81,31.37,58.8,45.6,27.33,29.99,53.51,51.07,45.68,43.8,65.64,33.57,65.05,49.04,45.74,55.4,32.82,52.11,29.39,55.23
1784538543.522023,45.71,34.4,39.02,34.19,44.49,50.37,78.6,78.31,30.32,64.26,23.98,63.4,72.01,42.68,33.48,63.83,70.16,34.0,59.23,69.91,32.19,27.99,60.5,48.2,44.46,45.69,39.94,64.37,68.54,59.6,30.15,60.99,69.15,29.31,47.04,58.03,25.7,52.38,40.4,41.72,72.82,56.05,54.24,77.03,75.41,69.92,39.54,70.57,73.52,72.02,35.18,27.87,37.78,35.22,25.34,31.38,70.31,64.61,20.35,42.45,63.18,27.14,39.07,58.74
1784538543.532361,44.93,49.27,60.83,34.1,37.59,40.53,55.93,55.34,29.03,54.76,57.31,68.59,47.74,34.41,23.82,60.37,57.33,32.26,21.32,76.84,76.93,74.73,72.31,29.08,51.83,42.54,42.89,66.94,73.64,50.58,52.82,63.88,28.84,79.85,56.02,46.97,74.31,25.48,32.24,21.96,52.17,51.54,32.71,39.69,62.66,59.42,69.28,60.02,73.66,21.19,38.15,51.39,54.73,42.88,41.29,53.47,49.63,22.87,66.35,50.24,73.59,34.41,74.48,65.74
1784538543.5427217,49.46,37.55,77.42,22.74,20.7,54.01,30.9,73.03,50.45,35.92,71.53,47.94,24.4,64.51,44.51,29.94,77.38,42.46,59.01,54.95,75.03,73.03,35.28,35.51,67.0,74.94,33.99,53.65,51.85,57.77,32.69,29.06,40.09,39.02,39.95,34.81,66.86,47.32,40.68,58.58,41.45,48.36,47.31,52.37,61.1,60.87,67.69,73.48,45.33,66.51,41.01,28.19,50.02,29.84,32.66,33.57,64.58,42.46,62.75,27.15,47.57,75.02,31.16,22.33
1784538543.5529535,61.24,54.26,32.84,26.21,68.43,78.02,49.28,67.55,33.33,42.65,23.53,70.42,44.69,23.31,45.63,48.12,22.04,54.98,64.54,22.18,38.08,30.85,62.09,74.41,29.29,58.72,72.23,25.65,63.46,48.71,58.26,52.41,33.08,74.49,33.57,64.1,54.23,52.95,30.78,20.23,49.24,21.71,43.68,50.26,61.33,68.75,30.15,26.68,77.42,51.01,73.95,25.37,48.08,68.53,79.08,31.78,41.37,78.45,57.29,47.31,52.72,70.53,76.0,44.86
1784538543.5632439,70.89,49.23,70.22,41.84,40.9,36.16,26.29,21.4,61.21,38.07,48.74,67.59,30.43,36.31,76.23,45.28,42.63,56.54,62.06,34.98,42.47,29.49,78.07,25.39,24.81,63.56,55.31,73.01,75.09,37.49,24.35,20.96,79.03,66.83,50.23,30.51,46.01,45.44,62.35,37.9,38.54,45.67,20.51,42.42,73.37,44.19,43.41,29.32,61.58,63.25,52.51,44.69,41.46,41.42,72.8,74.29,49.32,21.9,46.92,52.39,69.54,32.84,48.93,29.13
1784538543.5735102,45.84,44.79,30.28,45.25,70.14,43.46,72.29,45.97,50.83,67.47,67.62,63.19,55.47,34.4,24.29,31.7,51.07,48.14,61.49,42.14,69.4,48.7,38.92,62.24,66.64,74.37,64.14,78.85,54.45,31.93,30.75,38.42,30.5,23.13,42.53,34.73,35.99,31.56,79.99,22.24,65.85,68.05,53.17,39.56,48.16,66.79,25.81,59.16,69.39,79.28,74.08,75.39,72.4,76.33,64.49,67.28,35.05,79.83,57.12,54.43,66.34,23.31,64.54,72.67
1784538543.583733,43.52,29.22,31.41,40.64,62.51,74.61,23.72,22.23,78.14,78.59,51.53,60.5,70.89,49.85,53.22,69.2,52.51,77.44,59.52,25.45,51.71,76.19,28.63,27.74,50.51,20.41,58.55,21.21,65.67,42.71,75.21,43.42,20.44,25.84,37.49,42.31,68.84,77.81,31.09,49.18,72.07,68.63,56.57,25.58,25.71,44.3,48.33,44.45,78.29,29.94,41.97,62.6,30.66,76.1,77.1,38.28,20.98,56.89,58.55,29.07,36.4,35.2,36.61,34.66
1784538543.5939982,42.22,53.32,52.65,59.64,35.47,32.07,69.1,55.12,65.35,63.15,55.74,24.81,55.94,21.66,43.75,31.16,46.01,32.71,41.98,21.19,59.96,30.65,79.79,44.61,54.43,28.83,46.94,67.18,65.61,20.44,41.16,61.38,72.85,62.27,66.3,52.8,36.06,42.41,49.74,33.07,60.89,68.61,57.95,35.33,63.54,31.16,75.35,56.44,40.28,75.12,49.74,22.81,57.26,37.65,49.57,24.94,77.98,65.78,23.36,77.61,27.14,75.87,48.2,28.72
1784538543.6043444,62.93,21.79,23.41,36.55,46.75,46.73,40.38,49.52,65.69,51.86,58.29,66.42,28.56,63.3,27.01,49.67,40.52,69.02,61.26,45.45,72.78,50.83,72.83,30.45,43.31,28.17,32.09,23.11,24.12,66.32,38.07,63.03,64.07,25.66,58.47,79.63,39.44,45.57,26.24,37.03,59.23,59.09,45.35,70.33,38.23,57.72,43.69,74.63,71.11,73.03,63.82,60.46,57.23,39.06,73.43,49.9,58.81,38.34,40.96,28.46,73.57,60.19,42.08,53.89
1784538543.6145751,74.45,31.55,70.2,77.16,50.56,25.61,28.67,22.15,50.27,75.75,38.19,28.51,56.55,66.37,36.7,75.45,74.51,53.34,69.9,30.25,77.0,63.17,45.86,74.75,30.09,68.48,72.09,60.34,20.97,38.9,50.46,59.31,26.73,49.54,41.9,20.0,30.1,46.63,32.73,37.09,45.78,74.73,66.94,29.03,72.47,49.54,32.42,44.6,42.28,42.25,26.38,46.11,40.69,27.24,26.45,70.32,41.18,66.66,25.72,56.69,66.86,36.03,69.69,78.6
1784538543.6248722,27.67,70.91,66.51,34.0,58.01,49.29,71.52,72.84,42.58,64.43,26.44,39.92,25.03,21.03,44.68,66.68,60.6,59.74,40.41,25.31,50.2,23.09,36.4,22.1,33.51,59.45,44.24,56.2,36.22,73.31,35.15,79.65,65.69,22.26,48.79,35.84,38.67,73.46,62.56,57.38,29.33,49.95,77.92,70.28,21.92,29.46,20.43,66.92,39.35,34.06,74.44,42.59,49.16,27.87,43.61,79.94,22.96,74.9,36.88,36.11,78.51,63.74,64.73,21.0
1784538543.6351142,24.8,61.45,70.37,31.93,72.28,78.79,77.13,38.68,65.64,28.03,25.32,36.54,20.92,29.4,31.5,27.29,73.49,26.34,43.67,76.63,49.49,66.59,74.9,27.23,50.09,65.68,25.3,61.59,22.42,57.84,48.73,78.93,66.29,33.58,26.24,52.36,73.83,48.0,59.85,62.39,57.11,52.21,38.96,75.7,21.77,22.97,37.16,68.86,57.81,25.67,26.15,67.53,58.62,48.81,29.99,23.83,32.46,79.23,30.29,53.32,76.82,63.32,41.03,76.24
1784538543.6454096,37.4,67.67,42.22,60.04,44.48,51.74,41.48,33.58,46.02,34.13,74.43,34.48,32.92,63.53,74.33,49.1,76.46,23.5,43.76,54.97,69.74,68.21,21.26,52.11,47.93,56.85,24.8,48.02,77.9,47.39,25.55,59.84,24.2,20.95,28.77,69.91,27.12,59.65,49.2,65.41,31.19,71.15,42.67,29.25,37.56,66.43,72.41,39.24,72.61,45.09,48.56,53.32,49.89,37.9,44.54,75.28,66.84,60.13,56.11,74.99,77.51,64.59,74.65,52.46
1784538543.6557002,56.41,36.53,67.7,23.82,35.68,71.8,41.89,79.95,24.85,53.6,48.81,41.08,36.44,40.26,48.79,37.06,74.8,46.52,55.87,67.74,77.45,43.28,38.49,55.17,29.28,76.43,40.17,58.82,74.08,41.11,45.05,28.53,49.62,23.31,68.12,78.24,51.06,26.14,43.22,53.69,23.23,41.34,51.82,38.91,23.57,42.01,39.78,36.42,44.53,73.28,76.19,52.77,20.96,45.2,61.29,79.5,71.4,59.66,43.54,70.64,54.25,72.61,37.06,28.86
1784538543.665967,38.2,21.4,71.6,53.37,39.76,70.98,40.62,30.31,55.82,57.7,28.87,33.66,51.67,56.52,61.04,72.19,62.89,37.91,27.32,28.98,51.72,30.48,50.15,38.84,69.6,52.17,41.44,43.81,40.2,70.45,71.02,68.06,62.42,37.37,75.6,29.94,59.77,53.29,56.66,53.97,76.51,66.31,38.97,62.15,31.67,58.78,53.99,57.75,67.26,61.24,34.74,79.01,59.01,28.72,26.44,29.57,42.22,44.64,59.13,53.3,30.28,54.97,23.48,75.75
1784538543.676269,70.69,61.14,66.67,70.55,67.03,73.23,61.97,68.11,47.49,73.39,25.23,79.17,42.17,47.91,29.5,28.69,71.73,56.99,52.46,26.69,56.19,66.04,42.37,25.37,32.27,55.09,76.36,38.86,37.89,22.82,61.26,40.28,70.0,38.83,48.25,64.28,36.18,20.71,35.0,67.33,78.03,62.23,70.86,64.05,68.86,33.27,29.12,69.49,59.38,67.96,31.2,35.31,73.91,64.92,68.44,75.28,21.23,53.42,55.68,56.85,26.91,64.48,58.97,62.16
1784538543.6865518,70.6,22.06,77.87,43.51,28.7,69.76,25.38,79.08,46.39,50.79,58.06,50.09,71.17,71.85,56.73,30.11,28.37,79.68,49.92,21.88,53.28,34.72,36.61,62.5,63.55,29.89,44.18,28.13,70.53,77.44,76.53,55.06,35.01,53.49,30.41,56.57,38.53,40.28,66.65,54.22,22.16,67.67,35.01,72.35,40.31,74.62,25.9,25.65,54.81,76.25,73.12,75.91,54.59,41.96,53.5,67.95,70.28,31.38,31.76,28.9,69.67,76.41,51.97,23.6
1784538543.6968238,27.64,79.81,48.59,76.57,56.28,68.36,51.57,43.12,68.48,34.67,62.38,33.72,35.98,53.27,43.2,49.45,37.48,42.02,20.46,65.2,66.78,66.22,38.77,34.06,62.15,52.61,26.62,78.46,25.72,26.98,31.5,71.72,28.94,69.26,26.27,73.7,27.91,43.65,40.44,71.34,51.91,41.78,24.66,23.42,49.38,54.52,66.36,66.26,46.65,42.32,54.85,52.26,59.67,42.19,34.68,20.31,75.22,69.09,69.39,29.93,29.75,69.92,72.54,48.57
1784538543.7071002,35.75,41.49,34.57,45.32,46.46,72.03,59.69,28.44,60.06,74.96,38.77,40.43,29.56,51.7,20.73,31.97,65.38,55.0,25.47,63.78,72.1,48.86,73.9,53.85,71.94,56.25,63.08,41.39,76.53,41.14,54.82,25.0,38.56,30.12,39.48,62.97,51.7,34.56,27.58,21.06,22.52,50.32,77.01,78.98,57.61,54.61,69.78,71.86,38.6,50.23,59.66,58.36,35.79,62.74,21.95,66.49,58.83,63.98,68.2,26.4,74.41,75.09,74.03,55.93
1784538543.717337,33.45,71.85,62.18,38.1,59.81,29.42,37.54,29.73,77.49,77.63,64.03,35.08,76.82,22.52,44.33,46.57,53.58,69.0,56.59,53.13,42.37,57.68,61.37,60.37,54.49,39.09,33.89,74.41,73.92,28.62,32.51,42.76,59.19,33.33,22.44,49.35,49.77,58.3,65.44,42.24,65.46,67.15,57.99,33.93,30.02,45.66,38.21,33.29,35.36,72.82,26.96,59.39,28.4,35.11,52.16,73.05,69.87,65.3,58.34,52.97,66.03,62.77,29.84,74.58
1784538543.7275934,57.97,59.54,71.54,74.92,73.49,36.07,36.05,24.4,75.03,56.07,70.05,45.33,51.32,32.43,37.98,44.12,57.07,76.58,64.93,27.35,68.47,27.36,60.52,53.56,46.34,53.24,57.6,66.74,54.72,53.93,22.64,51.54,75.98,51.68,71.25,36.93,23.81,34.8,73.86,26.07,61.17,75.06,70.11,31.71,67.46,49.72,28.84,64.96,76.8,70.34,44.75,77.37,43.28,31.81,56.55,56.45,70.05,58.38,21.45,77.0,66.62,64.89,55.38,39.02
1784538543.7378354,72.87,36.1,20.41,78.71,31.26,31.59,30.73,37.85,57.23,61.05,34.96,25.06,22.02,63.8,40.35,76.97,60.81,64.11,46.13,77.51,32.27,31.99,71.2,48.26,31.9,43.82,64.82,71.97,21.49,68.53,55.84,39.31,42.35,65.88,57.58,42.78,53.01,67.24,75.06,76.95,72.44,61.36,22.37,68.86,62.44,22.49,31.92,46.91,49.56,26.2,70.43,50.25,44.08,48.63,44.14,52.97,74.23,68.22,20.8,40.41,33.85,27.44,36.69,21.41
1784538543.7481425,64.05,77.77,50.61,42.68,75.18,75.7,41.51,24.99,69.34,63.42,76.15,71.09,61.61,71.5,49.32,28.79,65.92,24.89,23.32,64.9,66.32,41.07,20.74,73.07,72.25,29.98,66.73,64.7,64.25,33.19,24.12,23.36,47.95,22.53,53.46,64.44,40.89,74.92,47.56,21.85,79.15,41.15,75.16,45.5,78.13,79.38,33.37,78.26,74.19,61.85,63.45,79.04,71.58,66.59,50.66,53.6,47.32,43.85,52.94,37.04,61.97,69.78,69.65,70.17
1784538543.7584004,69.24,56.49,67.21,57.5,27.75,24.24,43.83,70.37,56.68,42.28,71.96,38.65,27.7,78.62,63.52,41.33,33.94,65.02,79.74,31.96,51.09,56.34,45.19,68.89,23.47,32.08,32.09,61.12,22.9,29.93,31.14,79.48,75.07,68.21,47.63,77.55,22.6,58.85,29.61,62.12,35.63,53.9,72.51,28.99,56.85,55.26,67.77,52.35,38.19,78.94,21.16,67.49,46.32,41.78,42.0,24.41,65.51,79.34,24.94,68.79,55.7,22.35,20.97,52.82
1784538543.7686687,54.43,76.54,62.33,47.22,27.3,67.15,26.97,54.37,60.93,26.97,44.01,49.18,56.98,46.46,73.81,43.3,63.31,53.68,42.38,67.34,75.01,63.02,21.98,35.28,47.4,27.7,77.23,51.69,58.5,34.14,75.92,60.45,54.75,29.95,57.93,72.86,34.91,74.76,36.3,42.22,60.47,62.87,38.41,47.41,23.53,37.3,57.34,58.56,53.69,65.72,35.45,47.15,79.48,23.95,27.0,36.74,76.66,79.6,21.43,54.22,68.55,41.75,57.61,30.29
1784538543.778886,32.71,40.21,60.44,50.68,41.41,63.89,48.72,77.19,33.9,71.91,25.21,60.05,50.05,36.54,57.67,36.61,53.29,48.96,42.88,65.69,59.52,26.97,70.22,33.27,47.73,77.36,59.65,69.81,30.5,52.5,34.18,74.48,21.9,69.72,51.47,24.44,63.63,22.52,21.61,48.96,24.12,75.27,27.44,64.43,66.24,46.73,32.82,71.91,71.14,63.63,39.84,53.46,66.43,23.16,50.52,75.9,38.12,25.13,36.27,29.3,53.13,64.84,61.65,73.51
1784538543.789174,33.76,63.32,21.5,64.4,55.97,73.04,22.06,32.73,31.82,28.77,72.79,22.36,39.28,60.08,58.2,35.4,75.78,48.52,65.55,48.42,29.92,63.39,51.93,66.96,59.0,35.02,25.68,28.35,35.84,65.9,53.6,53.83,76.86,32.08,54.09,52.94,31.56,73.64,21.01,77.7,34.76,29.73,77.85,51.05,54.32,74.77,43.13,42.72,67.27,54.39,42.69,63.67,26.04,72.9,70.18,68.36,57.98,74.94,40.79,42.1,35.04,77.55,32.33,36.74
1784538543.799435,41.45,63.74,72.99,39.76,52.08,63.64,21.95,26.81,21.47,37.88,51.57,31.87,72.16,48.96,51.29,59.91,23.42,67.21,47.6,31.47,26.96,78.7,48.7,65.71,30.27,27.42,40.64,53.56,40.3,26.28,31.81,33.19,68.26,42.9,36.04,27.78,68.03,31.24,59.45,30.42,50.07,31.25,35.4,42.94,78.53,50.43,37.02,76.2,77.37,33.74,65.4,66.47,76.69,69.4,24.15,59.16,29.19,30.75,55.14,29.44,30.36,62.13,65.5,41.82
1784538543.8097208,56.03,53.07,61.65,60.33,62.67,76.78,66.93,26.79,52.99,59.51,69.51,75.26,64.49,65.46,45.0,68.32,27.96,62.81,46.97,67.98,24.4,25.12,75.73,67.61,26.68,73.4,22.2,72.4,43.22,40.93,72.37,28.39,72.58,70.19,79.44,67.23,44.33,50.85,27.28,77.53,25.73,73.38,48.95,72.25,41.34,37.3,76.99,70.79,42.99,47.81,38.05,71.55,62.97,69.96,49.08,40.62,67.81,73.1,40.25,24.89,29.01,31.15,68.73,58.98
1784538543.8199806,43.14,38.52,30.26,58.67,34.12,46.88,43.97,74.56,63.67,49.72,48.62,57.37,57.25,78.78,55.96,30.09,68.32,61.56,64.84,40.27,33.92,45.04,51.86,22.62,67.84,33.61,37.9,78.32,55.99,50.03,29.23,29.01,48.52,46.8,52.7,60.58,22.02,64.53,34.83,60.27,48.01,39.35,55.66,77.35,40.7,66.16,32.93,38.97,31.99,58.07,33.62,27.06,78.38,48.34,56.08,52.61,67.38,57.99,74.47,67.86,48.05,24.89,42.6,44.85
1784538543.8303046,45.19,32.91,26.53,29.77,51.21,60.6,75.96,58.91,58.35,29.82,23.08,73.86,74.8,72.33,47.79,61.55,57.79,36.99,43.62,26.46,45.63,37.89,77.05,68.51,28.71,45.27,59.77,60.07,70.17,28.25,49.11,26.72,24.46,26.17,30.87,65.33,56.55,54.42,59.29,60.12,59.29,79.51,61.46,54.05,56.18,65.18,65.31,74.59,27.84,64.34,60.87,42.68,33.79,73.37,45.03,38.27,34.21,61.87,79.94,44.93,77.46,66.58,76.6,36.89
1784538543.840559,77.55,69.18,61.96,41.79,61.89,41.13,71.26,57.75,76.79,69.01,50.83,50.78,35.97,45.12,60.72,76.28,49.02,24.42,77.2,36.38,75.89,45.69,20.52,51.77,24.68,73.04,57.48,57.38,39.11,69.56,55.68,56.9,29.48,56.58,53.66,35.49,20.72,27.77,57.43,50.66,25.16,61.99,48.05,70.22,51.49,55.36,70.45,61.12,58.53,51.69,34.84,24.49,63.13,41.96,61.44,58.47,59.69,64.97,21.3,21.71,51.78,62.22,38.77,51.95
1784538543.8508365,66.35,44.58,23.1,72.73,64.97,49.35,39.29,42.86,37.74,29.52,36.35,57.47,60.56,63.75,28.31,37.95,39.72,71.82,62.15,61.02,51.63,46.58,29.57,79.56,45.8,66.7,28.74,68.65,29.26,79.84,66.77,37.88,43.63,38.3,53.68,20.93,65.26,64.48,74.85,36.32,37.31,24.26,64.04,33.44,73.62,74.66,64.82,44.32,78.6,69.07,39.67,23.04,76.95,79.76,30.49,28.74,46.56,69.33,75.35,20.15,71.13,73.57,39.92,55.13
1784538543.8611705,35.03,75.9,25.72,39.97,30.41,36.57,31.22,25.71,79.83,63.17,23.12,38.94,48.4,26.12,51.48,36.41,78.59,58.55,52.71,58.47,72.53,55.5,30.25,62.69,71.92,56.12,61.76,38.32,59.67,79.78,62.49,69.81,36.43,38.67,77.53,34.33,62.99,74.05,79.11,61.21,24.39,75.94,35.91,58.72,23.92,23.29,67.72,59.59,40.58,31.67,28.32,50.62,37.33,60.69,79.3,23.11,42.83,25.42,39.66,50.39,20.62,33.5,40.12,72.53
1784538543.871425,21.67,22.48,74.41,67.88,39.44,40.81,58.01,29.94,46.73,74.22,67.48,32.29,63.59,74.79,21.37,23.3,58.32,32.38,62.02,70.25,61.16,42.59,53.84,40.77,44.23,30.62,64.67,26.54,57.74,26.17,49.71,70.7,40.21,52.84,67.09,57.24,41.98,42.18,73.72,43.89,43.89,25.19,69.63,21.88,51.14,76.68,50.8,65.32,39.74,71.86,74.36,20.82,35.31,23.59,66.63,30.26,35.13,48.81,55.08,50.19,33.69,42.09,58.47,48.67
1784538543.8816998,57.41,58.4,34.38,38.69,42.91,64.0,58.48,21.47,35.58,69.04,46.61,61.8,64.79,56.56,31.91,26.1,78.65,70.13,40.5,32.56,37.2,71.12,38.62,32.24,59.9,79.23,38.03,74.39,41.75,37.16,25.23,58.9,32.39,62.92,41.18,23.94,63.96,61.29,39.07,67.42,75.72,26.84,66.48,61.79,71.74,62.11,56.93,79.42,23.01,33.86,22.8,24.19,67.93,59.16,23.47,71.03,20.08,44.62,78.84,37.25,72.93,71.92,33.32,42.52
1784538543.8919866,67.16,79.79,64.72,62.41,73.31,52.37,37.35,21.06,43.73,61.11,48.48,30.54,67.36,37.09,21.99,50.46,56.49,26.41,68.84,52.63,34.0,43.42,31.77,79.38,69.03,37.18,30.56,64.55,22.27,65.32,24.76,76.85,37.06,43.51,74.29,46.1,38.16,50.51,48.55,67.26,46.89,47.56,28.91,28.67,73.17,78.14,67.56,46.42,65.03,68.43,68.65,48.26,34.81,31.68,65.41,72.03,47.53,40.64,67.2,34.59,36.84,22.84,37.3,69.12
1784538543.9022644,65.1,30.59,73.2,55.75,71.44,24.9,53.26,63.23,34.74,33.6,68.3,79.21,63.89,38.38,56.05,37.7,43.41,76.58,51.35,65.01,70.44,41.52,35.92,23.45,33.03,73.61,30.77,59.74,79.36,57.61,74.61,23.61,71.34,39.88,59.47,70.49,72.25,48.54,52.95,75.51,79.58,44.21,26.91,42.55,64.29,46.01,63.64,57.26,61.54,77.9,53.7,44.01,47.37,35.36,79.82,46.84,61.3,54.3,76.96,28.69,65.2,66.22,72.93,44.08
1784538543.9125388,41.04,22.57,23.9,77.74,45.01,20.36,74.53,32.3,45.79,24.32,48.2,40.41,29.98,36.65,36.44,52.66,31.44,29.71,26.24,79.17,56.59,40.43,56.17,48.96,68.39,69.58,64.83,70.65,72.34,54.31,70.27,35.74,22.52,42.6,40.14,59.49,59.07,22.2,63.87,58.45,37.88,21.68,54.31,38.71,77.13,34.05,74.69,36.13,66.64,66.23,27.56,36.94,22.22,23.24,48.68,50.03,61.85,51.21,60.76,74.32,40.89,35.78,68.7,74.73
1784538543.9228435,78.63,34.27,48.12,20.59,34.34,41.23,33.23,51.35,50.67,73.98,39.89,32.96,58.65,58.77,57.96,42.09,31.09,67.74,63.33,37.43,29.89,46.58,30.87,27.09,42.36,68.19,41.19,60.03,35.81,51.58,69.31,59.01,48.07,44.94,21.45,33.49,64.07,37.16,44.51,65.11,72.73,68.09,31.84,34.08,76.75,45.95,22.64,74.04,70.4,47.08,57.53,74.94,79.36,52.94,71.83,77.91,29.37,48.17,26.1,77.22,43.91,38.0,41.51,31.23
1784538543.9331105,32.87,28.83,70.51,27.57,44.34,39.79,27.05,61.92,26.56,64.05,46.17,31.2,56.17,54.77,36.11,52.43,20.13,27.65,23.06,78.19,66.14,30.96,32.67,37.07,27.95,71.53,46.29,41.19,35.45,24.54,67.22,64.28,20.81,61.5,32.4,40.94,75.65,74.65,70.73,22.26,25.75,41.43,35.25,33.02,48.77,29.97,64.92,43.56,68.18,70.32,25.3,56.07,66.67,23.21,61.33,44.69,46.87,27.33,60.53,64.24,28.62,72.82,57.11,72.28
1784538543.9433792,67.14,67.22,62.71,68.33,64.49,47.5,30.65,75.9,31.15,72.66,22.04,28.24,76.35,70.43,78.04,75.11,49.08,44.17,34.26,40.86,52.52,74.97,64.64,76.0,58.78,75.09,69.93,59.52,24.59,73.68,30.05,60.45,79.53,52.74,34.1,53.59,77.78,47.85,36.59,77.7,47.12,67.4,38.35,21.94,47.67,40.79,50.73,66.52,32.48,28.01,47.23,41.83,24.51,62.45,45.26,71.77,37.81,65.51,35.62,70.63,22.17,47.19,48.5,37.5
1784538543.9537163,56.21,55.11,69.29,28.28,36.77,62.33,62.08,43.04,38.94,65.8,46.96,28.26,34.54,67.77,39.89,71.84,31.63,44.43,79.28,48.21,51.72,53.37,54.22,45.28,51.65,44.41,36.05,73.26,36.11,57.5,59.86,52.98,45.88,66.07,74.67,51.56,52.98,74.27,43.87,45.82,49.34,63.33,30.78,30.76,51.78,51.14,40.14,45.45,28.19,35.55,31.47,38.95,45.86,24.24,55.34,58.84,32.88,23.73,26.11,62.64,47.99,33.06,74.33,49.73
1784538543.963985,74.78,48.41,24.56,27.87,45.49,22.66,48.88,49.54,46.25,49.84,39.7,43.77,46.19,45.5,65.56,22.36,57.44,72.72,23.72,68.21,47.91,41.57,44.81,53.67,43.59,56.4,58.27,54.77,42.78,69.71,35.37,78.02,69.52,73.63,43.99,46.04,26.71,49.62,34.82,26.17,32.69,75.62,56.77,33.62,63.54,44.36,65.8,63.82,59.83,27.53,28.93,64.9,62.69,37.69,39.48,38.76,22.07,79.42,25.74,24.41,37.27,73.8,53.34,58.04
1784538543.9742513,39.14,48.64,50.94,46.12,69.78,55.55,29.54,54.65,40.93,23.01,44.33,38.93,40.29,22.65,59.06,62.7,29.1,54.5,26.9,66.64,61.53,48.92,32.25,67.97,67.93,64.51,27.32,66.63,51.8,32.96,58.99,74.69,26.66,36.32,79.29,24.12,26.75,72.27,37.58,63.56,57.37,60.92,24.29,49.16,71.96,22.27,47.63,58.67,74.41,51.39,25.77,46.05,78.37,33.09,35.11,29.08,62.85,70.72,32.35,58.31,41.19,69.71,24.04,69.4
1784538543.9845057,57.34,58.29,40.55,76.14,48.82,47.15,25.33,45.64,20.42,44.14,31.49,51.31,51.89,37.29,75.31,77.57,39.12,73.54,31.31,79.65,63.81,75.0,40.16,25.59,70.15,22.11,70.82,24.92,71.19,49.14,68.13,57.99,36.14,22.16,46.41,72.38,67.7,69.44,65.75,29.25,22.36,21.08,78.74,60.25,70.43,69.5,71.9,33.48,54.97,25.18,60.65,24.15,29.17,25.33,50.25,29.09,41.52,33.41,52.32,46.46,32.38,30.12,54.92,23.14
1784538543.994776,77.96,64.72,33.14,77.39,78.86,53.71,22.83,31.58,21.68,48.21,66.39,40.94,50.38,37.68,54.1,36.31,32.34,35.25,70.01,33.68,28.38,50.05,53.81,61.44,70.64,56.75,25.08,69.58,69.99,65.76,67.17,76.58,33.96,42.18,66.7,64.83,68.03,79.83,49.56,36.77,64.23,60.53,44.07,62.35,43.29,38.35,67.65,42.33,50.34,75.81,73.75,69.02,30.36,77.32,60.46,42.71,45.22,21.62,64.82,75.05,38.95,57.22,74.22,30.34
1784538544.0050378,69.02,33.23,70.02,54.73,37.48,26.98,47.1,42.5,27.16,70.66,43.37,30.48,54.94,57.35,20.92,24.09,35.46,49.63,33.97,48.54,67.29,48.43,51.54,24.53,39.3,46.98,26.31,75.7,33.02,50.7,24.83,23.2,38.15,60.28,45.51,79.12,50.2,39.09,73.96,22.79,21.71,40.15,66.18,75.9,25.88,32.76,68.7,70.6,45.15,68.21,43.09,58.48,75.61,76.57,78.32,44.63,65.6,70.23,53.29,29.67,37.91,38.56,67.98,53.77
1784538544.0152888,33.11,59.91,39.06,67.85,40.6,79.76,53.51,72.43,79.36,54.63,30.01,55.11,45.85,48.82,54.77,29.72,76.46,40.26,67.62,33.08,40.71,50.01,35.82,62.67,38.32,30.35,61.85,32.69,54.82,38.06,57.21,58.14,27.69,63.84,33.45,43.19,21.15,32.78,75.37,20.23,43.99,42.95,38.04,66.99,73.39,53.94,76.52,51.74,22.81,35.88,73.56,45.45,36.01,27.18,51.3,74.11,67.68,78.41,47.46,20.51,25.57,45.02,77.47,37.51
1784538544.025544,28.33,54.15,41.77,39.81,47.35,60.16,54.44,53.38,31.77,33.51,22.98,32.34,67.67,72.5,26.19,35.06,41.35,52.86,74.43,58.53,66.35,60.2,64.98,69.82,70.03,52.95,23.73,41.36,47.44,28.29,68.23,28.45,56.44,48.36,56.44,78.93,66.85,21.21,71.33,26.18,41.69,71.57,65.03,56.46,41.83,43.53,79.13,58.9,79.39,52.46,40.43,22.73,39.15,58.93,63.11,79.8,24.72,43.73,65.33,25.54,20.79,53.84,62.89,31.7
1784538544.0357852,62.62,52.14,41.04,76.6,68.42,61.78,75.32,63.73,45.23,64.21,60.16,72.18,75.1,63.96,29.38,38.35,30.42,36.81,26.71,64.07,40.6,24.76,23.88,38.62,20.24,29.24,61.71,73.14,75.72,31.38,64.55,37.03,44.48,34.36,56.58,71.88,71.93,44.23,73.58,67.29,69.82,51.39,63.03,61.43,22.22,54.77,25.73,23.06,65.72,59.31,40.27,46.32,70.89,36.04,21.27,36.24,30.43,20.4,39.19,40.4,30.1,27.28,71.29,40.98
1784538544.0461094,39.05,75.83,38.7,51.63,20.15,67.65,32.63,20.29,38.99,22.52,76.81,78.24,72.71,43.37,67.81,62.45,29.71,48.99,54.99,77.5,75.27,46.72,43.6,60.19,29.05,60.89,61.25,32.73,73.25,32.01,36.95,25.11,68.44,34.72,72.96,29.96,76.9,76.01,76.5,23.35,23.54,77.78,20.39,62.21,50.37,78.49,75.16,25.04,67.36,40.35,67.23,73.56,23.16,74.45,49.59,63.26,29.29,69.22,69.05,21.45,48.2,27.99,63.29,28.22
1784538544.0563908,53.7,70.8,29.74,40.63,63.1,56.41,44.91,27.68,52.41,24.19,75.81,74.56,68.74,73.37,45.07,61.03,71.41,20.07,34.08,61.0,34.79,27.13,22.46,76.04,27.47,60.79,26.99,78.9,60.86,29.43,38.61,26.66,79.19,27.49,20.15,55.72,37.82,64.77,70.95,56.53,51.89,75.4,64.4,27.69,40.43,58.67,30.26,78.1,62.62,77.82,47.73,24.18,69.68,62.3,58.43,55.25,76.35,25.3,69.13,55.25,29.91,53.52,40.13,32.67
1784538544.066663,47.51,29.93,27.91,75.12,43.13,69.33,79.97,62.17,24.89,43.13,35.2,20.09,28.25,41.72,44.95,44.24,65.78,77.02,34.31,22.44,69.82,64.13,40.74,76.79,64.2,68.07,69.2,73.81,72.9,37.34,51.74,33.79,69.71,43.96,36.19,45.04,63.23,30.47,48.8,45.78,53.32,63.27,67.59,51.19,52.91,47.07,36.34,33.68,25.27,20.69,61.29,52.54,74.55,55.73,30.58,27.83,42.52,45.21,42.09,20.24,70.49,27.11,25.34,35.22
1784538544.0769339,25.62,37.27,28.4,49.33,34.88,56.94,49.56,31.77,79.46,35.75,56.49,35.93,30.71,69.37,35.32,39.14,30.99,20.43,28.66,27.54,46.34,24.67,44.13,67.86,21.32,61.19,35.49,26.09,32.74,49.34,23.35,79.95,26.03,67.99,59.83,73.9,73.61,53.0,68.01,20.25,61.33,32.38,37.21,41.79,40.89,67.74,31.1,21.53,28.92,23.52,62.63,50.73,35.14,43.04,43.59,41.1,33.33,31.7,33.91,34.48,20.47,39.42,74.96,70.69
1784538544.0872028,52.57,67.63,22.82,24.55,50.18,38.8,51.46,25.17,55.52,48.72,70.84,65.39,44.99,42.75,59.86,63.78,22.09,28.08,20.79,77.31,35.43,72.16,75.55,65.59,24.16,63.55,47.29,27.83,40.36,54.11,52.18,59.94,74.16,57.9,57.13,70.51,52.71,59.61,79.38,30.27,30.32,61.53,55.14,68.09,41.55,74.43,44.41,47.57,20.54,36.94,76.55,21.87,64.97,50.32,64.37,25.99,68.71,48.84,54.37,24.64,41.56,32.4,48.02,79.83
1784538544.0974581,52.58,66.11,51.85,22.84,48.04,28.36,25.85,74.85,64.62,31.86,28.86,34.26,60.15,77.78,38.09,57.76,40.1,63.66,71.6,45.35,50.24,29.64,59.36,23.79,28.3,56.29,77.03,35.92,26.97,22.49,53.82,45.82,71.91,53.93,52.24,66.17,29.46,30.94,22.42,79.05,65.35,54.46,46.94,21.59,49.94,51.41,47.71,37.91,40.39,55.65,75.39,68.98,43.51,52.21,30.32,20.64,37.45,31.09,78.84,50.1,56.24,64.96,30.88,26.49
1784538544.1077409,74.08,73.24,65.08,23.11,64.93,71.1,45.1,79.52,44.92,61.13,40.53,74.69,36.84,20.5,56.77,68.0,67.0,25.71,61.69,22.82,73.69,47.97,56.96,75.32,25.33,50.49,70.63,34.06,60.77,25.16,58.3,73.43,30.68,67.76,58.11,57.43,31.08,71.12,70.19,35.94,27.39,33.74,30.07,50.92,54.56,68.17,41.1,77.8,67.55,71.68,44.86,44.58,24.11,68.92,74.57,50.59,42.97,38.74,66.12,43.17,23.32,69.75,55.81,49.62
1784538544.1179523,54.22,23.41,40.74,51.62,59.24,20.42,57.95,22.56,70.68,33.7,56.53,73.4,41.8,42.0,27.07,60.15,63.7,67.12,73.81,65.51,60.08,63.36,47.06,69.31,79.63,28.04,45.52,43.85,65.57,56.6,43.64,24.15,58.14,34.1,49.12,28.5,39.46,28.67,31.94,47.45,21.89,24.23,38.28,58.56,31.64,36.26,62.81,36.59,32.32,40.11,73.35,20.6,38.42,36.08,34.87,58.24,23.62,30.26,25.78,51.27,31.25,45.23,41.06,66.83
1784538544.1283004,39.28,31.41,28.68,24.0,71.99,61.43,31.84,48.58,51.53,28.01,55.91,49.41,32.08,69.29,38.28,42.6,77.7,71.27,23.54,65.07,43.96,70.57,79.04,34.56,50.27,68.03,39.25,35.3,40.37,68.59,55.08,20.48,42.46,72.72,37.8,55.99,74.15,79.89,59.86,44.78,28.34,51.35,62.41,34.74,53.25,70.98,61.77,58.28,74.45,72.34,59.49,33.27,42.53,39.32,25.79,34.91,33.26,55.89,46.78,45.08,61.6,43.39,48.54,27.06
1784538544.1385493,56.41,51.62,72.56,63.82,37.74,24.21,66.6,44.78,28.82,48.6,61.33,62.28,30.88,51.03,45.9,32.53,35.05,32.48,23.19,49.52,73.99,63.45,61.48,49.81,31.42,64.29,50.48,66.19,63.68,75.44,58.7,78.74,47.71,71.8,67.05,54.6,54.32,76.47,39.8,53.25,58.49,54.17,77.07,20.61,75.91,50.87,79.94,31.59,40.84,53.73,73.02,69.76,62.08,71.85,46.53,57.12,73.93,58.95,63.38,65.37,23.09,72.13,73.98,28.98
1784538544.1488214,38.34,52.74,24.32,24.85,49.77,48.82,37.76,37.96,66.04,49.36,27.24,28.27,45.0,33.47,56.2,39.13,67.43,30.95,63.33,31.41,62.25,53.49,69.22,64.72,60.45,75.93,76.42,58.1,28.02,30.76,60.29,77.14,42.75,21.05,55.7,74.42,77.51,21.43,31.88,33.87,22.02,63.96,41.45,66.07,32.49,63.64,59.81,78.05,55.62,56.87,77.9,56.03,46.3,52.54,39.3,66.32,53.89,59.3,62.83,52.41,61.86,38.82,68.23,25.8
1784538544.1591244,75.2,34.17,37.64,79.96,36.36,34.35,52.0,22.93,28.53,48.64,43.9,33.31,41.6,77.66,71.79,36.08,69.67,46.58,29.03,31.56,38.16,71.66,70.71,35.68,36.4,58.31,27.78,28.44,53.36,26.18,70.64,30.68,26.47,74.13,33.19,74.93,44.56,74.92,22.04,58.82,32.08,27.95,44.56,71.39,39.87,39.96,58.38,60.38,42.62,24.45,31.89,27.65,24.69,58.48,27.13,69.92,51.63,24.5,49.45,63.06,59.79,41.3,34.07,54.81
1784538544.169467,46.85,52.1,34.7,65.3,29.64,68.64,53.17,47.44,49.03,68.73,20.38,51.09,22.81,42.78,71.38,49.45,70.86,20.96,34.75,46.05,41.79,66.52,54.05,29.8,34.83,36.85,37.85,45.83,47.67,46.13,23.62,31.72,37.69,61.91,79.52,57.78,65.19,53.09,39.26,66.19,54.05,47.94,42.79,76.41,74.56,46.94,71.46,64.75,76.67,46.2,32.14,64.55,64.69,75.01,67.65,65.3,63.98,45.11,48.49,52.96,48.71,59.3,35.72,40.56
1784538544.179812,47.59,79.46,41.36,20.18,53.91,65.26,21.23,20.95,26.7,78.4,79.39,59.07,44.58,37.74,49.59,32.83,55.8,70.96,75.87,42.63,40.67,34.34,33.24,25.9,30.18,34.69,65.46,39.41,65.96,50.11,31.51,51.67,78.9,73.25,46.33,61.8,34.05,34.69,65.05,75.7,33.31,57.53,26.13,44.53,78.68,72.95,52.1,60.43,53.69,55.94,48.74,38.68,40.67,33.44,79.46,57.8,79.52,63.81,71.08,68.26,76.71,60.45,58.26,30.88
1784538544.190122,67.59,21.28,37.77,48.43,67.82,41.08,23.7,57.4,40.28,60.62,26.23,46.34,20.07,32.95,47.02,37.97,31.01,42.56,28.66,56.98,77.86,63.37,35.51,37.36,30.66,36.0,27.45,31.65,21.97,70.25,20.63,21.72,63.02,22.28,35.71,26.7,58.31,30.22,49.38,31.97,32.45,22.58,20.45,30.27,35.65,21.18,49.67,68.8,35.68,32.44,26.43,68.94,59.48,31.58,21.36,75.83,24.58,68.61,21.28,47.8,33.02,65.57,53.32,71.36
1784538544.2003994,55.81,71.21,24.16,79.27,49.85,40.05,25.08,75.83,78.06,27.68,20.52,36.44,32.58,67.68,49.34,32.45,32.77,48.01,58.55,31.74,21.02,38.92,57.85,64.94,24.86,22.54,21.37,42.94,71.39,54.23,32.29,23.7,36.79,22.63,53.34,41.71,24.96,36.37,68.71,64.48,38.33,58.56,32.39,33.4,20.68,46.56,50.27,55.9,66.85,50.25,72.45,57.07,53.69,63.86,78.79,25.18,40.28,39.84,43.93,67.82,49.06,71.99,39.38,74.37
1784538544.2106814,70.28,40.92,42.04,70.38,52.15,32.75,47.81,42.03,61.27,76.65,36.47,48.78,77.57,57.16,32.13,31.0,44.34,27.01,79.89,60.9,35.75,50.79,64.85,79.04,32.15,79.96,56.64,79.93,47.62,30.75,27.01,41.59,26.59,44.59,22.07,60.59,55.05,66.62,47.84,42.51,58.03,38.08,41.43,23.18,40.99,60.46,26.46,29.77,47.21,52.23,35.57,62.23,76.54,48.03,37.92,22.03,20.21,67.81,61.7,21.66,65.08,43.14,41.18,28.83
1784538544.2209468,49.28,44.11,26.43,37.87,56.85,60.37,58.32,37.63,78.51,44.18,48.24,53.78,70.68,50.66,52.64,31.04,65.35,61.74,70.28,62.99,44.59,72.74,79.57,30.12,44.18,76.78,43.04,45.65,74.38,60.97,54.83,72.97,58.18,23.26,48.22,78.56,74.14,46.48,31.04,71.75,21.88,72.99,25.08,28.63,66.28,66.93,64.56,43.5,58.85,36.13,68.89,29.54,77.22,32.51,48.87,60.02,59.36,47.7,78.74,62.35,25.41,53.38,27.63,62.23
1784538544.2312288,24.29,65.89,43.13,79.43,36.93,25.67,41.13,67.72,73.61,60.8,33.72,78.52,41.08,62.7,75.21,58.74,70.9,64.24,74.91,28.93,20.99,53.85,61.59,45.37,52.98,29.0,60.4,28.79,67.94,43.54,28.93,55.56,74.22,34.67,34.5,65.86,59.99,44.68,57.78,79.63,53.88,70.82,75.91,56.97,46.88,26.61,28.63,25.4,21.37,69.51,50.63,32.81,30.93,58.93,27.68,63.76,53.04,52.81,66.5,50.04,66.76,56.58,23.43,34.83
1784538544.2415135,42.67,25.56,74.32,58.82,67.23,34.57,73.01,57.24,77.1,47.63,22.82,38.31,74.22,65.8,21.23,75.62,69.46,62.91,32.29,55.52,49.39,45.3,23.55,30.71,63.22,69.3,69.41,37.3,48.17,73.5,20.98,22.6,60.62,62.71,56.39,69.36,47.06,71.76,76.28,34.29,28.08,42.93,73.71,69.06,43.04,60.94,73.98,32.89,39.83,59.83,38.19,36.41,20.07,61.77,28.58,50.49,48.72,59.48,67.65,20.12,62.59,75.57,47.47,39.09
1784538544.2517712,31.0,65.5,41.94,27.27,61.09,35.39,79.19,55.28,41.01,49.75,31.17,23.74,69.16,36.96,37.7,76.82,57.97,38.34,55.51,32.4,66.0,59.33,45.15,79.6,48.56,30.95,35.03,24.18,54.37,55.93,48.08,68.4,61.62,56.16,32.32,33.01,65.74,72.36,27.25,66.5,22.7,67.8,74.05,47.97,72.22,21.79,74.67,73.66,25.47,57.35,51.51,23.08,35.82,78.76,67.21,22.4,74.38,60.08,67.34,66.65,78.84,76.8,27.35,76.89
1784538544.2620363,23.42,46.41,59.79,20.62,59.13,53.77,70.14,26.95,49.06,56.83,56.29,47.0,58.04,69.0,41.55,48.6,77.24,51.89,73.86,34.33,50.42,34.49,42.18,56.64,57.25,22.2,21.81,28.09,24.97,39.66,40.2,76.99,71.89,62.12,62.91,63.73,60.29,54.03,24.3,68.88,67.94,26.36,75.97,30.41,57.74,33.62,22.64,77.81,72.44,75.47,35.73,56.56,47.67,51.34,33.8,65.24,76.09,24.35,48.49,44.92,44.02,45.96,46.17,41.54
1784538544.2723343,59.99,63.32,58.04,52.64,31.69,79.15,47.33,69.35,71.21,28.35,27.97,21.33,64.81,69.53,21.74,77.38,66.28,69.13,54.69,59.14,60.09,40.72,73.24,40.2,20.51,53.86,77.68,47.18,20.58,21.12,42.45,55.39,48.45,44.6,31.34,41.65,39.58,61.6,53.68,33.65,48.74,49.51,46.27,22.08,21.86,33.51,24.24,42.26,47.12,55.64,42.78,24.48,62.81,37.26,69.6,67.02,49.84,23.42,41.63,20.33,45.38,30.92,54.55,54.13
1784538544.2826424,72.2,73.96,60.62,47.65,45.45,48.7,79.86,70.97,27.33,38.08,45.97,40.46,30.02,71.89,26.71,65.75,55.96,46.79,55.17,49.91,20.49,21.99,22.24,73.38,70.31,23.2,75.83,23.47,72.85,34.11,50.81,30.7,57.23,49.99,33.51,49.01,39.77,38.13,56.64,63.84,43.51,52.21,31.13,52.51,33.21,40.22,68.2,43.33,56.32,79.16,47.27,29.67,24.31,64.85,21.26,29.48,60.65,73.66,26.05,50.54,53.29,25.1,29.05,40.51
1784538544.2929282,66.09,47.3,79.8,30.21,32.47,58.0,54.52,27.1,77.65,60.43,35.9,33.05,20.1,36.96,63.37,27.85,56.97,72.54,45.44,61.48,45.51,53.22,76.19,59.76,24.22,45.1,25.78,42.01,22.8,41.14,56.73,71.95,54.29,63.26,66.63,70.81,57.13,63.81,38.06,21.11,67.24,53.43,78.96,37.3,55.81,59.0,70.93,59.34,64.78,73.12,69.11,26.65,20.85,40.83,57.54,56.51,49.26,38.11,31.73,59.69,50.25,49.62,62.33,43.35
1784538544.303176,77.67,29.39,44.85,57.76,76.48,60.95,57.36,37.73,27.35,51.22,32.94,75.73,22.48,59.08,77.94,66.38,46.76,71.34,65.86,42.84,43.69,56.64,35.61,57.49,29.3,60.7,24.71,22.83,57.88,70.25,56.91,76.51,39.45,46.23,72.39,40.77,71.52,67.5,68.41,32.52,39.71,53.81,47.17,45.73,53.57,27.23,54.93,74.77,43.0,54.83,37.73,21.72,64.06,71.09,47.01,33.3,27.65,58.83,52.69,47.86,52.08,52.16,34.79,48.76
1784538544.3134458,78.67,70.79,60.81,46.5,70.31,57.82,69.06,29.13,71.57,49.08,23.31,75.53,28.04,52.15,36.72,29.1,33.15,73.96,23.17,79.59,62.58,63.68,20.97,63.0,64.5,32.08,40.56,20.95,63.05,77.83,69.15,49.62,24.81,33.43,35.88,35.96,57.49,57.99,38.25,73.15,45.1,25.32,33.35,48.39,76.35,59.17,58.83,65.13,40.73,65.2,68.81,38.71,27.2,65.25,37.54,29.81,44.65,32.61,69.16,70.37,76.37,32.38,51.49,74.02
1784538544.3237405,31.2,24.21,38.21,46.11,75.52,53.35,28.65,23.81,60.78,77.3,42.86,54.67,20.87,37.36,48.46,56.84,31.7,33.1,27.67,73.81,27.82,52.87,58.96,68.81,43.2,27.75,67.03,41.34,60.93,25.29,59.99,70.25,29.07,49.71,74.99,30.27,28.01,35.66,21.58,56.84,25.95,44.94,49.55,32.59,27.09,69.11,56.32,60.45,43.64,42.6,57.85,62.72,48.58,63.0,62.23,66.81,71.13,66.39,31.99,46.95,33.37,33.17,65.77,22.75
1784538544.3339825,66.19,40.81,20.01,41.7,35.52,31.4,52.63,43.23,73.8,63.07,47.6,39.97,23.52,53.47,53.44,67.63,49.18,62.16,60.11,53.83,79.6,22.32,65.96,78.81,79.39,34.54,69.13,57.44,51.78,35.55,76.01,37.73,61.96,46.06,24.04,77.6,48.37,30.45,71.08,65.46,75.18,51.57,31.86,59.62,65.6,23.29,38.81,28.14,47.79,29.48,43.69,22.71,37.72,69.13,39.14,50.98,77.03,37.35,71.37,34.18,44.96,71.86,46.7,21.46
1784538544.3442502,33.8,46.7,34.77,47.55,30.63,52.02,35.46,32.04,23.87,31.08,61.29,51.89,77.54,52.78,65.49,72.71,32.95,43.56,32.98,77.81,78.66,78.94,74.69,44.53,79.89,68.43,74.09,69.97,48.92,38.19,54.05,27.28,57.48,68.22,45.68,23.41,38.05,70.81,25.96,72.4,76.44,34.77,32.74,64.87,42.91,68.51,32.55,57.04,25.49,21.37,45.11,31.86,29.5,39.76,47.27,24.37,49.69,39.16,60.17,32.95,62.69,28.6,25.61,26.68
1784538544.3546824,39.24,34.9,22.0,36.18,53.44,41.32,61.15,70.84,36.35,49.01,60.34,34.06,56.35,55.57,33.77,49.74,55.91,42.01,45.0,58.92,64.57,66.18,78.23,53.21,30.2,20.69,43.05,37.87,73.45,46.91,57.06,61.95,53.99,44.59,27.13,32.23,30.84,38.9,53.12,52.95,74.97,25.77,26.28,77.82,78.44,70.51,76.2,62.95,37.41,53.63,37.97,62.63,45.18,41.48,25.81,46.3,42.26,61.69,21.6,43.82,34.64,68.28,24.79,30.17
1784538544.3649628,35.72,78.36,54.33,55.16,76.64,49.43,45.91,78.44,78.29,46.39,35.24,48.06,43.23,24.79,49.9,27.31,47.18,62.97,66.13,61.33,65.77,75.51,37.98,56.37,21.32,50.55,77.11,69.64,42.38,45.68,74.71,49.89,64.4,63.32,77.11,62.48,59.83,76.5,50.51,39.69,68.84,55.15,25.34,45.79,49.82,44.34,55.77,31.18,71.06,34.41,68.65,64.11,70.63,62.9,61.74,66.66,67.1,59.62,70.47,58.98,76.28,49.36,53.08,64.74
1784538544.375254,79.43,43.01,67.33,42.04,70.93,20.04,37.78,62.13,33.47,21.57,59.81,59.12,60.68,29.08,27.37,71.06,60.46,68.17,55.44,28.56,28.67,30.06,58.46,42.85,48.82,37.61,79.61,41.89,40.64,46.67,24.88,64.67,49.31,39.2,35.29,51.59,44.31,42.21,43.79,63.03,22.7,24.57,64.94,38.82,44.93,20.09,65.92,67.67,62.79,52.22,59.82,25.83,78.37,63.54,24.11,24.95,39.78,26.57,63.37,29.24,32.34,27.97,78.24,24.04
1784538544.3855536,38.44,33.65,40.91,66.25,24.9,30.31,28.35,35.93,57.31,28.35,20.11,62.1,22.98,53.44,41.54,50.16,62.01,26.91,75.36,79.28,24.38,46.48,45.57,33.07,63.04,68.1,56.0,55.49,37.81,70.66,34.44,27.21,51.5,34.73,25.45,40.66,25.13,55.8,36.46,28.91,70.77,59.72,76.76,20.66,44.53,22.11,37.13,52.87,46.72,49.26,29.27,50.44,35.95,31.23,75.22,35.97,35.46,43.48,57.13,79.27,52.09,79.9,70.95,39.22
1784538544.3958557,58.64,71.32,41.08,30.88,45.14,31.38,72.32,42.59,64.83,68.17,68.51,59.94,67.78,70.22,76.13,40.73,39.0,46.11,59.65,50.23,51.84,50.54,59.33,40.07,31.91,33.59,25.75,60.94,71.12,32.17,54.57,43.69,43.27,55.73,69.69,67.79,35.94,74.78,32.47,41.27,20.36,53.42,60.44,63.35,59.43,25.33,38.53,79.26,50.25,74.97,30.33,37.93,74.42,26.36,39.88,27.05,43.12,20.99,26.5,36.22,47.58,70.09,55.34,66.14
1784538544.4061193,40.71,41.75,38.18,27.57,61.4,75.72,71.88,35.71,46.25,52.02,46.96,65.67,25.81,53.6,29.39,74.05,42.54,72.27,47.4,42.51,36.55,29.8,35.88,48.19,37.21,37.31,61.73,30.4,62.19,32.54,49.33,78.14,34.18,53.01,39.3,33.14,66.89,69.56,27.2,75.54,78.43,39.64,32.69,65.3,75.0,78.97,43.9,55.23,41.48,75.39,64.36,66.76,27.31,28.79,65.58,20.11,42.15,45.49,75.63,20.15,36.19,22.75,65.6,28.37
1784538544.4163532,38.32,46.39,72.27,53.62,28.89,77.21,39.09,64.93,63.52,29.15,55.36,74.99,22.62,39.93,62.09,79.78,61.95,54.46,31.62,76.36,36.77,78.29,60.35,51.12,33.68,31.71,62.78,26.96,43.57,42.41,50.09,41.93,76.81,58.54,77.0,53.19,43.91,70.82,31.29,40.12,37.85,59.13,24.24,35.71,39.07,49.3,42.05,22.11,31.27,34.91,52.39,59.54,59.48,34.89,55.12,53.78,37.39,59.07,45.92,53.62,75.36,21.55,67.05,55.7
1784538544.426615,67.42,44.05,47.44,77.5,60.36,33.59,65.11,32.86,78.59,38.05,39.93,51.33,68.09,42.26,44.98,76.58,34.37,76.77,47.47,48.09,66.04,23.59,36.4,76.47,50.94,33.22,54.82,21.31,24.85,76.33,64.5,23.01,24.47,42.7,73.46,37.4,24.13,48.89,35.43,66.4,48.82,63.25,79.74,76.79,64.58,24.02,34.04,27.37,42.28,58.62,32.01,76.94,79.47,64.07,46.19,64.75,67.49,47.9,31.44,52.35,40.52,41.42,58.53,22.09
1784538544.4369452,36.26,64.73,37.03,25.9,26.93,35.59,36.55,63.87,51.02,42.77,32.48,43.8,65.28,38.3,56.93,69.71,54.64,77.81,58.7,37.19,25.42,38.88,24.63,79.25,35.84,54.34,42.75,63.18,25.38,52.13,66.77,29.71,51.62,33.66,29.61,46.49,31.92,72.23,47.26,47.66,56.38,30.01,50.31,39.03,67.22,42.56,43.63,45.51,45.78,79.86,26.94,43.43,69.18,22.68,61.33,37.31,48.65,77.58,26.16,69.77,56.61,48.24,63.83,31.27
1784538544.4472625,75.1,74.95,47.36,60.37,78.28,55.16,37.03,70.09,51.13,57.24,28.39,45.95,32.49,58.18,55.41,20.61,21.29,40.57,48.02,44.76,41.82,47.47,43.77,37.91,59.06,24.17,58.72,72.24,44.79,32.36,72.67,20.93,34.44,47.77,54.42,74.63,40.41,71.32,24.64,63.55,74.44,30.45,56.81,57.64,43.7,29.93,64.96,30.57,48.51,21.46,67.86,28.58,63.9,27.41,52.73,23.92,60.45,53.74,61.54,59.91,37.67,25.17,39.64,73.16
1784538544.4576032,43.42,45.43,59.02,77.82,30.58,66.39,79.84,26.66,27.91,23.6,72.73,38.3,29.21,40.66,22.47,55.21,22.2,22.83,76.72,37.39,43.5,51.79,75.19,52.33,36.93,42.73,22.45,48.0,57.82,34.69,41.34,76.06,57.16,32.04,24.58,39.39,73.34,62.53,76.72,70.2,35.1,39.71,28.42,72.39,46.77,22.78,71.81,72.0,26.54,49.35,68.13,61.48,27.49,36.74,73.07,54.41,72.24,49.05,46.86,68.18,24.65,51.03,50.59,67.29
1784538544.46797,63.49,60.98,63.75,35.64,36.59,76.33,44.24,74.31,56.78,65.18,35.67,58.74,75.66,23.39,32.74,70.62,37.09,69.95,74.94,40.82,47.16,21.12,53.5,46.87,33.89,49.68,61.71,59.94,71.27,36.35,48.94,54.46,65.51,54.49,40.91,46.92,30.0,23.13,53.53,56.78,57.93,55.43,65.98,54.81,32.16,24.85,24.42,66.4,59.28,42.91,78.51,27.05,77.6,31.19,79.33,44.61,67.71,50.41,70.58,60.46,58.75,31.42,34.38,27.49
1784538544.478256,27.43,23.85,38.33,51.31,71.33,66.8,71.3,68.88,28.83,47.35,23.44,62.87,72.76,66.25,35.76,49.44,38.14,20.84,38.27,76.04,21.92,27.3,52.81,31.48,60.19,38.36,63.41,22.28,32.63,67.14,48.45,22.53,57.66,65.5,31.62,33.06,33.28,68.26,28.5,76.37,23.34,65.92,72.37,34.38,34.59,28.23,63.04,29.32,31.39,24.17,25.3,26.04,45.87,75.58,53.17,56.79,21.82,23.21,31.96,62.37,75.66,71.59,58.92,64.82
1784538544.4885314,60.11,28.6,37.02,72.95,50.1,47.21,74.97,58.33,49.05,43.59,79.17,35.46,65.12,39.61,62.03,76.02,61.99,49.05,64.71,46.62,45.79,36.12,58.18,49.69,52.97,56.29,60.9,55.5,48.46,20.61,40.12,58.59,62.07,43.49,71.34,77.25,21.96,49.93,22.87,66.29,27.82,63.35,33.7,23.88,70.07,32.88,77.89,64.36,74.3,59.62,42.68,21.83,46.42,23.71,23.92,57.8,59.17,25.7,38.79,73.17,33.45,62.8,43.9,36.52
1784538544.4988344,20.16,29.15,66.12,67.32,63.82,22.06,25.03,36.47,38.01,71.55,75.61,36.93,65.35,40.73,72.37,74.58,29.43,49.95,23.48,54.88,26.22,49.25,51.94,54.13,72.89,38.29,69.02,36.76,41.89,61.17,57.44,44.62,71.55,34.82,63.37,33.9,71.71,42.27,72.27,50.02,30.85,21.99,35.75,53.9,67.04,76.71,76.46,52.34,24.08,35.81,79.97,48.04,43.64,73.69,68.97,46.87,38.85,77.6,79.4,66.26,70.31,62.43,25.99,21.44
1784538544.5090914,68.1,23.25,32.77,71.82,67.71,69.78,76.81,34.07,38.12,59.46,73.81,79.05,22.73,28.17,58.96,60.3,52.85,57.24,39.32,26.51,37.93,61.51,38.14,39.65,65.99,34.53,43.78,74.09,48.91,61.51,53.27,58.02,68.76,41.69,23.81,48.38,50.03,48.84,60.85,58.76,50.05,25.94,21.95,40.49,55.36,70.29,45.49,42.42,41.76,74.51,44.53,35.3,46.64,65.94,26.28,34.2,52.77,39.7,22.72,56.56,47.9,25.09,47.33,45.74
1784538544.5193553,58.6,47.55,66.89,20.77,49.71,28.27,36.97,26.53,48.88,73.67,55.53,64.13,20.47,68.04,61.13,37.18,45.19,48.51,28.68,42.46,64.67,33.15,52.06,63.7,27.63,45.67,35.66,24.26,62.44,39.01,62.05,54.82,69.36,52.21,26.66,53.69,64.45,53.85,52.81,53.53,62.02,78.7,35.53,30.83,24.0,46.46,54.27,55.68,54.18,33.91,56.49,33.9,64.19,43.15,49.93,29.69,50.69,64.06,46.38,47.36,75.05,48.67,35.28,22.97
1784538544.5296762,57.0,61.49,48.17,24.17,43.57,22.83,47.54,47.73,61.41,27.42,21.54,60.44,79.42,54.06,35.21,75.69,66.41,42.85,49.6,73.89,31.81,70.27,36.75,20.18,29.76,27.54,72.55,22.76,69.91,26.24,21.2,37.97,60.76,34.65,35.47,32.04,28.46,75.0,78.04,66.09,76.9,53.75,32.28,66.65,40.13,41.65,60.58,60.72,71.21,76.73,27.95,22.98,75.4,50.57,22.12,70.18,20.89,61.64,60.37,46.66,38.89,57.69,54.22,74.01
1784538544.539965,27.0,53.2,63.74,63.64,29.26,40.14,21.01,77.69,79.92,32.64,65.01,42.85,56.99,69.56,71.05,62.26,20.01,22.68,40.72,20.93,77.27,67.72,23.4,67.89,72.84,35.84,59.81,66.17,79.36,45.41,62.36,20.38,32.42,79.56,44.29,45.83,69.44,54.25,23.42,25.17,39.59,76.25,25.98,30.12,70.47,58.5,55.78,34.14,64.18,74.17,36.72,53.34,23.37,64.67,66.35,42.08,59.68,77.64,59.24,33.77,59.14,43.84,44.46,69.46
1784538544.5503502,38.81,29.86,20.82,37.63,62.99,74.97,31.7,33.07,71.61,24.78,34.47,76.15,24.85,50.75,33.44,26.96,23.87,52.68,20.59,42.03,71.5,37.06,48.81,61.54,78.0,43.23,45.72,57.67,32.44,21.28,65.26,45.55,68.08,32.09,27.53,25.51,51.83,28.06,56.3,21.68,38.39,22.46,50.47,61.26,35.82,65.55,36.59,47.3,43.11,65.46,39.06,66.3,70.41,67.85,22.28,37.96,51.89,53.24,34.75,75.44,66.34,54.32,32.31,31.74
1784538544.5606375,20.39,75.14,45.12,49.87,48.72,64.4,70.07,42.45,44.47,51.32,30.03,29.28,55.47,35.31,71.82,68.72,50.73,65.1,28.68,68.69,41.05,65.29,65.2,48.48,67.19,58.78,36.65,70.16,73.88,23.69,63.14,29.78,56.93,45.59,23.93,47.51,52.89,59.78,62.52,40.89,30.32,75.89,53.75,35.7,71.01,56.22,71.51,43.86,69.43,43.72,49.41,32.51,29.87,51.33,75.22,76.87,35.89,26.59,39.71,65.39,20.88,35.26,21.16,40.82
1784538544.5709975,21.08,35.24,31.44,35.12,40.91,51.45,63.05,46.52,27.85,55.49,32.59,52.9,69.64,43.99,60.65,64.32,37.11,48.95,75.06,42.89,43.42,41.14,71.09,23.78,65.23,40.22,71.25,50.75,74.24,31.94,26.85,49.61,37.64,65.26,69.36,31.28,74.29,36.79,47.96,56.94,38.05,28.12,68.92,66.8,26.78,28.1,50.93,64.9,30.02,68.94,47.6,44.43,72.09,45.79,57.02,23.81,25.83,79.52,46.25,29.53,57.55,20.38,47.88,63.03
1784538544.5812998,65.92,47.45,21.5,33.37,30.77,40.47,24.71,35.45,54.57,34.22,51.73,71.86,79.02,24.85,23.71,66.44,73.83,44.93,28.58,58.08,65.76,58.76,74.14,44.52,61.73,42.73,22.73,72.95,72.36,58.63,44.38,45.72,60.91,22.34,68.07,31.44,27.71,26.85,43.5,73.62,47.06,56.28,54.28,41.75,31.13,74.91,79.1,66.47,74.09,60.39,37.68,26.85,28.03,54.63,51.48,74.94,73.1,53.79,61.86,61.74,23.73,36.44,48.53,41.59
1784538544.5915623,40.11,40.11,58.65,26.73,60.81,33.13,59.71,77.96,73.85,63.03,53.65,66.48,21.27,77.91,30.58,54.52,34.06,62.07,78.17,79.71,32.31,24.52,32.62,66.95,59.6,51.75,79.16,45.01,75.99,52.37,70.28,65.37,55.55,33.77,48.0,67.93,74.55,67.47,59.88,65.66,77.16,51.89,41.5,41.61,72.55,60.42,36.55,25.03,74.82,51.77,20.54,59.1,43.91,21.92,41.38,72.12,60.67,20.39,65.11,34.41,36.72,66.8,73.97,48.89
1784538544.60192,20.2,59.7,48.38,67.9,33.92,50.86,65.95,29.5,71.18,71.82,79.72,55.48,34.13,35.85,45.42,53.8,43.44,40.91,48.25,28.3,36.43,34.49,21.59,61.23,33.29,72.02,69.87,70.97,43.15,70.11,24.9,71.35,37.59,20.53,79.16,49.47,31.2,58.22,58.43,44.98,67.03,49.63,47.84,74.2,41.43,34.48,43.74,30.48,43.35,62.36,34.91,62.96,27.84,47.93,34.47,59.21,73.29,67.67,37.97,69.78,21.84,77.14,24.86,24.55
1784538544.6122005,62.59,26.06,66.3,54.94,33.29,68.55,59.02,70.73,74.11,29.19,52.09,34.5,40.61,57.85,76.2,43.11,50.54,48.68,53.77,44.36,30.89,54.18,53.55,48.63,36.19,33.92,43.79,20.4,73.82,34.51,51.94,54.77,30.46,76.87,25.0,49.38,42.41,28.71,35.51,47.7,51.54,62.38,56.7,43.46,74.34,50.7,73.9,70.86,48.02,60.93,37.72,44.2,50.08,28.01,27.27,20.19,26.51,64.93,30.75,28.95,21.28,37.34,26.59,24.25
1784538544.6224332,38.42,35.5,28.61,61.12,33.42,76.91,62.1,63.6,62.0,36.41,45.81,33.47,69.82,65.69,65.96,28.13,53.8,53.23,70.45,43.14,56.0,71.83,40.08,78.46,64.14,66.91,79.14,56.82,61.8,57.24,50.58,65.35,36.63,46.72,41.36,29.17,71.68,32.38,62.88,68.77,68.66,73.97,62.38,72.15,59.78,39.91,39.29,76.04,23.88,58.95,39.75,25.0,35.12,63.72,69.14,79.8,20.16,59.65,71.37,66.05,44.27,57.28,61.59,42.99
1784538544.632724,76.41,65.23,54.09,62.26,58.28,56.9,65.02,41.12,65.5,30.98,53.82,28.82,69.41,68.07,60.8,66.9,79.34,79.54,33.82,60.83,78.95,73.07,50.27,43.83,48.04,59.82,79.8,64.39,51.92,63.5,65.34,31.91,79.48,51.36,54.77,59.84,58.69,77.49,52.32,63.86,39.5,60.18,35.36,74.9,48.75,21.7,70.11,61.79,42.72,43.99,25.31,46.2,30.1,21.25,73.05,21.61,29.62,76.94,59.06,78.94,24.11,77.38,45.5,51.59
1784538544.642993,54.58,23.81,21.38,54.13,20.95,74.02,39.58,39.4,25.87,36.56,47.16,23.75,32.95,74.73,69.38,62.33,39.96,75.17,56.54,67.96,43.73,71.94,20.95,78.92,38.41,74.7,52.65,20.85,33.97,76.42,45.82,34.81,28.05,25.93,75.53,52.43,32.44,20.71,27.58,59.05,29.2,73.65,22.24,27.41,25.22,40.04,32.8,39.64,32.77,54.59,35.61,41.03,58.7,50.34,80.0,29.15,41.16,64.11,73.2,55.3,41.01,21.43,36.96,66.94
1784538544.6532984,58.9,32.73,36.16,62.95,37.56,36.14,51.07,23.12,61.54,79.68,71.07,45.22,75.06,77.64,79.25,45.38,63.44,48.26,52.23,46.92,27.87,51.95,30.93,62.71,38.02,53.52,64.26,77.79,78.84,21.82,24.53,73.18,38.24,38.72,47.34,29.35,42.71,28.32,63.97,56.33,34.9,52.13,42.68,59.05,38.78,24.88,55.87,37.35,77.6,52.02,63.12,36.76,25.11,41.65,47.8,42.36,27.97,74.73,36.12,69.63,27.93,53.63,69.66,38.55
1784538544.663572,26.54,22.07,62.64,61.74,72.26,56.61,35.21,51.3,51.61,28.99,22.15,55.06,78.04,78.08,46.46,66.33,35.93,31.97,38.92,28.53,52.62,58.28,40.3,40.32,65.12,61.01,53.26,76.72,46.54,31.45,63.93,49.3,30.46,35.39,62.73,41.09,25.64,20.42,64.12,36.88,56.68,45.64,33.01,62.14,44.78,34.96,50.48,51.0,34.61,50.53,34.31,54.64,42.48,53.37,77.06,31.82,44.13,48.58,72.18,21.24,49.79,65.36,61.63,62.49
1784538544.6738322,57.13,67.92,39.73,70.55,28.67,25.5,45.86,57.84,60.72,33.42,66.16,48.56,53.79,31.93,66.34,35.96,36.32,32.83,61.75,61.47,74.76,79.41,34.19,77.63,41.0,44.59,42.2,38.64,61.76,31.96,29.38,67.26,76.1,30.42,63.96,65.01,20.32,57.14,59.26,53.72,51.5,33.26,52.5,67.72,37.86,47.27,46.06,58.45,30.42,54.96,77.43,26.37,50.2,21.05,70.69,25.39,34.51,43.77,23.11,53.48,51.46,38.31,66.75,28.37
1784538544.684121,60.27,60.07,49.92,32.2,58.75,40.29,38.51,31.7,42.18,68.23,31.6,23.88,25.81,71.0,46.3,78.89,70.88,67.46,41.68,44.74,34.07,20.51,36.97,45.09,66.39,71.32,67.63,73.88,41.57,53.73,58.07,61.84,72.74,37.62,56.37,70.51,38.7,40.47,44.98,51.78,36.85,79.7,53.51,30.94,67.93,76.35,65.65,39.71,38.45,54.01,55.06,75.12,39.74,71.2,35.71,30.4,27.88,52.91,67.21,28.19,79.03,42.84,72.24,74.81
1784538544.6943877,57.81,71.2,36.94,25.21,48.5,44.1,32.08,75.76,65.4,40.15,42.05,76.75,45.33,55.34,44.38,75.05,27.46,33.18,64.51,42.69,68.4,76.55,22.77,26.01,41.69,40.84,23.95,64.27,63.26,37.13,54.75,63.7,42.35,78.05,24.84,45.63,70.54,65.08,24.72,73.19,42.9,69.22,50.42,27.53,43.07,50.45,69.88,28.59,72.33,36.58,55.02,73.48,28.73,71.05,38.55,58.76,72.54,59.18,24.32,46.92,77.28,20.48,68.4,35.04
1784538544.7046435,72.67,29.77,67.72,22.25,22.71,32.4,21.31,48.04,72.71,62.04,51.66,78.35,33.06,65.18,36.82,34.67,66.21,76.42,50.34,71.31,57.92,27.84,71.73,57.73,60.71,56.23,20.66,41.13,49.53,21.48,21.75,55.81,24.32,69.07,51.14,60.96,46.97,23.41,64.16,42.66,29.53,21.93,39.21,23.81,59.04,67.47,25.83,48.42,74.87,55.63,23.64,50.39,36.45,60.52,56.92,39.35,55.04,33.69,66.1,24.57,48.33,37.12,66.56,23.44
1784538544.7149565,20.22,74.41,22.51,48.06,55.43,46.34,46.36,50.05,49.1,30.45,56.82,48.6,65.07,64.42,64.99,68.29,77.37,73.76,24.77,64.3,44.53,23.54,40.07,23.49,72.49,30.23,22.01,33.14,76.47,73.0,73.6,22.4,29.95,23.61,62.58,43.06,29.79,60.15,31.45,20.72,36.8,70.84,26.77,52.53,50.99,35.13,35.74,56.25,25.05,75.1,42.25,37.74,37.05,24.88,42.85,67.65,47.96,20.31,37.54,70.73,59.83,39.03,52.99,22.53
1784538544.725263,71.81,72.12,29.58,30.31,35.1,47.41,38.29,33.11,66.78,43.1,48.6,48.78,47.79,63.73,72.12,37.33,31.47,36.35,69.79,46.78,57.09,41.97,66.13,32.62,26.72,51.28,29.43,73.01,60.49,66.25,52.14,75.5,51.26,50.84,39.58,41.51,72.38,24.33,43.62,28.09,23.57,66.24,67.4,23.67,75.35,61.92,68.63,59.47,78.11,70.76,46.27,65.19,37.43,31.47,20.54,46.64,36.37,67.95,20.48,40.19,59.8,38.31,23.39,47.01
1784538544.7356155,67.64,57.53,52.88,30.46,49.03,61.88,40.23,55.0,20.24,75.66,66.76,24.19,29.53,53.91,60.64,50.77,47.61,68.12,32.15,50.47,77.66,67.19,57.67,76.11,50.71,79.82,62.92,62.63,24.08,70.84,37.11,74.58,57.68,62.19,64.8,75.07,41.71,44.53,52.86,74.09,28.76,27.49,35.08,32.02,20.16,56.7,75.83,70.59,56.73,45.09,29.12,20.48,32.9,50.28,33.19,56.55,47.29,56.94,41.57,25.21,22.47,30.7,51.15,29.81
1784538544.74586,48.14,68.26,76.8,26.26,69.83,47.09,77.94,21.45,21.64,63.58,58.36,41.79,26.19,73.48,77.53,78.87,34.92,75.65,65.91,32.33,40.78,40.54,49.05,57.9,57.34,72.73,43.53,77.99,27.3,38.93,79.82,45.96,43.7,35.15,33.89,51.33,69.65,46.77,39.96,69.37,48.15,72.4,74.41,74.87,26.44,27.75,27.63,35.69,78.65,46.61,69.32,26.32,65.17,67.03,21.85,25.58,49.24,67.48,58.15,28.51,23.88,77.36,43.72,54.6
1784538544.7561805,65.07,27.95,50.17,29.41,75.18,20.32,44.56,20.78,64.56,76.47,35.71,63.3,23.49,70.18,76.66,60.29,72.98,28.9,79.62,56.8,73.4,59.47,40.13,39.35,28.84,52.15,52.62,42.17,31.66,78.67,66.5,61.71,62.7,65.18,33.98,68.91,34.45,27.74,69.93,49.89,20.22,36.72,38.65,43.06,67.53,72.25,68.46,34.11,61.25,55.04,60.01,46.77,60.81,63.52,29.24,26.08,31.33,23.7,45.67,56.21,43.18,55.35,54.0,32.62
1784538544.7664852,35.56,67.01,69.41,71.56,46.88,29.32,38.08,32.54,20.51,61.93,42.3,41.25,42.93,68.87,50.12,48.47,41.28,77.04,58.11,33.76,20.1,73.33,40.81,68.82,57.92,78.81,36.08,25.74,29.88,74.55,52.19,61.67,70.22,31.28,59.14,29.16,43.26,36.23,76.12,55.54,59.02,55.18,78.98,65.69,63.44,50.35,37.72,70.05,58.15,58.37,35.3,51.16,23.03,50.44,49.48,63.77,58.89,76.74,45.18,65.19,49.65,30.68,31.76,64.7
1784538544.7767704,67.72,47.38,57.03,61.67,45.73,78.1,35.87,21.43,35.65,22.66,67.69,48.53,30.73,56.11,40.6,62.83,31.8,62.21,44.58,25.52,69.79,41.63,45.3,50.59,21.3,74.88,28.45,58.66,25.85,57.83,53.91,76.1,57.72,51.17,29.87,65.92,73.98,29.17,60.1,57.14,65.21,41.9,30.9,55.68,76.95,60.1,39.82,28.29,22.97,76.07,46.01,73.59,54.94,76.48,75.69,21.57,22.19,21.76,69.01,65.01,23.55,68.47,79.5,44.47
1784538544.7870255,69.92,68.19,26.73,35.77,39.14,28.26,43.6,69.0,73.13,20.62,60.4,44.49,75.4,43.13,69.57,65.99,50.01,45.26,46.63,64.88,75.51,46.71,22.81,79.75,66.52,51.1,20.19,57.99,21.94,64.47,48.34,65.06,50.78,54.12,68.18,68.25,30.09,29.32,53.6,65.39,31.18,38.14,41.39,44.93,52.06,51.68,72.38,31.81,49.39,40.25,29.55,54.07,72.49,46.06,24.04,52.2,75.82,69.33,58.28,76.04,24.95,52.87,39.68,67.07
1784538544.7973394,72.49,57.48,74.57,79.59,74.13,77.01,43.66,74.29,78.55,21.71,39.93,54.36,41.36,76.15,31.06,79.81,46.75,48.28,49.44,44.95,79.02,30.24,64.72,76.69,48.87,74.64,68.18,52.05,47.66,47.85,51.48,62.16,39.45,20.16,48.21,69.53,59.48,27.7,22.5,75.65,43.51,31.23,66.47,40.21,68.22,68.23,74.46,50.97,77.82,44.49,46.73,23.78,38.01,70.36,32.21,53.07,39.24,32.18,74.65,52.2,43.2,40.66,62.3,20.19
1784538544.8076274,20.85,44.45,48.04,69.45,20.53,45.64,24.95,48.88,66.23,51.96,76.88,21.83,54.0,41.45,72.53,75.81,24.41,58.51,47.99,63.36,34.33,73.14,56.15,55.62,51.53,78.69,38.7,75.89,46.56,31.29,51.36,41.04,45.25,32.82,73.53,44.29,76.55,52.6,31.09,48.6,69.07,70.14,49.71,57.85,68.72,55.34,66.3,62.18,23.49,34.32,39.91,58.63,64.37,45.25,63.33,33.98,66.44,52.93,56.8,54.34,49.79,51.84,79.19,33.54
1784538544.8178492,20.55,44.36,49.04,29.03,20.49,21.96,61.04,79.66,69.14,76.78,53.67,46.62,66.23,68.07,30.18,38.28,42.91,77.29,58.58,20.01,61.17,24.5,25.82,70.03,49.85,31.57,66.25,78.11,31.29,65.29,52.74,50.78,24.6,73.05,28.72,28.62,28.88,61.53,46.64,31.66,39.92,28.51,55.18,33.82,41.23,66.75,59.78,34.99,20.54,53.67,21.49,45.36,38.62,21.05,47.85,32.16,51.93,63.99,70.04,50.05,43.42,79.69,69.98,76.61
1784538544.82813,56.43,21.45,23.91,27.46,73.26,71.0,79.17,32.75,28.17,53.14,40.81,65.65,73.05,21.65,58.57,51.86,42.32,70.07,65.36,67.94,70.57,51.23,41.53,58.01,32.5,24.31,23.41,30.54,46.34,35.81,63.46,60.46,49.25,31.16,30.04,70.41,57.5,28.51,41.39,32.5,29.65,78.05,63.8,45.56,69.14,52.81,71.58,65.17,53.28,55.29,76.48,32.38,32.76,56.3,33.96,30.6,59.96,44.27,58.41,70.64,54.9,49.23,62.41,34.2
1784538544.8384063,22.3,59.72,31.99,76.55,59.11,22.94,37.36,32.22,60.18,31.67,35.79,26.49,52.35,58.41,63.82,21.46,65.74,66.13,51.64,56.07,78.84,68.19,39.42,28.34,67.24,68.94,20.22,76.14,47.17,40.74,37.21,52.08,43.98,76.26,78.11,23.07,53.51,21.54,38.43,39.72,48.68,43.24,44.69,56.23,41.95,57.29,74.16,43.35,43.16,24.57,41.18,68.2,61.39,21.35,28.23,31.8,62.05,37.99,71.86,37.36,49.06,34.28,30.96,21.53
1784538544.8486607,72.25,41.99,62.43,73.82,22.75,30.55,48.48,26.9,67.53,39.94,69.94,29.02,20.73,36.61,23.93,47.5,59.06,49.51,58.96,66.58,59.96,24.34,29.4,30.2,55.19,36.11,72.25,79.44,59.13,41.35,20.74,54.47,70.05,35.08,56.42,29.42,55.43,31.51,29.72,75.01,42.89,79.05,47.87,47.49,56.96,50.3,72.19,67.31,77.45,59.11,56.19,62.74,33.04,71.85,35.22,29.7,26.91,40.02,58.32,64.84,79.62,46.78,27.53,27.13
1784538544.858948,50.77,39.94,66.91,27.6,60.65,37.97,46.5,62.74,23.28,52.54,50.38,57.23,37.63,40.16,75.82,29.47,51.1,34.95,77.54,76.54,69.35,26.59,25.45,73.68,61.54,63.54,45.99,72.31,67.15,41.97,48.36,41.41,58.52,52.13,59.02,24.45,41.85,63.14,25.48,59.29,74.86,23.34,57.57,73.74,55.26,35.93,26.89,23.66,33.93,52.47,25.45,20.05,57.1,79.58,67.93,61.63,52.67,34.24,49.4,22.37,65.59,68.95,79.66,34.32
1784538544.8692162,44.12,66.7,34.25,37.89,68.08,69.96,48.4,20.63,44.88,22.18,36.36,42.57,48.15,54.35,47.9,30.09,31.36,33.45,33.97,35.3,45.67,63.4,39.67,32.41,76.11,28.58,59.3,37.74,40.42,60.44,37.7,77.73,44.77,54.16,67.39,49.83,40.31,52.18,77.15,76.69,58.21,59.36,21.36,70.49,60.61,56.9,39.4,50.64,57.13,73.53,56.82,30.47,43.26,58.98,60.11,75.94,20.95,47.01,69.72,54.79,42.13,64.63,27.72,47.32
1784538544.879528,64.51,43.59,32.54,69.78,27.34,60.42,79.64,43.12,40.6,75.8,75.31,63.89,68.0,56.24,23.57,53.19,26.38,57.46,52.92,48.27,56.31,66.46,46.97,69.03,40.81,57.43,24.3,50.85,28.27,61.33,35.34,79.41,76.62,22.39,56.8,40.27,49.63,27.78,37.66,30.19,63.54,56.98,50.62,43.46,44.79,72.09,52.86,79.07,78.97,30.27,25.69,78.15,50.5,79.29,69.62,20.41,25.82,65.5,32.45,49.13,65.38,27.34,57.77,33.83
1784538544.8897848,32.36,43.98,30.83,46.28,51.42,63.6,37.28,29.69,28.55,76.78,77.39,40.37,38.1,65.31,21.76,68.61,62.08,70.56,75.57,26.23,63.71,37.0,67.5,77.67,48.79,51.93,75.32,68.21,62.37,39.63,68.79,55.92,55.17,78.68,69.53,69.66,74.69,67.35,46.31,47.1,23.83,42.91,50.39,60.97,58.03,27.39,35.21,54.05,60.25,23.96,41.3,49.35,65.13,75.2,27.65,41.57,61.73,47.18,48.65,32.35,61.61,33.5,38.11,36.89
1784538544.9001,39.09,50.73,72.03,28.94,40.81,43.18,21.18,74.33,77.56,76.19,57.43,78.39,25.58,24.61,52.5,55.62,40.35,50.5,52.53,48.11,46.31,37.91,68.84,70.82,57.45,67.72,47.31,27.61,28.39,58.31,45.25,45.11,56.71,45.92,25.17,55.57,67.42,23.12,71.61,33.0,66.99,23.75,35.87,73.97,27.59,55.34,24.43,67.9,73.21,50.58,78.82,66.73,29.51,50.33,24.0,24.59,35.47,53.87,46.63,74.88,73.84,37.59,26.42,63.97
1784538544.910384,42.02,30.55,51.71,34.55,39.92,70.14,68.66,61.63,46.95,71.48,53.87,59.45,43.68,65.16,73.67,50.44,43.01,37.7,22.31,46.84,31.85,77.86,66.71,43.11,75.09,23.78,78.47,48.68,69.51,61.09,63.42,47.38,21.18,72.21,25.99,63.83,35.7,47.58,64.37,48.35,34.02,43.74,33.97,38.23,22.31,58.29,68.56,31.23,63.68,26.38,75.35,23.1,34.61,51.69,67.33,27.61,79.87,41.86,34.52,35.76,71.29,51.41,21.05,33.31
1784538544.920622,48.84,52.62,45.22,61.09,37.92,27.61,56.43,75.38,77.2,71.06,25.99,73.18,52.62,61.67,45.12,30.58,70.68,66.84,49.52,76.92,75.32,33.96,34.07,43.27,60.52,55.56,43.78,25.43,36.15,62.5,32.46,20.66,52.58,41.77,43.09,28.95,68.15,44.25,39.34,49.59,57.47,73.0,65.57,68.57,75.7,51.81,28.17,41.85,66.08,74.75,52.41,60.44,49.78,52.9,68.55,51.73,23.14,72.22,37.03,61.39,76.22,39.52,49.9,42.83
1784538544.9309063,23.04,37.42,35.58,38.34,48.65,49.13,23.38,57.19,77.91,33.95,64.61,23.72,48.31,74.37,31.69,52.18,25.42,45.03,30.18,25.6,49.97,75.77,26.37,46.48,61.99,65.58,28.59,30.95,50.22,79.22,29.79,35.89,61.96,72.12,20.49,70.65,42.72,23.01,32.33,30.27,64.36,40.63,79.39,23.44,71.21,72.37,59.05,79.35,59.22,37.29,30.5,53.21,57.14,67.41,44.48,22.52,73.38,75.8,57.6,26.48,59.47,28.34,77.89,32.17
1784538544.9411857,63.13,41.5,75.47,33.49,59.72,34.55,27.67,43.65,64.0,68.31,58.47,48.64,42.66,74.38,21.92,56.27,59.73,46.8,66.23,76.72,21.84,61.15,28.05,40.47,62.85,48.74,45.73,27.21,28.56,79.28,69.46,58.24,36.13,70.81,78.83,36.52,67.28,64.08,27.63,77.72,41.21,58.67,35.27,67.41,71.53,79.07,22.88,54.43,31.24,67.17,70.98,27.24,31.12,42.42,20.0,34.12,50.52,23.01,46.4,66.98,77.72,78.41,73.46,31.91
1784538544.951435,37.3,38.87,64.25,27.93,40.45,27.86,68.98,54.03,71.18,54.57,60.17,44.85,30.56,57.86,78.98,33.41,60.65,41.88,70.08,31.86,77.68,26.11,37.15,29.73,45.37,50.01,25.97,55.67,23.56,39.9,44.23,24.39,79.31,49.72,79.14,44.79,63.29,48.81,24.79,45.25,56.25,60.54,32.95,55.56,65.57,59.18,64.84,41.5,56.32,50.41,76.22,43.75,29.53,59.97,72.29,72.76,36.5,64.19,47.54,76.39,52.7,36.44,32.03,75.48
1784538544.9617412,51.77,44.16,43.2,22.81,49.67,32.58,53.94,35.5,36.21,21.46,21.96,73.09,30.16,58.87,50.42,52.97,79.71,52.57,55.02,38.22,43.45,71.27,30.95,36.8,42.58,51.82,66.81,73.96,47.32,49.98,45.64,73.61,73.3,64.32,43.8,70.65,71.16,64.24,42.75,61.07,73.47,43.62,33.78,21.97,57.59,74.53,28.04,74.21,33.83,58.93,60.05,50.42,63.54,74.49,50.48,62.89,71.26,74.5,76.1,78.72,26.19,26.74,44.93,30.62
1784538544.9719598,38.47,39.26,41.67,67.73,75.79,51.08,69.3,69.06,76.54,53.01,77.93,24.0,34.41,49.08,59.03,45.12,70.24,59.23,22.44,48.6,73.76,49.97,79.08,63.95,61.21,76.96,53.94,71.57,76.81,43.42,27.69,40.44,43.8,60.93,58.69,70.9,68.52,23.28,23.88,38.82,38.86,26.89,72.71,31.35,57.27,39.97,26.39,33.4,66.44,70.26,33.61,36.88,69.11,55.72,54.18,44.82,74.85,62.25,68.0,73.72,53.33,67.32,56.96,38.62
1784538544.9822958,29.29,67.19,61.74,27.64,71.45,37.24,39.54,20.65,70.56,48.51,68.21,47.82,38.16,42.54,58.44,33.51,70.92,64.71,25.43,47.83,56.84,60.09,39.8,39.89,20.49,36.57,70.83,53.28,30.71,65.41,78.42,24.71,60.15,33.25,28.06,55.41,25.72,31.92,69.47,60.01,53.18,79.26,25.26,36.56,59.25,37.13,58.82,43.2,37.88,45.95,77.22,27.04,54.53,78.85,21.83,58.53,23.11,50.71,28.49,65.01,59.51,68.99,44.39,53.37
1784538544.99256,69.45,22.81,54.68,62.25,56.63,75.57,40.76,62.18,72.79,39.73,23.34,66.03,72.57,77.41,46.66,26.48,53.17,23.33,52.53,22.26,71.21,37.49,60.27,67.58,47.78,76.35,37.8,41.27,36.69,62.84,64.94,53.48,36.99,56.53,54.98,29.32,78.71,60.48,79.47,41.25,62.47,73.03,70.09,30.47,37.19,50.95,61.58,32.17,54.3,78.82,29.44,73.99,28.41,63.01,58.56,74.27,52.92,68.99,67.17,57.96,69.22,78.77,76.12,58.19
1784538545.0028152,73.2,64.07,57.4,55.86,68.16,47.19,56.12,30.79,69.66,44.77,69.16,20.04,35.35,40.49,31.57,26.3,33.94,73.73,24.23,31.88,47.88,20.49,32.89,49.93,38.88,42.57,54.98,54.21,49.3,40.8,53.7,74.01,57.61,26.52,49.41,75.83,38.19,52.48,54.24,60.17,33.66,73.63,69.48,76.04,39.61,78.7,56.11,59.43,72.03,48.01,48.32,46.14,69.14,49.39,28.24,36.83,26.54,35.96,70.65,52.7,30.83,37.86,67.82,79.75
1784538545.0131037,51.41,58.67,39.02,73.29,56.61,22.59,51.4,33.97,40.43,64.6,73.1,77.27,24.96,72.42,70.38,26.49,60.94,55.3,24.84,72.59,31.55,70.09,44.43,33.4,53.96,77.02,66.94,35.58,67.81,79.21,38.3,43.02,57.53,24.58,79.94,51.87,23.51,51.82,64.71,28.86,72.91,65.3,45.07,57.79,42.12,37.04,60.86,25.7,22.55,61.47,44.87,35.57,31.01,44.0,62.04,55.89,58.52,40.66,30.01,51.68,48.75,57.38,31.42,44.15
1784538545.0233383,56.27,20.69,44.11,73.8,78.18,49.78,49.5,30.55,78.6,66.29,75.78,70.37,31.35,48.43,62.75,27.18,20.48,50.09,60.59,24.3,52.26,39.88,44.2,43.08,61.63,60.55,46.97,24.66,24.47,22.92,76.1,50.29,24.33,75.04,66.4,72.07,76.9,31.09,58.27,61.89,51.8,65.21,78.5,67.62,25.7,56.17,21.22,74.09,74.03,26.34,72.72,79.15,55.63,32.77,30.62,69.07,40.58,37.32,72.78,53.56,50.66,77.83,77.44,37.11
1784538545.03359,69.0,35.09,30.65,55.96,66.21,57.7,43.11,24.53,62.2,40.57,78.27,37.35,25.76,77.69,29.97,50.47,24.55,29.14,22.6,76.49,29.09,78.94,57.5,51.64,24.61,67.64,39.78,72.71,20.36,53.6,61.82,42.88,32.18,36.12,58.42,78.08,74.45,50.64,27.6,66.34,39.1,23.67,45.26,68.33,57.72,48.15,47.46,62.0,40.1,72.13,42.31,61.68,61.76,34.22,32.7,25.65,70.69,51.2,29.21,72.43,24.8,27.75,43.05,32.64
1784538545.043826,57.65,66.05,42.99,33.52,66.55,29.64,23.28,39.39,43.69,75.36,32.74,43.79,47.94,54.82,40.89,20.65,59.87,75.06,79.44,29.66,29.85,27.96,64.14,44.95,41.46,77.2,41.54,73.67,65.07,28.5,39.74,61.62,52.58,49.13,26.8,48.29,28.22,76.81,40.99,45.87,60.38,52.6,77.28,44.52,70.11,34.47,30.66,75.46,35.02,50.79,64.34,30.44,28.36,33.94,66.56,58.19,79.83,39.8,31.93,41.75,79.07,53.04,72.51,56.8
1784538545.0540526,29.03,21.54,57.44,22.93,27.02,20.62,75.48,40.53,70.53,54.35,29.57,57.84,25.19,25.52,43.52,63.88,69.21,35.6,68.44,31.62,77.02,48.41,52.1,52.25,70.78,36.17,34.56,41.3,37.54,47.74,50.7,42.45,46.46,73.07,56.6,48.09,26.79,77.14,75.49,32.63,61.49,23.26,69.65,58.93,57.23,46.62,73.7,59.31,59.45,32.44,29.76,24.44,59.9,50.48,20.46,70.56,61.74,41.4,48.38,22.9,30.29,55.94,59.14,56.83
1784538545.0644593,47.61,47.96,51.52,49.61,28.53,60.45,46.05,71.6,55.01,20.48,77.99,65.64,26.51,52.41,32.73,28.78,53.36,43.21,21.21,77.43,51.9,55.64,42.04,50.1,28.98,23.22,38.07,26.45,30.3,48.85,21.53,46.58,78.94,50.59,24.56,30.42,63.95,49.15,37.51,48.48,53.16,23.56,48.24,65.01,50.12,41.16,61.26,30.48,61.72,65.93,20.96,61.05,58.55,23.66,61.6,36.39,29.99,27.53,72.53,78.49,62.45,45.32,67.76,39.17
1784538545.0747235,68.27,73.53,58.62,25.37,71.05,74.87,33.76,50.94,20.01,56.68,33.4,24.54,50.18,25.34,38.34,43.09,30.44,43.25,79.62,23.42,28.34,60.54,78.0,21.27,43.61,29.14,51.58,42.82,61.15,54.76,29.11,61.8,57.21,26.26,30.34,72.55,65.5,65.9,21.85,39.94,74.48,75.42,56.74,44.85,48.43,32.56,49.85,36.6,35.96,70.01,56.86,54.46,23.69,66.98,69.95,54.1,63.91,52.54,33.98,69.05,41.92,61.63,27.41,53.01
1784538545.0849345,74.11,23.05,33.21,43.62,25.34,45.08,67.96,40.76,22.63,53.84,36.82,43.85,23.94,39.54,73.22,50.7,74.11,77.09,49.03,40.62,43.55,51.04,29.95,45.65,68.58,25.4,41.79,31.66,35.58,33.28,29.93,32.63,34.62,61.97,77.93,38.62,25.53,20.57,54.18,20.01,30.62,52.86,64.63,45.34,36.47,47.47,37.14,78.23,24.54,28.67,20.14,42.87,62.93,70.35,71.26,70.18,46.01,58.68,64.58,52.87,60.45,23.59,45.85,68.96
1784538545.095194,30.64,47.48,32.13,61.29,36.21,63.67,54.94,60.35,52.76,59.38,51.03,57.54,33.59,36.04,78.57,36.99,36.52,24.06,65.56,68.86,24.29,29.68,48.9,66.55,66.52,54.89,53.34,39.51,48.38,53.92,23.53,33.83,55.29,34.71,20.15,68.77,77.65,73.52,54.92,22.8,40.42,50.95,63.46,53.49,37.41,24.27,72.25,54.79,67.46,39.96,50.14,34.38,46.91,49.52,63.37,69.76,30.38,27.04,40.68,59.51,78.7,27.63,71.95,68.92
1784538545.1054447,52.2,76.81,21.02,31.77,37.16,73.15,31.17,62.85,44.49,32.95,40.65,35.54,76.18,79.87,75.97,45.5,64.15,26.96,79.43,22.42,42.7,61.94,41.09,70.18,74.37,46.22,43.38,38.63,65.57,68.28,62.07,51.45,71.9,64.67,24.57,28.95,42.69,65.85,27.02,77.0,39.15,76.99,61.67,53.27,66.88,38.81,51.63,75.86,25.04,62.73,23.12,55.27,45.52,79.87,71.95,60.97,24.91,30.33,61.12,59.73,21.07,71.89,21.79,61.28
1784538545.1156943,66.85,75.81,45.95,25.77,22.25,52.76,20.7,53.17,47.87,21.5,35.44,70.04,24.73,37.52,69.81,28.63,47.3,36.78,39.31,23.95,74.58,29.69,53.55,51.74,50.83,48.01,76.73,70.67,65.04,37.68,53.54,56.24,47.79,79.15,27.71,58.83,55.35,23.91,69.28,72.41,35.56,55.64,33.6,27.31,57.65,66.19,27.95,46.24,60.88,35.38,66.9,60.07,30.07,32.62,74.26,40.31,79.41,58.11,55.37,62.13,22.52,23.97,68.13,39.83
1784538545.125955,32.07,45.84,52.73,34.34,72.81,41.28,25.72,65.42,77.44,77.55,26.35,67.39,63.22,39.08,34.62,34.23,51.83,38.2,26.15,58.3,42.89,63.1,29.14,75.33,72.09,23.03,61.39,35.21,34.69,26.24,29.7,28.98,73.26,39.7,54.09,45.58,55.07,45.34,45.86,53.57,30.46,33.15,43.84,57.75,72.79,39.53,58.27,72.46,63.33,51.15,28.82,21.94,60.06,53.92,46.02,42.96,31.46,72.31,64.06,24.44,25.54,52.42,57.04,24.48
1784538545.1362514,39.31,48.43,63.36,36.27,55.11,65.89,38.77,41.22,30.15,21.39,30.0,59.43,67.41,50.29,37.1,29.32,38.88,61.94,21.97,73.35,58.21,58.12,37.57,55.78,32.44,75.92,44.43,48.91,22.49,45.52,78.93,54.05,66.23,24.06,58.15,69.19,32.97,75.98,44.79,26.49,28.74,75.18,31.98,42.39,61.42,22.58,59.83,36.88,50.73,46.16,49.21,28.28,69.46,23.56,44.35,37.19,75.81,44.04,25.88,44.6,22.13,23.85,20.51,24.21
1784538545.1465337,31.09,29.29,47.09,55.36,67.61,61.46,34.23,58.34,25.37,76.69,25.43,70.13,73.43,72.86,52.72,28.14,64.9,50.05,61.54,68.12,74.53,43.9,24.32,52.69,64.79,60.86,52.05,71.31,33.08,22.51,50.83,26.47,24.85,71.67,67.17,68.23,76.64,36.15,47.59,75.31,24.67,37.97,64.92,30.32,75.21,74.47,67.81,44.83,27.71,35.01,23.53,33.0,42.58,46.23,56.37,38.57,31.61,68.62,60.55,65.42,24.68,45.08,41.57,58.39
1784538545.1567893,43.68,51.12,35.45,38.9,33.05,24.99,77.28,60.24,64.01,23.8,79.11,25.96,62.5,67.59,67.32,59.76,32.96,66.81,36.57,60.9,64.85,35.73,39.03,56.1,50.57,62.9,50.11,31.5,70.54,40.63,78.87,50.1,26.2,58.83,43.9,77.23,72.39,26.83,77.3,70.74,58.78,68.44,59.21,24.82,56.87,48.4,46.56,49.72,46.36,59.43,32.36,64.41,42.19,47.68,76.81,75.13,72.11,41.51,21.44,64.88,39.1,21.8,33.81,71.2
1784538545.1670454,77.2,67.09,20.92,72.9,58.36,55.33,55.87,71.55,69.67,21.65,35.89,34.83,32.13,78.4,40.7,45.97,51.91,79.03,26.95,44.94,56.34,74.35,76.5,42.56,33.63,33.35,78.0,31.87,70.37,66.35,28.5,75.55,25.73,57.27,24.18,61.27,53.17,50.19,38.6,40.78,34.45,41.29,56.44,71.55,50.94,36.02,52.13,55.59,74.72,32.53,31.94,62.53,53.54,48.88,42.36,63.33,37.55,34.81,44.85,30.31,38.54,34.81,37.42,24.54
1784538545.177327,48.73,72.92,32.05,60.43,55.04,27.38,77.63,54.64,75.34,49.31,72.09,76.1,59.17,37.04,58.33,27.88,29.13,23.5,34.9,63.65,55.16,60.56,66.88,48.92,43.86,34.06,37.53,36.76,20.79,68.77,59.81,72.89,61.58,79.49,50.99,55.9,53.73,28.0,42.01,79.08,48.97,27.03,21.4,31.38,58.98,58.24,21.24,61.47,38.99,21.63,65.65,78.53,46.95,68.12,66.41,73.25,45.03,60.86,36.76,50.51,48.97,74.79,52.26,42.5
1784538545.1876512,21.8,34.75,37.76,55.97,73.97,28.93,51.93,46.82,25.43,27.96,65.86,69.98,59.18,48.38,33.38,27.75,24.51,30.5,27.46,21.55,42.71,28.11,76.37,23.76,55.69,30.84,40.69,31.88,45.49,53.09,23.79,78.49,33.79,69.88,35.81,58.23,58.71,21.32,37.46,48.25,64.43,48.31,34.29,37.51,55.52,61.18,69.59,74.17,64.99,21.41,48.24,58.83,31.58,78.16,35.35,29.88,47.37,21.84,43.22,30.59,79.14,79.58,66.95,61.21
1784538545.19789,63.71,37.0,65.5,35.86,60.98,21.68,30.31,27.61,65.73,55.51,47.43,71.33,72.97,69.93,72.01,44.18,60.72,25.57,78.94,62.6,27.44,20.26,54.74,37.96,22.18,26.13,53.18,65.65,55.32,59.81,76.31,63.68,38.51,62.44,32.21,59.84,38.59,20.67,70.04,30.7,39.68,68.38,25.6,77.65,66.19,56.68,27.13,70.59,78.93,20.89,57.8,67.41,26.8,39.89,41.58,24.08,62.35,70.73,77.01,46.01,29.11,53.36,49.47,42.47
1784538545.2081556,25.37,66.55,63.71,51.64,52.81,40.66,55.47,68.99,50.51,51.2,79.53,36.22,26.78,28.93,76.93,22.34,22.33,23.1,78.08,79.5,65.6,26.53,70.8,59.87,22.24,47.43,77.13,42.2,59.37,36.75,67.88,31.76,41.48,79.24,51.61,67.03,52.88,59.63,30.47,49.7,43.89,41.14,44.36,63.25,75.38,52.77,72.68,77.25,56.07,38.37,45.46,36.63,58.75,77.93,66.12,37.99,68.28,61.71,21.86,22.59,54.63,47.41,66.09,76.3
1784538545.2184138,78.75,42.28,69.91,59.61,28.46,77.22,30.64,28.0,33.46,63.52,60.4,76.5,61.09,41.57,54.14,20.77,28.17,26.31,58.37,60.25,60.17,23.36,40.61,57.78,49.54,61.33,74.28,71.17,28.79,31.58,47.82,67.47,42.96,25.42,78.71,67.43,59.72,57.17,27.63,48.06,70.88,50.51,54.95,69.72,43.9,28.47,42.21,63.69,25.18,32.02,24.34,72.64,65.84,32.04,70.68,54.88,42.32,65.67,23.78,33.7,61.47,21.64,26.45,56.31
1784538545.22871,20.05,60.85,67.62,32.65,43.27,35.28,55.88,46.6,41.44,47.12,74.42,71.35,63.49,52.94,77.68,35.39,68.87,71.62,79.3,61.76,49.18,26.07,75.22,38.98,46.37,35.17,39.37,31.09,75.59,31.69,56.14,32.94,63.94,45.97,31.04,48.11,34.01,66.87,69.59,20.35,75.05,35.72,34.51,20.26,53.49,72.13,28.54,75.81,54.68,23.06,33.44,38.27,44.42,73.44,72.94,59.92,28.05,31.12,52.37,77.39,20.2,56.37,46.43,58.55
1784538545.238964,49.68,69.08,78.35,79.42,79.27,60.2,28.86,74.51,62.55,66.93,76.29,26.02,47.92,70.21,31.89,47.24,45.19,23.48,70.09,33.93,32.94,46.33,64.49,73.74,79.36,48.89,37.6,49.93,45.8,24.62,40.34,63.81,70.98,40.82,23.48,55.43,76.32,38.25,30.86,65.44,39.93,29.49,33.65,24.44,58.96,68.11,37.59,33.57,62.46,63.43,20.04,32.93,38.67,33.19,50.33,69.07,21.13,25.46,70.96,53.99,40.7,52.93,39.41,20.5
1784538545.2492256,56.36,78.85,41.7,69.26,41.44,24.32,30.29,25.16,55.41,59.71,24.93,23.85,79.3,70.38,40.73,79.86,54.1,32.79,47.52,78.26,69.18,67.58,78.23,39.06,56.93,61.42,21.93,53.81,44.49,28.81,28.49,41.01,78.3,42.09,79.11,71.7,55.75,21.68,42.79,64.23,61.14,70.88,73.4,63.21,37.29,50.97,28.78,76.15,73.04,36.89,50.68,29.75,50.4,78.73,69.45,69.73,74.8,43.52,69.34,22.78,28.48,42.01,70.95,76.14
1784538545.2594872,70.42,75.7,63.73,72.92,59.31,53.66,47.81,60.74,34.89,21.5,77.14,27.34,41.88,69.56,78.47,48.16,26.39,21.36,26.58,68.06,74.24,66.17,51.72,47.14,34.97,24.5,71.25,66.09,34.35,35.73,56.75,47.53,62.44,59.43,52.19,20.97,53.54,77.01,70.65,43.0,58.92,74.66,74.68,52.74,24.01,39.22,52.87,70.49,54.71,35.28,47.92,79.78,59.97,71.92,71.68,27.84,70.03,74.17,25.8,45.71,39.63,65.54,69.84,56.42
1784538545.2697458,37.6,23.19,34.49,67.8,28.44,39.18,45.73,40.34,74.39,77.52,74.23,23.39,57.72,27.23,21.86,46.86,51.23,66.33,52.29,37.32,38.46,53.51,52.72,28.78,49.67,47.05,39.52,25.66,54.87,32.35,51.04,61.01,67.42,51.83,76.46,55.9,77.7,42.62,64.58,78.38,54.58,62.56,72.4,42.75,55.78,34.09,54.3,77.24,20.79,75.31,28.45,48.56,33.96,52.67,61.8,47.11,53.39,71.95,32.3,29.35,46.95,28.23,72.69,69.62
1784538545.2800157,47.03,58.76,21.24,55.78,36.57,23.06,74.25,73.65,66.31,27.16,28.58,76.84,47.3,48.41,48.16,26.65,28.56,67.55,65.31,78.26,23.41,50.01,49.8,69.49,72.22,62.28,20.69,29.51,67.56,52.28,70.81,35.91,64.5,58.41,21.69,41.28,55.83,28.32,33.51,47.44,47.69,54.82,76.04,76.58,26.2,24.81,75.16,41.27,40.01,47.06,48.8,25.82,23.06,62.19,73.92,47.09,20.91,69.85,51.2,70.14,72.17,27.73,64.51,46.38
1784538545.2902884,57.63,56.22,50.17,39.08,74.96,49.51,34.31,25.89,78.51,41.95,66.02,78.44,71.08,73.23,43.17,35.39,28.24,61.94,22.91,79.99,66.32,23.65,26.92,79.93,29.94,23.56,58.06,74.83,72.57,41.88,72.45,46.34,65.72,66.01,28.88,33.95,59.74,57.85,20.69,73.73,77.74,66.81,57.56,54.63,28.81,44.45,36.75,55.58,74.87,50.21,74.97,71.08,54.49,74.16,44.03,73.83,76.33,66.44,26.59,40.01,59.13,55.33,46.74,33.49
1784538545.3005085,42.81,35.45,37.89,46.86,70.97,68.18,20.55,52.75,46.92,75.52,69.96,76.96,34.83,57.15,50.08,51.82,47.15,49.83,62.27,62.03,33.19,26.25,39.52,46.17,59.27,66.39,61.58,79.43,39.66,29.15,57.97,38.83,40.74,23.66,79.74,33.94,35.04,66.32,28.98,26.92,31.56,77.72,37.96,46.86,47.67,77.58,31.59,55.58,36.67,53.15,68.11,50.04,69.78,75.97,76.05,32.57,44.77,61.59,64.3,36.38,34.24,54.83,56.95,32.32
1784538545.3107753,42.24,46.24,75.46,25.9,71.49,46.75,48.21,49.98,26.46,26.86,47.17,32.48,64.78,63.79,46.71,71.59,52.5,47.62,45.0,35.15,55.12,71.59,48.19,66.58,58.94,35.18,70.8,70.49,70.01,31.93,63.48,26.81,51.94,71.35,28.84,34.62,60.96,69.14,46.88,20.58,70.12,28.57,45.31,51.67,65.44,60.18,39.89,59.33,45.54,34.42,42.81,32.89,46.41,52.98,63.69,50.87,52.62,56.76,63.04,42.82,62.16,51.83,35.65,73.89
1784538545.3211336,27.89,76.79,47.89,43.81,34.8,21.42,38.86,58.11,48.29,68.56,23.19,60.38,78.5,31.92,67.45,31.05,52.25,71.48,28.78,23.84,40.96,65.33,38.37,31.94,48.26,23.84,65.47,75.08,43.2,58.9,53.71,30.37,51.65,61.95,31.59,68.59,69.67,32.79,59.43,46.92,21.63,20.24,61.03,48.35,74.7,43.96,29.84,61.61,47.1,69.61,55.92,34.84,79.34,58.58,30.41,34.06,51.31,21.65,34.78,54.93,50.94,51.95,78.64,42.54
1784538545.331434,66.61,57.26,74.49,32.14,74.86,30.73,38.62,63.06,43.98,26.28,51.55,71.49,22.31,79.95,57.69,56.26,66.26,46.72,26.79,38.15,46.54,21.69,54.89,30.17,25.01,35.01,25.19,47.71,27.71,23.87,52.07,75.62,53.06,74.2,34.25,69.84,76.85,26.98,22.16,47.41,27.33,76.27,26.48,59.01,66.08,65.38,47.47,39.93,76.6,46.55,64.35,21.89,44.69,27.92,61.53,33.73,46.86,20.34,77.94,26.29,72.71,79.27,44.87,76.08
1784538545.3417065,27.56,64.87,61.24,73.64,25.88,75.57,60.0,56.25,78.13,56.12,50.63,42.05,76.99,53.9,52.22,23.75,58.84,56.5,35.99,74.52,75.41,70.64,47.75,58.0,57.68,26.11,29.21,39.19,20.96,20.72,73.04,44.35,68.78,53.81,76.39,24.45,30.76,45.94,32.25,50.77,36.09,78.02,36.1,34.87,32.62,50.37,29.47,45.02,40.53,57.56,24.24,56.72,50.92,50.21,48.05,37.76,32.46,29.54,77.83,46.18,35.68,26.92,52.42,41.13
1784538545.3519666,51.81,71.08,69.69,70.48,69.81,36.04,26.06,47.75,63.84,37.32,66.94,36.33,69.05,57.31,56.48,47.07,59.61,26.88,42.23,49.27,49.63,22.5,79.21,20.84,56.12,39.78,72.25,68.29,41.67,45.78,38.49,74.97,49.2,79.81,48.03,77.05,41.81,48.27,36.43,30.33,75.19,75.05,45.06,78.46,66.68,73.88,29.64,75.54,72.41,48.08,61.6,32.51,32.86,77.69,32.6,30.83,32.29,70.28,45.87,55.17,28.55,58.33,61.98,23.38
1784538545.3623002,75.03,27.5,44.87,59.88,69.67,60.49,51.63,33.28,58.07,79.49,56.84,32.86,54.43,33.48,20.99,79.9,21.21,72.49,30.34,29.12,77.72,28.29,75.6,30.78,73.74,31.48,54.64,62.39,25.17,76.9,57.77,58.27,32.09,45.93,36.97,71.81,38.99,37.73,75.76,34.32,71.47,35.76,49.72,68.06,48.43,23.09,48.02,28.94,39.62,77.99,62.46,77.52,76.26,51.33,79.28,52.33,70.61,63.69,53.02,71.99,53.41,73.98,66.61,24.84
1784538545.372594,58.38,46.21,51.83,28.9,69.16,56.78,60.79,64.61,31.69,75.25,55.96,74.38,46.4,32.41,60.49,78.85,32.71,39.79,22.81,28.81,61.14,44.01,42.55,32.84,48.75,52.45,52.3,74.73,52.33,22.2,51.11,31.61,34.11,37.94,74.01,48.66,79.27,68.44,62.22,28.35,34.46,30.36,43.12,46.21,73.2,30.61,58.91,47.59,56.76,50.98,34.61,48.84,59.93,63.39,56.4,74.13,53.3,41.51,65.2,73.11,75.17,54.83,64.48,50.09
1784538545.3828845,79.42,76.62,70.98,67.57,44.52,65.25,36.22,59.45,52.52,34.21,54.01,44.63,37.01,59.08,36.94,60.13,76.45,71.34,38.69,62.85,25.67,60.12,47.58,56.29,70.54,24.1,56.01,64.14,27.3,34.79,26.14,48.9,39.43,36.13,67.46,25.23,38.52,41.74,30.68,60.28,49.82,26.26,27.23,72.55,77.72,71.49,64.37,49.16,78.92,38.7,74.69,25.26,77.56,61.91,60.59,66.73,41.49,72.92,67.49,22.24,50.35,74.44,50.66,21.87
1784538545.3931978,78.58,25.09,67.53,54.55,71.5,60.73,49.36,35.04,29.61,44.3,40.03,75.03,47.41,60.12,35.32,23.27,51.91,70.01,48.25,20.25,21.36,26.91,25.08,25.29,67.27,44.71,20.71,61.91,50.66,42.84,27.35,61.21,35.01,61.58,21.57,22.61,53.92,49.04,48.1,74.93,20.92,48.12,32.91,26.17,48.7,60.86,22.03,53.43,40.92,37.88,46.62,26.4,40.76,74.09,58.98,47.33,78.5,65.09,26.02,21.64,64.58,54.66,30.44,64.59
1784538545.4034572,22.88,60.44,75.65,28.65,67.94,36.81,73.71,53.66,69.42,61.32,23.28,36.9,23.34,27.16,61.37,28.34,51.1,35.64,28.86,71.72,59.92,34.69,47.64,36.01,49.47,40.0,71.73,34.03,32.61,46.43,51.56,36.51,21.44,36.27,24.7,71.78,57.64,49.94,52.52,43.81,27.08,62.54,28.24,30.12,49.14,60.49,28.42,60.1,73.97,77.83,54.14,30.37,25.0,31.77,24.46,23.72,65.96,33.84,79.34,66.12,65.79,23.01,43.52,57.63
1784538545.4137306,39.72,36.7,29.49,53.48,34.33,44.71,50.37,35.89,40.96,51.51,48.27,64.15,68.29,65.76,44.72,29.37,72.1,78.34,51.5,22.5,66.8,48.61,39.68,71.2,48.52,61.68,77.59,58.42,31.99,37.15,74.36,46.99,65.35,26.56,38.27,51.32,74.58,32.14,36.38,34.13,71.49,65.42,48.04,20.96,68.65,27.58,25.92,26.17,42.31,21.89,27.33,78.3,21.46,22.97,59.26,58.42,65.79,69.54,31.27,23.11,27.68,35.82,78.21,65.06
1784538545.4239492,36.39,53.96,37.89,35.92,39.39,58.28,77.32,31.63,33.9,69.92,25.42,57.42,42.99,38.31,22.86,76.84,27.07,36.39,39.36,40.09,20.33,64.15,29.1,32.27,42.59,39.77,21.02,56.69,68.8,37.81,30.67,23.62,71.92,44.44,33.2,57.65,34.5,76.57,50.26,59.4,33.42,47.75,29.8,64.26,66.64,52.04,57.24,46.94,44.86,39.98,55.69,34.0,34.9,30.88,45.36,39.18,36.01,24.46,76.84,23.87,78.56,29.67,62.71,71.24
1784538545.4342706,43.5,35.94,78.49,38.41,28.15,58.42,72.82,51.22,22.35,31.4,37.99,67.34,25.18,63.57,30.21,45.8,39.77,30.83,60.32,59.14,78.51,51.64,60.82,49.64,35.2,53.85,52.6,28.03,72.71,33.44,59.53,65.03,79.98,42.65,23.8,38.75,51.59,37.13,24.65,29.17,60.32,79.72,79.83,60.65,50.4,21.3,21.7,52.38,57.32,78.9,59.52,30.64,59.69,53.53,25.3,36.43,68.85,30.33,77.56,68.52,30.41,38.13,65.15,69.3
1784538545.4445322,40.14,32.49,78.02,33.9,63.64,67.83,29.54,37.46,35.12,79.21,61.65,70.3,63.47,39.73,42.77,47.43,59.99,39.33,71.02,59.93,68.28,31.66,28.76,39.77,49.03,79.4,72.88,59.96,29.42,47.66,74.39,34.57,29.87,61.98,78.26,66.71,74.0,49.24,46.84,52.34,77.78,42.82,58.79,36.78,73.36,75.62,79.49,46.05,57.42,68.85,70.93,43.05,45.73,64.12,35.79,21.89,67.99,54.82,74.29,41.75,20.99,39.88,67.32,34.92
1784538545.4548154,45.29,45.24,30.29,24.88,61.32,51.33,38.54,52.38,77.28,57.43,65.98,24.11,46.48,41.05,38.45,44.58,47.93,40.25,66.09,53.71,53.03,74.56,21.75,53.34,54.48,21.78,41.99,36.47,49.94,61.29,40.19,77.6,77.94,66.96,45.01,31.75,62.59,41.71,46.48,43.06,74.02,46.3,32.81,39.95,52.73,27.13,25.3,61.22,73.23,51.25,68.09,20.34,57.64,28.08,64.9,36.42,47.37,77.56,35.01,35.49,20.15,21.55,72.51,48.46
1784538545.4651024,43.69,61.07,25.18,57.89,66.47,42.36,79.88,21.45,51.09,23.19,71.77,24.5,69.68,31.42,40.59,67.76,72.07,58.24,40.84,64.21,44.77,45.13,50.28,28.77,45.78,26.1,53.43,60.75,44.58,72.16,26.07,44.35,38.36,33.68,56.84,74.53,49.61,32.71,65.58,26.5,26.88,69.32,71.98,49.06,69.86,30.5,48.99,61.55,64.15,50.4,69.03,32.47,70.45,69.76,50.18,41.15,71.73,73.67,25.75,36.14,75.2,48.22,55.59,49.24
1784538545.4754517,63.15,49.11,45.66,54.73,44.71,56.35,77.06,22.67,40.22,47.24,56.01,37.35,35.53,48.0,28.64,25.54,49.38,56.94,68.75,46.83,33.08,66.4,51.53,45.64,51.6,72.09,67.98,45.89,31.38,70.26,70.97,26.42,66.21,53.21,76.26,45.46,37.15,64.61,78.02,24.44,42.76,46.93,54.98,61.86,31.65,29.42,64.58,65.29,75.78,44.09,42.56,34.7,42.3,22.34,79.87,25.48,60.36,75.85,66.71,70.19,37.61,59.75,34.36,44.05
1784538545.485769,78.85,78.54,70.2,68.35,34.22,29.27,42.43,74.35,74.31,77.87,31.72,33.29,45.0,51.88,26.38,37.63,44.35,52.13,24.74,75.73,44.0,59.66,64.85,48.11,66.76,59.72,50.57,27.03,56.78,64.54,63.88,79.81,66.11,23.03,44.67,35.77,74.5,43.94,44.83,72.29,70.09,78.97,71.25,31.58,30.24,60.05,23.59,71.64,20.12,73.03,53.68,30.1,50.26,31.63,54.61,68.62,69.69,41.01,53.92,25.0,77.89,65.18,37.75,69.45
1784538545.496055,34.65,45.43,76.79,32.65,57.91,40.39,77.33,23.67,26.82,27.12,40.72,64.24,66.77,65.45,27.1,59.13,71.69,26.51,61.21,64.89,61.87,75.39,67.34,77.44,24.01,51.49,28.9,66.95,21.95,27.14,52.36,64.65,25.67,64.78,51.6,55.41,76.92,39.2,70.5,35.35,77.53,46.27,70.38,24.68,46.23,30.74,36.21,54.22,34.29,56.47,33.18,77.07,50.62,44.81,47.18,58.89,39.25,66.72,23.9,49.01,42.6,75.45,69.1,38.25
1784538545.5063348,66.4,75.98,67.86,45.85,41.8,36.37,23.97,72.15,20.96,52.12,30.78,23.85,59.08,60.47,37.93,21.84,29.02,78.73,66.16,23.17,23.07,27.07,79.66,30.95,45.38,66.81,69.54,32.82,45.99,25.28,72.63,59.4,39.79,50.31,30.21,60.04,40.7,25.89,60.4,46.54,57.37,34.68,35.81,71.32,21.82,26.76,37.14,53.29,57.73,29.69,65.36,71.69,49.24,26.49,39.01,32.09,53.5,58.02,28.33,47.32,23.19,74.99,58.29,77.59
1784538545.5166135,73.08,73.19,24.24,61.84,42.52,33.29,67.7,22.37,69.59,63.28,76.27,65.5,53.57,25.49,34.18,56.98,61.97,32.49,78.92,65.81,63.52,50.12,68.92,27.55,41.23,49.6,64.81,64.88,68.99,64.15,56.26,58.43,20.67,71.8,75.21,32.11,21.99,40.0,73.79,46.41,42.75,73.05,39.0,73.47,52.24,49.17,39.7,75.65,58.29,33.58,35.29,59.6,22.03,72.06,43.88,20.25,60.1,37.77,44.46,68.91,63.61,35.5,59.93,74.62
1784538545.5269232,30.44,26.85,66.8,20.32,64.48,79.7,40.06,72.91,59.93,25.18,23.54,72.3,64.26,52.95,43.18,35.37,51.03,60.31,62.91,38.31,54.09,76.58,65.81,63.26,55.97,75.4,56.42,34.44,62.21,45.76,77.57,67.53,79.15,58.97,48.82,73.81,56.11,24.57,59.25,25.54,46.32,36.3,78.98,22.59,77.05,24.96,62.71,38.0,35.89,62.58,61.95,59.58,68.97,47.38,68.23,71.69,63.16,72.38,48.2,49.34,31.25,31.35,54.93,22.63
1784538545.5372105,55.51,25.39,36.17,22.61,30.76,65.62,49.88,60.26,76.38,33.25,45.27,38.36,31.12,67.45,76.73,42.72,45.38,34.2,63.23,74.12,55.13,62.89,42.38,32.24,24.41,56.03,42.01,40.81,71.04,38.71,36.52,50.17,75.96,68.53,70.47,47.76,32.55,68.28,47.09,62.24,59.49,32.96,52.47,41.73,65.4,20.09,44.91,39.59,58.21,37.78,52.31,72.5,42.14,23.95,34.44,74.36,76.79,60.75,34.17,32.11,32.09,43.33,25.65,67.88
1784538545.54745,65.21,72.01,28.6,79.43,33.38,40.12,71.18,25.62,36.19,66.34,28.21,31.35,32.17,39.88,32.15,45.16,74.23,61.34,27.41,62.55,66.61,64.01,78.51,43.48,59.02,23.15,74.36,46.63,39.9,35.58,33.56,57.54,21.69,22.83,44.54,43.12,78.54,76.23,49.41,70.2,38.99,65.33,64.12,32.71,46.15,37.32,59.88,56.62,61.65,23.02,70.9,68.26,27.76,28.63,66.48,44.45,47.1,59.41,67.27,25.1,73.51,47.2,62.0,66.05
1784538545.5577257,62.17,48.58,43.28,61.88,40.25,33.01,33.91,36.01,55.13,47.23,52.23,62.1,63.97,48.56,60.12,63.63,51.92,64.43,53.04,63.85,64.78,33.24,77.77,71.03,34.63,24.53,69.62,27.29,58.89,43.36,57.5,56.54,25.36,68.89,60.76,23.99,77.07,63.96,20.14,74.27,69.97,20.78,33.91,53.25,67.62,25.67,35.36,27.1,29.7,47.14,38.42,44.03,69.73,53.33,35.22,42.93,65.04,59.38,59.09,29.89,59.69,24.98,53.66,22.18
1784538545.5679955,29.55,32.69,76.21,35.49,47.65,41.76,69.31,60.76,34.77,73.94,66.8,43.43,29.33,20.93,72.86,45.42,35.87,20.51,61.29,79.83,69.03,37.35,57.57,55.02,34.63,53.32,35.93,24.59,70.81,28.94,35.19,42.0,59.0,49.79,40.93,33.12,54.0,55.9,32.35,58.32,38.97,43.95,76.2,73.49,50.77,45.43,37.68,50.99,55.44,23.36,47.6,34.06,76.52,24.58,59.33,38.96,76.98,60.72,33.95,20.58,53.86,31.66,71.86,70.43
1784538545.5784168,79.55,77.8,63.97,40.88,72.0,57.97,49.63,29.98,58.06,28.34,65.66,27.42,70.65,51.48,31.35,49.36,72.15,56.5,58.56,46.87,60.26,27.35,32.49,44.56,62.69,60.06,44.33,44.13,71.41,58.28,73.97,44.0,79.75,41.95,54.61,72.06,39.1,22.98,75.33,46.86,40.08,26.82,37.42,52.0,35.76,60.4,28.75,58.53,64.6,64.8,79.43,41.06,57.03,79.81,31.76,53.39,53.82,46.38,55.56,45.54,79.64,32.12,38.74,38.55
1784538545.5887604,45.61,35.59,52.41,21.96,40.6,62.89,31.03,79.6,26.44,30.56,26.39,45.52,41.08,65.54,49.12,35.96,72.07,70.82,74.7,53.18,57.83,39.1,68.77,31.29,72.66,52.08,48.37,56.72,78.88,41.59,45.14,74.28,66.39,76.69,51.08,48.74,21.7,45.53,57.37,38.65,69.6,45.4,31.92,22.1,26.15,46.22,62.73,74.71,20.52,28.47,40.05,59.62,37.12,62.77,56.38,72.35,37.44,39.86,74.07,38.21,47.09,28.66,32.42,55.91
1784538545.5991418,25.57,33.6,53.51,78.06,70.25,51.13,43.46,33.28,52.65,54.02,77.6,47.73,72.21,48.53,45.84,71.39,63.88,49.41,52.58,40.39,76.4,28.88,39.97,78.32,37.97,45.93,45.58,78.75,35.65,71.41,70.01,79.83,37.58,66.14,54.73,62.43,58.81,65.96,76.21,49.25,68.75,25.51,54.67,65.04,79.0,66.95,59.59,31.15,43.62,68.48,73.99,53.77,25.41,79.99,65.67,58.19,61.13,79.3,53.87,34.35,23.62,20.06,66.78,32.99
1784538545.6094348,74.1,55.41,77.38,79.09,68.12,30.34,59.78,24.51,24.39,34.85,78.9,56.4,45.16,62.61,54.61,29.51,62.43,38.31,67.66,59.77,64.35,26.69,63.48,62.42,20.49,21.7,68.56,31.71,50.13,21.28,60.97,52.37,60.29,55.9,67.46,27.84,69.44,50.42,41.69,74.11,59.46,63.97,56.95,36.68,69.34,74.3,24.84,48.9,72.5,51.18,41.97,31.61,36.75,40.96,54.06,35.03,67.43,58.75,77.12,60.51,49.16,62.13,41.01,54.3
1784538545.6197023,75.68,76.68,76.79,63.18,76.14,51.35,40.0,25.24,39.53,29.62,41.82,20.95,59.25,54.5,44.99,36.82,40.93,77.37,38.08,22.89,51.45,53.86,45.27,38.43,31.99,52.52,45.15,42.71,47.58,29.41,49.24,72.39,29.21,72.05,39.88,57.58,58.38,38.43,60.84,45.32,22.09,78.35,27.7,75.18,53.63,64.87,23.64,31.25,25.44,20.12,51.52,34.76,47.38,26.13,78.27,71.57,38.01,43.34,57.95,45.61,59.04,73.27,26.48,57.32
1784538545.6299834,22.49,49.56,57.78,52.24,63.94,60.16,74.41,58.08,69.99,76.0,25.15,74.9,77.65,69.25,66.93,38.18,69.54,28.08,24.46,76.23,74.63,37.5,20.06,52.23,45.59,57.87,34.67,68.22,32.17,72.15,34.22,41.1,64.93,60.57,22.37,45.95,32.43,24.67,44.22,33.19,46.34,32.55,73.35,20.28,68.79,79.15,32.41,42.96,69.61,28.2,74.7,53.98,78.32,32.81,62.3,30.41,35.06,62.36,45.62,78.68,72.99,57.22,79.7,57.99
1784538545.6403232,74.87,58.57,31.9,65.51,76.38,52.75,72.91,66.7,50.08,30.36,75.59,70.08,27.25,56.96,48.95,20.73,74.61,67.35,57.88,28.64,35.77,34.17,44.59,70.01,33.54,64.87,22.7,53.37,23.05,50.43,46.16,75.46,42.18,36.54,71.65,37.7,32.15,55.54,47.06,49.27,62.65,31.3,39.14,34.35,79.39,48.02,74.11,24.52,42.44,68.17,26.19,26.07,29.14,36.51,34.4,40.14,21.01,65.45,40.96,50.91,28.47,77.45,59.4,75.05
1784538545.6505904,52.68,34.16,45.09,61.42,47.69,20.87,57.18,22.01,63.1,66.03,61.99,70.76,37.34,23.48,30.61,44.24,77.03,43.72,35.97,46.33,50.17,62.73,60.92,48.37,27.06,30.61,78.3,77.41,66.72,64.08,36.62,55.48,31.35,78.18,76.74,20.29,48.14,78.45,23.66,54.75,25.5,26.92,47.38,34.35,23.57,39.04,41.35,27.28,32.84,41.83,75.14,45.38,69.53,30.22,62.15,60.93,75.36,60.64,23.71,33.95,66.7,27.77,31.3,48.0
1784538545.6608822,77.95,58.46,34.76,20.32,48.48,28.49,51.43,44.94,76.99,38.96,69.15,28.13,29.76,69.37,21.08,36.07,26.64,32.82,49.18,37.54,71.36,26.95,29.49,55.9,67.38,77.02,46.48,39.81,36.02,42.17,65.23,56.24,50.88,28.49,75.41,40.13,24.99,46.83,70.97,20.79,52.11,49.22,37.11,51.07,39.67,60.99,74.73,72.18,24.54,32.94,74.89,47.41,47.88,45.62,64.21,27.53,71.56,35.91,51.73,46.4,72.36,59.91,30.93,41.16
1784538545.6711543,27.2,76.58,32.51,36.83,69.88,41.5,27.71,56.19,75.36,70.67,31.05,60.64,52.44,64.44,64.53,43.09,36.72,78.15,44.66,78.62,72.18,66.82,30.34,79.38,69.72,67.48,46.15,56.21,21.42,64.06,23.31,38.89,50.0,74.25,76.99,54.38,69.94,61.66,55.12,46.71,41.39,23.47,40.93,50.02,35.73,33.87,57.2,62.85,55.18,65.57,62.74,36.42,56.83,24.99,31.07,20.4,22.77,41.23,69.02,49.31,60.64,26.36,66.95,79.28
1784538545.681411,71.28,41.3,38.1,33.7,25.17,42.84,38.54,28.12,63.42,68.88,32.08,35.2,72.5,37.29,26.19,20.65,32.93,28.28,31.04,24.99,74.5,41.61,64.85,67.63,39.4,65.16,34.35,61.23,24.95,76.01,67.64,29.96,71.29,39.54,38.18,23.04,41.52,52.13,33.31,42.77,59.64,69.28,58.07,77.92,57.07,23.33,72.08,62.06,50.71,64.74,75.57,72.12,74.07,60.4,79.29,53.37,33.41,46.28,75.86,40.9,20.66,24.33,70.26,57.64
1784538545.6916642,21.2,42.84,57.8,77.5,68.34,69.19,71.35,28.03,33.55,77.7,47.55,37.42,32.2,47.49,62.15,79.88,65.59,49.62,47.2,72.28,35.71,38.95,44.83,20.02,69.18,56.7,46.51,26.7,40.17,43.1,74.63,35.68,33.2,33.22,53.42,63.68,27.49,56.99,44.38,39.6,63.93,39.78,41.66,23.47,22.27,62.93,40.61,53.28,78.72,67.67,66.17,56.02,40.98,26.42,71.07,62.01,25.47,59.43,60.02,45.99,70.44,37.98,39.49,60.18
1784538545.7019002,32.21,50.9,24.04,68.09,32.31,62.47,77.77,67.39,79.44,34.16,77.82,67.05,53.18,56.67,32.67,79.29,34.36,70.95,30.29,34.09,31.83,29.15,24.65,72.99,59.69,62.52,47.89,79.75,35.76,37.54,71.81,74.95,27.18,51.32,46.63,21.32,41.66,32.46,28.16,49.69,30.18,46.93,36.79,63.61,25.87,25.84,23.9,44.87,53.1,48.0,48.37,37.47,71.96,72.42,22.63,71.39,23.95,22.36,58.89,47.34,36.95,20.18,79.96,22.17
1784538545.7121754,73.53,43.97,54.16,56.34,39.71,28.32,28.13,22.59,66.64,79.14,31.43,50.7,38.99,71.21,36.04,51.24,77.73,48.1,64.76,59.43,35.38,79.12,38.24,56.57,55.86,55.16,53.92,36.17,34.46,36.85,41.87,74.24,26.08,27.62,23.57,68.66,48.43,65.91,36.13,33.02,58.03,73.78,66.33,72.89,63.19,76.61,44.85,56.57,40.08,21.79,26.83,67.99,78.32,77.05,40.32,27.25,52.24,65.95,24.94,57.55,29.97,27.75,27.39,78.99
1784538545.7224314,35.47,34.8,77.36,44.74,24.3,38.76,39.67,68.08,70.46,78.91,36.93,32.82,68.46,28.48,53.61,52.6,56.12,49.23,73.77,40.99,52.18,64.33,25.08,28.18,61.49,34.15,31.46,74.49,72.73,53.51,73.42,57.15,41.54,63.22,47.66,39.03,53.62,65.61,27.48,69.89,71.68,50.96,54.08,70.69,34.51,22.1,51.14,25.35,66.28,40.6,55.97,40.53,55.55,57.2,68.78,61.73,61.24,20.57,34.34,68.76,26.94,64.89,47.84,44.35
1784538545.7326655,60.86,48.7,26.59,37.04,21.94,77.05,36.05,76.97,52.17,28.91,34.86,22.6,42.11,53.76,26.28,28.98,33.96,49.67,35.82,52.08,46.73,42.65,48.99,65.08,69.69,52.98,72.73,31.5,42.55,40.03,22.28,29.41,25.05,52.56,52.25,51.51,28.29,60.06,55.07,78.88,71.76,60.37,27.31,54.06,21.6,67.19,29.29,74.53,57.42,65.22,48.76,66.61,78.78,66.93,73.2,27.88,79.83,69.38,67.05,52.6,43.38,71.18,61.8,69.69
1784538545.7429988,36.11,34.82,68.59,46.63,23.28,76.16,27.05,35.41,37.67,76.27,30.9,39.41,26.79,68.77,74.01,57.7,52.38,69.52,31.29,58.7,63.54,47.95,38.31,62.47,31.26,44.66,57.77,68.99,63.91,22.27,46.69,48.58,28.14,41.09,79.65,61.71,57.18,62.44,63.24,39.01,46.8,71.04,66.52,62.17,55.13,20.87,21.44,65.91,71.19,42.35,76.54,29.78,76.91,30.37,66.34,47.22,49.92,22.79,76.71,62.27,48.88,56.74,67.2,71.43
1784538545.7533703,69.89,62.63,20.2,34.4,55.98,36.54,49.21,25.98,37.67,25.96,28.19,51.39,23.66,43.92,31.98,34.41,45.75,43.67,45.59,52.39,77.82,37.77,26.57,45.51,35.54,57.04,49.75,24.83,62.78,59.72,61.23,46.82,28.2,51.33,54.66,39.07,79.08,48.44,78.51,63.5,67.23,72.03,71.47,74.23,30.09,79.66,53.96,52.92,42.34,30.33,20.36,30.5,41.36,43.8,35.39,55.8,44.88,25.46,40.75,39.24,41.96,68.93,22.17,77.42
1784538545.76363,57.76,63.62,48.11,49.34,20.96,39.07,71.98,76.71,65.16,69.26,21.75,36.44,44.99,75.98,75.93,74.41,48.92,75.47,48.95,31.09,78.55,24.46,39.83,23.64,32.51,20.6,72.83,49.47,33.41,60.12,45.48,36.2,49.35,27.55,51.95,51.17,74.47,75.95,55.75,74.92,49.93,73.65,38.59,69.97,57.31,49.29,63.43,73.62,69.1,32.72,55.6,58.37,63.41,76.89,38.41,27.9,49.82,59.49,45.33,36.36,51.37,20.1,35.44,74.5
1784538545.7739458,71.75,59.08,25.57,43.37,23.73,52.18,48.92,24.11,38.05,59.03,31.21,33.3,64.01,69.75,78.06,29.06,31.33,58.75,25.27,20.69,43.41,63.21,59.22,25.01,55.88,77.63,40.27,39.74,37.24,79.71,66.83,47.84,39.75,35.48,66.48,39.55,27.59,57.18,48.63,31.97,56.44,79.12,45.11,54.47,53.5,51.81,32.52,70.43,26.93,76.54,66.27,63.49,72.3,28.33,23.69,54.81,46.35,74.99,52.65,67.04,32.25,21.24,60.77,25.9
1784538545.7842095,30.43,59.88,46.36,36.14,49.73,33.94,50.37,24.78,21.48,72.89,46.25,27.53,29.57,53.58,21.28,28.0,63.14,43.38,65.92,33.69,35.24,60.21,62.59,31.95,23.63,70.79,50.88,76.89,47.38,78.9,47.14,52.54,55.32,65.43,56.53,75.74,39.71,28.47,55.73,33.04,30.72,57.7,66.88,79.39,49.65,59.63,65.9,30.84,40.52,51.19,56.87,29.02,50.04,49.16,37.33,79.84,27.27,39.13,36.36,43.64,50.85,22.35,77.95,50.13
1784538545.7944858,31.65,72.66,68.71,26.92,76.18,69.39,56.25,28.2,79.7,70.25,79.31,69.97,66.49,33.99,62.46,74.15,27.82,20.3,74.97,59.13,35.51,42.28,39.24,67.51,64.35,68.4,71.87,35.55,56.28,51.25,45.88,37.57,38.36,65.0,63.52,40.27,24.14,46.35,45.51,78.13,45.92,27.14,28.27,49.63,57.46,68.86,20.4,41.79,34.35,65.99,20.87,68.1,42.47,23.75,25.69,70.19,77.89,38.49,40.76,53.55,76.44,34.07,41.25,70.24
1784538545.80482,74.56,65.43,55.0,33.31,36.57,58.28,24.37,41.03,39.88,26.91,47.25,62.17,54.82,39.17,23.1,20.9,42.83,60.03,22.42,30.73,29.9,45.61,38.39,41.59,38.65,24.99,47.21,57.14,37.3,44.45,29.91,21.46,47.55,29.25,75.47,38.53,71.66,51.42,56.54,55.59,35.35,23.13,32.92,39.91,36.71,47.06,64.69,72.19,58.29,78.22,72.27,37.55,54.46,37.31,38.5,75.96,57.48,58.18,72.0,28.1,38.1,53.29,77.26,40.37
1784538545.8151,54.87,46.25,79.74,42.26,56.8,29.21,24.96,69.37,20.94,79.13,44.2,77.41,39.93,72.67,41.96,46.53,41.12,34.35,74.42,53.79,66.63,23.65,44.06,54.9,40.26,37.16,69.94,30.14,79.96,25.32,48.68,57.38,75.42,66.65,33.27,60.84,74.23,52.7,25.27,50.77,48.02,44.2,37.68,38.13,68.02,78.44,29.12,24.05,39.08,45.1,47.94,35.99,26.26,22.4,29.85,33.73,75.27,73.05,26.0,77.75,78.3,62.45,39.91,78.54
1784538545.8253374,28.42,42.78,30.1,61.88,45.18,61.34,29.34,35.85,78.6,69.5,51.02,35.73,42.32,53.18,39.77,61.88,61.74,49.05,34.76,72.51,51.8,69.8,24.36,76.5,58.26,54.99,55.28,66.66,27.18,31.24,58.88,23.28,25.83,53.15,37.93,36.58,69.99,30.48,74.48,58.67,46.18,20.38,72.02,71.84,74.1,67.74,71.85,25.29,71.7,46.58,53.82,75.84,40.93,78.37,67.48,67.93,57.12,42.6,51.24,62.17,24.28,34.61,29.89,75.68
1784538545.8356254,69.96,43.14,34.78,68.26,41.86,28.66,71.74,37.37,64.84,47.88,26.96,55.81,42.43,48.85,45.09,75.42,52.35,42.07,63.65,56.51,52.33,38.46,78.25,54.55,74.65,48.6,61.09,60.7,59.29,77.96,70.2,27.18,52.41,41.11,50.15,68.79,42.33,54.76,42.86,23.52,74.36,33.44,72.63,35.38,29.61,32.64,53.03,51.07,51.76,26.64,76.18,31.37,47.81,75.62,51.95,51.89,63.62,60.7,77.33,58.19,48.47,59.78,23.46,45.28
1784538545.8458714,48.17,67.78,30.72,57.31,60.48,31.57,57.88,65.56,43.75,64.18,37.76,27.37,50.62,73.65,34.96,42.27,62.82,78.4,41.54,47.84,78.97,66.79,69.24,34.83,31.03,62.62,32.98,78.0,32.46,24.83,51.39,71.52,73.78,50.16,54.3,69.33,31.83,30.26,74.36,68.9,27.23,64.56,67.88,78.09,52.53,55.35,70.27,63.61,37.1,62.3,33.15,29.54,61.37,23.77,32.96,55.06,70.37,78.34,54.55,21.1,22.21,52.98,34.35,44.47
1784538545.856141,53.64,58.46,79.2,78.16,56.44,20.93,56.55,30.46,21.74,53.16,79.14,23.58,27.2,24.73,20.81,71.0,55.36,75.49,49.12,27.6,52.35,64.06,57.4,54.29,68.53,49.18,78.17,52.34,58.71,36.51,61.03,49.42,25.54,39.94,78.36,63.73,27.6,24.43,68.31,58.43,49.47,33.08,33.18,64.39,75.75,53.23,52.05,30.04,38.8,33.82,61.47,25.18,31.03,51.9,55.27,21.28,66.23,42.79,22.16,25.91,40.12,39.33,50.77,53.46
1784538545.8663826,24.25,37.51,75.03,66.7,77.25,21.29,24.91,77.3,65.15,38.17,31.85,48.4,40.35,74.74,49.99,68.87,39.66,26.2,66.47,37.55,44.2,78.65,20.22,73.3,45.06,20.39,37.6,68.57,48.0,49.66,61.47,22.46,40.21,61.46,26.25,49.27,33.68,61.15,69.6,32.05,56.39,78.15,23.36,79.77,62.92,25.17,32.55,54.69,64.8,48.42,71.95,41.72,61.68,61.42,78.37,41.29,44.58,74.21,67.52,37.86,21.94,71.87,50.31,53.61
1784538545.8766427,74.74,34.52,27.57,75.78,38.17,36.93,76.98,25.89,54.51,30.52,28.17,22.09,47.68,32.11,73.23,77.2,33.17,38.9,55.88,40.92,42.29,55.66,78.6,33.29,76.83,52.36,59.08,65.01,71.86,77.28,64.58,50.36,45.37,54.63,29.25,43.85,52.73,70.57,38.07,78.19,40.65,27.18,31.21,53.97,25.7,66.42,40.91,24.0,33.99,59.38,60.0,30.13,75.89,73.26,60.39,37.72,37.64,77.54,66.12,58.54,49.77,67.46,42.74,72.46
1784538545.8868847,26.47,78.38,79.3,20.88,27.21,53.21,44.87,47.59,73.28,43.95,64.19,57.53,29.21,78.59,62.14,79.39,68.47,26.86,52.91,74.46,51.7,48.51,38.03,71.55,28.86,40.51,73.44,62.27,69.46,65.83,39.99,33.78,69.66,44.26,67.42,74.16,54.05,41.81,45.06,54.14,54.74,39.63,68.89,30.77,77.54,57.04,58.02,56.75,77.79,36.98,36.21,76.7,55.57,78.51,65.57,62.08,59.77,64.83,38.15,48.07,32.19,60.15,26.55,51.31
1784538545.8971457,46.97,28.9,58.1,40.65,23.64,46.49,57.94,74.47,22.07,37.47,74.11,28.8,63.36,79.74,69.86,40.2,27.46,43.52,56.59,41.93,36.73,58.07,78.36,36.05,44.46,61.59,49.96,39.24,33.74,35.82,63.73,66.56,43.72,52.78,57.88,66.28,66.15,76.98,67.18,29.28,40.82,27.09,26.37,23.15,34.88,37.6,69.25,77.05,49.07,21.76,21.4,54.69,31.37,62.63,24.77,38.14,50.7,61.17,52.44,44.95,58.33,24.17,71.73,39.0
1784538545.9074118,42.75,61.68,76.03,62.37,75.38,51.8,27.52,76.58,50.27,37.7,71.43,31.98,63.03,50.63,70.09,27.2,75.0,37.64,73.7,48.28,38.52,29.05,74.28,52.21,77.85,38.04,29.57,61.78,58.46,60.59,52.86,53.71,36.58,38.93,62.65,73.98,38.01,22.34,72.84,52.15,68.83,51.95,63.7,55.5,49.23,30.68,23.73,72.44,55.78,26.76,22.71,74.56,34.06,24.22,37.22,26.46,76.73,23.44,79.34,20.46,59.04,42.3,27.01,75.47
1784538545.9176729,41.74,34.74,52.04,79.02,58.82,41.2,55.91,79.62,37.42,35.27,52.49,57.27,36.49,42.81,68.88,26.13,78.88,49.78,43.88,56.26,79.62,77.44,73.39,29.67,78.84,27.74,53.15,75.25,21.1,60.44,24.63,47.15,66.8,77.27,24.53,69.37,60.01,44.69,34.87,25.95,27.07,59.57,37.1,68.04,34.15,73.52,27.83,76.33,41.2,78.59,31.99,20.53,65.18,75.31,71.67,61.39,48.49,23.03,63.96,57.11,49.96,79.73,31.15,66.22
1784538545.9279385,39.56,63.75,58.91,24.05,41.76,33.39,49.53,56.78,36.98,46.76,63.15,52.94,45.79,32.41,30.53,52.13,55.98,72.93,49.34,20.02,53.82,56.52,32.98,70.53,38.81,73.65,41.46,69.65,52.46,55.37,53.24,46.29,35.52,39.45,79.09,73.21,49.96,60.95,34.35,42.09,35.76,55.25,31.87,51.86,55.61,42.73,31.27,68.02,41.79,30.99,69.41,45.83,36.47,47.23,51.05,42.23,37.31,79.35,39.12,71.76,68.32,68.14,68.65,34.69
1784538545.938195,48.04,70.75,52.77,49.07,59.49,47.69,35.28,49.21,53.18,64.68,66.45,24.51,55.25,38.29,70.95,62.93,20.07,61.18,28.68,26.11,54.52,28.73,27.86,29.75,66.61,27.14,41.52,25.63,61.07,70.95,21.98,58.23,42.75,44.77,69.88,46.98,71.21,28.9,33.47,36.61,51.47,32.08,68.08,77.07,31.93,75.08,59.48,64.73,54.12,33.5,78.53,26.12,45.75,23.63,35.75,38.19,72.46,47.53,65.72,29.5,59.79,74.92,31.93,56.33
1784538545.9484737,35.25,47.61,78.87,53.41,34.9,21.84,37.01,50.46,75.71,71.03,20.74,75.8,51.24,54.46,23.29,54.6,64.17,50.52,68.98,74.21,22.41,20.28,59.93,34.77,25.52,72.54,53.29,44.96,70.82,60.14,20.53,45.49,36.56,35.36,24.0,56.58,22.0,30.29,66.04,56.56,20.67,65.6,36.55,26.44,38.6,48.57,22.58,78.45,55.89,63.84,24.87,21.39,37.35,69.13,27.61,40.09,33.28,58.78,43.78,76.35,44.61,61.37,38.72,57.41
1784538545.9587364,79.24,42.06,61.81,35.13,39.72,29.74,47.67,34.79,38.69,58.52,74.87,72.0,50.21,62.21,64.16,48.91,63.33,29.82,44.84,65.86,75.16,75.39,78.98,69.5,72.64,37.67,38.51,51.43,60.02,48.13,42.27,28.15,41.42,33.37,49.3,59.69,45.52,25.61,26.23,59.45,46.32,29.67,62.88,61.16,53.45,66.67,45.73,74.99,38.66,43.36,24.17,57.25,60.32,20.17,27.11,56.76,71.83,40.66,71.52,40.94,69.65,27.33,59.53,77.24
1784538545.968958,73.26,78.1,68.65,36.9,31.7,57.68,51.05,32.82,66.38,58.15,55.75,67.71,28.72,21.33,52.28,61.55,32.18,41.63,33.56,47.42,72.15,68.95,55.75,26.99,32.15,50.9,65.31,24.32,67.66,69.23,38.56,67.43,26.97,49.3,22.64,50.9,75.83,35.49,61.72,29.41,31.51,63.89,38.18,71.96,41.68,25.57,24.77,29.16,22.02,71.5,79.65,24.01,38.81,22.97,41.8,79.61,66.86,37.59,34.26,24.08,77.83,21.73,79.7,79.28
1784538545.9793556,22.68,59.42,22.43,25.61,51.51,46.96,48.23,65.15,30.0,70.05,36.04,55.85,59.71,57.77,45.23,50.35,32.52,68.64,66.78,44.33,72.97,41.12,72.55,68.3,49.37,56.87,66.42,75.98,79.46,59.8,65.99,22.25,66.9,23.55,30.03,69.25,60.38,63.01,50.03,49.99,32.61,51.41,56.71,30.36,61.38,54.53,65.8,50.95,56.07,23.22,51.64,72.68,43.57,20.57,60.2,35.36,56.15,63.71,23.19,52.22,40.2,52.45,59.88,23.48
1784538545.989654,22.2,50.71,74.92,23.34,43.63,45.27,72.57,62.45,74.74,55.91,57.92,20.76,76.34,78.72,49.04,33.07,24.46,60.31,29.2,79.17,65.02,56.83,66.21,25.53,42.29,41.78,53.0,59.32,52.94,54.48,37.51,62.71,49.62,78.15,38.65,28.59,51.46,23.51,22.32,44.25,63.18,77.98,22.0,30.83,38.33,36.09,73.63,41.13,56.31,64.34,68.13,74.25,74.18,26.21,72.39,49.49,34.09,25.43,77.45,57.77,20.09,69.97,53.41,25.32
1784538545.9999242,30.1,34.28,55.34,22.46,39.61,44.63,55.88,79.44,39.7,32.99,79.4,67.66,61.73,66.09,63.71,54.48,30.21,54.93,48.15,31.0,55.32,33.62,44.14,58.17,69.39,71.47,51.27,58.98,60.03,59.32,77.92,47.38,45.41,37.7,72.73,69.77,61.74,54.14,30.33,31.53,66.52,60.93,41.78,74.79,22.86,57.01,21.15,48.15,34.82,50.16,31.17,61.34,24.13,60.76,28.83,27.01,75.29,57.39,52.44,51.03,21.88,50.08,47.54,46.26
1784538546.0102472,72.6,48.28,49.53,62.17,43.01,68.33,51.08,44.86,75.87,72.8,25.22,20.83,76.87,29.7,73.27,30.35,38.3,71.79,50.88,79.99,66.06,52.92,65.68,54.7,75.34,72.54,28.42,41.88,55.48,73.42,79.02,77.3,44.48,61.53,36.74,36.07,74.75,68.62,36.76,77.43,73.53,77.83,59.28,64.73,35.06,36.86,33.66,63.42,20.85,36.88,21.96,22.32,29.74,62.74,65.88,34.94,64.32,29.14,26.97,46.08,64.63,75.36,66.77,77.43
1784538546.0204773,56.65,56.05,79.73,68.8,52.98,74.89,55.93,53.79,35.1,36.28,30.06,68.1,21.22,59.35,41.29,64.35,55.43,43.85,60.06,51.32,49.19,63.32,62.02,71.63,34.15,44.42,50.51,34.33,46.02,51.11,34.63,42.13,47.88,52.98,73.24,34.81,67.27,74.74,20.19,42.77,68.45,48.15,51.7,39.55,45.23,26.6,42.55,72.0,29.32,77.08,51.83,35.48,35.75,76.16,70.61,37.29,32.22,79.72,49.89,33.93,47.69,41.07,23.84,41.28
1784538546.0307813,60.27,64.98,40.03,60.51,75.49,63.51,61.34,45.11,52.64,22.59,33.14,79.11,30.36,54.0,54.82,26.7,69.55,78.72,33.04,58.37,78.36,52.32,69.76,60.25,43.22,39.17,45.13,45.83,37.79,21.37,25.37,44.15,34.14,69.92,42.59,75.34,42.62,52.71,76.91,61.98,43.46,61.93,63.21,62.38,48.39,73.06,55.72,26.13,40.49,56.5,69.09,24.15,29.44,23.46,26.6,62.06,31.62,21.42,25.96,78.81,44.32,66.82,74.37,67.91
1784538546.0410988,57.05,30.25,24.54,23.08,40.07,77.76,45.42,47.04,37.13,37.07,48.88,49.33,22.38,37.04,68.66,37.76,71.55,73.01,63.89,76.85,20.16,60.45,60.81,68.12,76.15,25.14,47.78,67.33,36.09,41.94,26.39,43.1,72.87,52.33,36.97,71.42,34.21,21.25,31.18,72.04,76.03,39.51,66.0,30.57,44.33,61.8,57.02,53.63,50.24,30.18,36.19,24.74,35.44,51.18,55.48,57.87,41.7,75.19,23.8,21.75,36.3,48.58,21.45,65.14
1784538546.051351,46.37,76.76,23.9,46.51,20.36,34.28,30.12,76.26,53.56,64.73,68.8,26.93,51.18,46.22,38.06,45.7,57.4,48.48,55.29,74.13,51.26,70.46,35.29,29.61,28.05,33.47,60.66,43.83,39.48,28.09,76.21,49.54,62.41,39.93,70.1,74.98,20.21,21.51,55.75,71.89,69.36,68.78,75.9,61.84,37.4,31.6,42.95,32.9,57.03,42.18,43.33,78.1,47.15,42.58,53.4,78.51,42.15,47.39,23.46,54.32,50.71,73.14,38.21,68.19
1784538546.0616133,63.67,58.48,77.5,25.37,59.82,72.03,41.11,68.47,58.06,64.69,54.43,67.12,27.09,70.85,33.37,20.7,26.65,36.27,33.31,59.59,57.94,28.53,34.31,50.89,49.9,30.29,58.97,37.34,20.85,50.06,31.26,34.17,60.19,41.3,64.71,78.2,78.07,50.06,22.22,20.3,40.39,68.93,50.14,43.75,43.22,35.36,35.87,27.42,58.68,31.88,45.83,64.24,75.44,20.57,33.18,58.58,31.47,58.75,76.29,73.03,48.85,35.5,57.73,46.96
1784538546.0718713,54.04,71.34,69.04,30.3,20.49,50.57,44.3,70.0,62.48,39.03,65.35,26.4,23.07,68.68,24.18,63.52,44.62,21.38,72.16,30.82,34.23,77.38,69.05,46.85,63.36,59.22,61.74,39.45,62.85,30.03,21.09,65.51,46.73,60.89,37.03,52.3,74.52,53.16,49.37,32.16,74.86,35.87,48.93,54.03,22.68,56.58,32.71,74.25,61.39,66.99,21.51,70.48,52.29,43.74,54.23,38.03,73.27,24.67,65.4,73.57,27.04,32.35,60.83,45.41
1784538546.0822034,49.81,73.46,52.86,68.59,64.61,54.37,44.79,56.12,30.29,77.92,50.69,36.56,43.5,40.27,34.32,31.71,29.22,58.11,54.4,50.75,75.53,72.7,49.29,26.72,21.09,73.3,46.96,37.91,22.07,39.41,59.59,25.22,49.24,46.29,71.58,41.53,69.64,73.73,48.29,76.87,22.14,21.87,40.8,47.57,45.19,41.44,60.95,62.83,50.13,71.0,44.04,46.74,70.94,24.32,27.11,72.54,54.52,64.52,79.16,38.01,44.22,21.28,45.87,56.94
1784538546.0924973,63.48,27.33,79.59,71.07,27.18,28.89,30.92,23.71,50.25,40.87,33.11,75.2,44.63,62.85,28.99,61.76,76.29,63.02,69.57,77.14,27.93,41.08,27.28,76.16,51.16,25.96,47.84,49.3,38.05,40.05,44.97,79.49,75.37,62.08,76.78,41.1,72.05,67.94,26.83,47.19,30.87,21.51,24.88,31.87,30.14,34.09,73.82,44.68,59.41,63.42,53.12,53.05,67.38,27.25,58.76,70.61,61.72,55.43,33.1,38.09,32.82,57.4,28.21,70.48
1784538546.1027753,50.65,58.96,58.87,64.64,77.71,38.56,55.53,63.14,78.54,44.57,73.78,71.43,47.54,24.98,66.93,62.13,37.24,52.11,57.66,50.06,44.41,23.7,26.78,76.52,27.06,27.89,77.19,43.82,51.26,35.01,65.05,41.16,79.38,47.22,60.73,49.71,56.99,78.35,29.57,35.15,70.31,52.25,69.83,70.51,76.56,26.19,74.75,43.11,59.73,21.92,47.69,68.42,25.41,68.98,69.28,63.26,45.02,64.23,21.56,47.44,64.44,23.37,58.44,69.06
1784538546.1130352,64.37,41.03,30.11,49.73,55.85,41.22,40.12,55.78,29.7,42.6,64.82,60.88,42.19,71.8,40.58,33.93,69.84,73.78,22.41,53.96,46.26,36.51,39.86,37.37,50.93,26.1,78.35,40.94,24.84,35.68,58.48,36.61,38.72,68.09,56.68,20.85,72.81,20.3,30.22,37.17,59.99,73.99,27.73,34.75,50.34,73.24,73.0,69.02,27.23,58.98,63.69,77.24,64.79,53.96,68.08,26.84,46.28,79.25,58.09,20.8,64.97,42.47,29.4,79.27
1784538546.123308,75.54,43.79,43.35,58.66,20.35,35.06,68.52,60.12,59.84,79.94,31.75,55.9,46.08,76.02,47.04,36.88,33.38,34.25,38.68,61.51,34.91,64.24,20.42,73.1,48.22,35.13,32.82,28.49,47.29,21.56,56.03,65.39,59.99,71.09,74.23,51.57,40.2,66.09,78.83,35.44,45.41,21.84,79.89,57.57,68.77,50.88,68.49,35.73,37.59,46.47,71.67,39.85,40.86,25.7,60.37,27.72,21.03,71.2,63.16,23.35,77.07,37.19,27.48,42.81
1784538546.1335633,40.23,23.28,77.42,69.86,27.54,70.69,44.18,57.04,41.16,22.81,21.58,68.44,23.15,20.35,29.64,30.08,63.68,48.7,45.92,49.96,27.04,31.69,20.23,64.9,44.72,55.17,69.51,41.76,72.36,32.43,74.53,36.29,79.51,70.55,60.45,52.8,75.79,62.8,30.96,72.68,71.79,66.05,23.91,52.57,67.34,69.14,75.33,58.14,74.91,69.05,43.79,32.89,77.56,21.9,41.12,36.73,75.53,25.72,21.26,27.33,22.25,79.82,72.09,37.01
1784538546.1438231,49.81,47.04,63.71,70.11,38.86,57.26,32.5,73.04,50.07,38.79,34.73,23.3,47.96,34.81,42.21,71.72,65.1,44.86,79.71,59.08,58.92,65.28,68.69,34.97,45.9,29.21,43.39,67.35,74.16,76.03,25.48,68.48,20.81,34.82,62.13,31.27,23.87,61.02,40.58,64.09,29.72,40.29,79.95,28.69,37.02,30.98,57.49,28.78,64.62,28.83,34.0,50.3,64.05,66.35,34.5,30.43,48.7,33.64,21.9,30.87,25.42,54.15,73.66,66.33
1784538546.1541364,73.87,51.5,55.76,29.79,48.39,67.7,74.55,67.2,54.91,23.83,74.09,72.75,55.74,53.88,65.32,60.51,74.51,49.19,31.12,42.66,74.5,47.16,31.15,30.92,71.59,27.23,44.62,77.94,50.1,46.19,62.92,60.17,33.15,63.8,45.17,35.49,23.95,25.88,66.0,55.39,76.9,41.39,31.89,52.78,48.09,38.81,56.01,28.31,43.97,79.29,29.7,34.88,22.0,78.03,59.54,31.16,68.04,20.41,71.65,77.33,65.1,37.98,31.16,48.07
1784538546.1644773,58.31,55.36,37.65,24.71,27.74,64.53,69.98,52.91,72.06,35.37,28.43,46.72,64.51,69.02,72.91,53.88,59.99,37.95,24.03,46.57,43.2,38.97,65.31,42.97,75.22,21.69,49.56,75.38,21.73,73.28,76.68,54.14,39.04,28.38,51.79,27.47,26.67,46.5,56.11,38.89,56.67,51.91,73.16,77.96,41.41,28.79,61.26,24.81,52.02,41.25,48.42,28.18,29.35,70.73,56.39,50.59,53.21,73.02,63.53,75.71,47.62,20.1,62.17,48.23
1784538546.1747806,73.48,77.17,72.26,50.18,24.28,54.11,58.23,76.93,47.14,53.6,24.28,46.92,31.26,29.77,72.54,35.93,49.21,49.2,20.99,46.51,22.54,68.82,22.85,44.18,61.9,25.96,75.26,38.17,74.41,62.19,53.36,56.13,65.89,54.34,54.89,36.98,59.47,34.37,64.44,75.42,52.96,44.23,25.91,21.71,27.44,26.63,44.14,75.72,23.63,52.09,57.86,64.08,35.27,33.07,44.52,50.9,59.09,72.38,39.67,68.63,70.4,48.69,58.41,50.21
1784538546.185048,71.42,45.29,30.86,53.48,72.07,66.15,72.99,42.6,38.38,23.69,65.71,43.33,43.75,26.35,78.93,66.51,58.78,54.7,65.2,49.04,78.86,62.15,56.43,40.4,50.13,22.62,74.44,68.56,54.77,76.33,47.51,63.5,48.3,36.29,55.99,71.04,63.2,26.73,58.5,52.55,52.5,66.37,63.16,68.36,40.56,22.5,37.56,25.01,27.08,59.49,71.88,64.49,60.75,29.4,50.59,40.47,35.46,55.91,43.22,23.11,33.43,21.38,78.47,60.7
1784538546.1953554,57.82,51.97,69.49,45.91,66.34,59.47,75.59,74.93,41.32,66.31,70.71,72.03,22.67,61.37,53.14,39.89,59.83,52.77,67.34,38.76,74.32,39.18,64.52,21.76,39.29,30.12,77.42,37.38,38.53,26.6,73.88,40.56,66.31,49.54,40.77,41.24,20.75,38.27,49.45,35.14,59.23,74.68,34.63,72.49,29.11,68.96,69.62,47.35,59.26,77.51,42.1,49.34,43.39,72.62,57.03,63.24,34.42,67.4,20.43,35.38,30.35,26.17,30.98,63.3
1784538546.2056758,21.6,23.99,72.46,24.08,22.95,78.32,46.3,20.57,70.24,55.0,45.8,25.22,41.01,60.47,21.07,71.49,56.31,50.05,65.81,23.06,57.95,37.42,67.63,25.94,53.12,68.9,71.85,72.22,29.85,20.02,24.29,25.1,74.27,35.56,45.63,71.03,70.23,64.9,71.77,25.77,70.5,52.04,38.23,60.55,46.24,29.91,78.21,43.19,70.8,58.64,35.65,69.42,40.65,58.96,65.03,57.96,70.93,59.21,31.65,67.4,75.8,63.87,53.25,24.06
1784538546.2160876,22.85,46.19,35.49,67.26,72.74,73.95,27.93,38.34,56.5,49.1,75.98,20.53,31.59,75.02,66.03,28.08,42.79,77.85,62.54,26.66,23.35,61.65,37.21,23.86,45.53,56.01,66.48,79.03,42.55,36.86,41.64,70.02,72.47,79.45,21.08,75.62,57.87,75.37,77.95,50.51,36.78,60.13,78.65,26.89,69.08,27.03,54.32,20.35,26.39,72.54,20.89,52.71,78.14,76.71,68.1,43.19,36.38,77.07,74.55,33.93,40.13,65.21,32.59,76.0
1784538546.226349,25.51,43.41,39.54,52.58,66.08,55.9,33.79,44.86,77.58,37.26,27.96,64.51,42.85,25.9,35.48,30.6,43.81,60.4,46.84,63.07,69.69,37.83,42.74,62.47,64.35,70.75,75.69,51.87,40.28,62.54,68.2,78.95,20.58,29.15,78.03,33.46,62.94,44.16,29.78,30.03,44.38,29.34,29.83,70.21,58.2,66.19,22.67,67.41,63.23,67.78,49.88,41.31,68.74,62.97,70.49,41.64,33.2,79.19,49.82,35.09,31.4,24.13,48.91,26.97
1784538546.2366292,43.98,24.56,36.6,24.15,58.59,40.65,78.72,34.88,23.37,26.22,68.11,21.51,32.09,65.39,54.49,23.9,24.72,65.07,74.7,54.02,20.03,48.29,76.15,52.74,61.29,52.3,68.75,60.03,73.51,58.0,75.92,23.46,36.24,41.1,49.36,38.72,77.07,55.08,46.91,72.53,64.08,43.6,73.24,36.58,32.02,66.77,51.11,54.63,75.71,35.6,79.07,65.96,21.57,69.81,24.83,38.76,48.15,45.87,20.36,65.74,23.17,66.85,33.83,49.21
1784538546.246923,59.63,43.54,29.67,51.24,30.56,76.5,75.5,56.65,59.79,70.87,52.08,59.15,20.55,29.58,31.05,28.06,72.94,35.45,50.83,48.8,47.99,59.09,43.16,28.72,75.58,41.86,54.19,62.64,34.83,67.56,24.65,70.02,73.91,39.65,20.81,62.55,44.01,56.23,37.78,73.4,36.79,32.82,67.54,51.44,68.7,48.09,78.41,38.9,58.26,74.57,55.7,34.35,69.32,43.62,24.8,68.69,44.1,42.34,67.66,38.7,52.18,57.4,59.52,57.69
1784538546.2571774,58.97,29.53,65.29,41.54,63.38,26.38,58.43,76.63,44.17,20.93,23.83,50.84,21.52,37.3,22.07,23.23,60.07,62.78,27.56,26.48,69.35,42.8,30.43,79.28,51.84,33.96,67.65,38.21,28.63,52.19,34.62,40.24,70.5,50.47,49.04,56.96,28.52,53.5,75.04,61.44,70.23,44.55,72.59,52.87,39.57,76.75,24.11,64.23,69.19,21.93,73.53,59.27,48.6,52.17,69.43,39.81,43.31,43.51,65.79,51.58,77.47,49.95,30.9,43.78
1784538546.2674406,74.02,67.14,63.91,27.71,72.88,50.23,29.75,67.92,36.26,58.43,71.62,60.0,66.15,20.72,29.04,38.47,62.64,46.05,34.51,33.97,21.11,54.72,32.36,35.16,38.94,38.14,72.33,36.86,77.47,43.9,44.61,55.32,34.14,61.8,37.42,23.08,33.51,32.61,79.45,44.18,57.73,62.64,38.17,46.11,25.17,25.73,65.65,41.05,45.44,59.11,58.46,38.08,75.01,34.56,63.45,65.39,55.65,54.63,62.73,53.02,66.63,31.15,76.54,49.97
1784538546.2777746,31.11,22.04,36.28,43.01,70.96,44.3,68.59,53.26,63.93,51.88,43.66,64.59,57.38,56.35,47.21,62.16,72.69,26.4,53.96,33.26,76.88,55.54,56.52,52.85,49.01,36.35,70.4,27.0,42.95,47.35,41.83,68.06,49.59,76.22,28.09,71.67,25.53,21.47,55.22,53.52,66.0,53.78,22.31,44.88,55.99,40.24,71.26,67.44,38.76,40.85,35.57,25.4,66.21,52.12,32.56,69.34,64.97,67.49,50.98,45.92,38.38,34.48,48.01,60.02
1784538546.2880375,32.92,51.08,20.25,37.78,26.96,29.58,65.25,44.63,66.65,24.91,48.55,46.28,43.39,44.64,54.69,48.9,22.18,40.68,76.63,52.6,37.75,47.95,33.64,51.81,21.67,58.42,67.73,54.8,60.12,78.79,71.6,20.14,23.13,71.42,49.39,36.05,40.05,22.94,79.66,46.61,59.83,37.57,69.09,36.69,54.45,56.03,57.34,27.92,45.65,77.57,39.23,37.07,26.07,47.47,69.79,70.79,60.72,52.88,71.42,71.16,74.6,20.97,52.67,25.35
1784538546.2983334,68.56,57.4,24.24,51.54,56.01,75.45,51.86,70.87,28.17,26.51,45.32,39.71,43.45,40.51,64.29,65.46,44.82,54.72,52.63,25.82,45.66,62.41,48.93,27.4,76.72,31.3,75.36,79.78,66.55,76.75,78.2,32.4,47.93,52.03,71.67,31.79,49.84,67.65,74.81,47.83,32.47,36.57,61.12,35.0,45.88,47.86,30.98,67.25,51.07,63.99,59.17,68.15,79.72,67.84,49.11,79.27,29.2,41.0,30.92,56.81,41.4,29.37,40.21,65.94
1784538546.308598,48.89,68.81,35.02,44.97,41.48,47.94,26.54,66.52,77.61,25.66,47.2,20.97,68.87,20.9,35.52,36.32,30.89,33.89,73.39,66.38,31.66,38.12,30.33,79.87,57.05,42.12,48.03,46.27,71.28,73.77,61.41,36.28,68.21,56.54,28.04,36.87,50.32,63.86,29.34,70.48,72.83,61.84,52.15,23.47,64.78,25.59,60.26,64.47,74.36,62.51,58.48,61.18,39.06,55.78,67.6,59.86,53.18,75.97,42.27,23.3,44.76,67.6,57.3,58.57
1784538546.3188434,78.73,22.95,48.86,26.88,38.69,76.76,68.36,30.78,31.67,20.8,22.07,32.53,21.29,60.1,43.8,54.44,28.12,67.57,44.11,61.83,45.85,33.03,54.73,56.88,37.25,33.85,54.46,41.88,40.02,61.99,54.55,78.57,58.48,51.79,39.55,79.88,39.96,73.13,49.52,31.93,41.85,52.82,39.83,70.48,79.42,75.74,65.9,78.74,63.18,57.55,57.12,64.98,71.88,39.59,37.06,25.15,27.64,57.27,65.42,28.79,72.59,61.85,25.37,59.65
1784538546.3291152,24.5,56.61,51.41,24.5,20.73,77.31,45.6,37.02,35.05,48.27,46.31,75.71,51.05,51.61,34.15,59.58,53.24,30.12,76.11,24.4,30.38,42.48,36.26,49.7,64.79,55.18,52.98,51.52,65.02,60.87,25.06,25.32,70.48,54.48,30.5,55.14,31.85,66.35,29.3,31.89,79.49,29.31,64.13,63.38,69.21,59.12,52.29,41.77,75.0,65.27,27.99,50.15,74.32,52.88,22.22,39.14,61.27,24.08,39.66,65.06,26.86,33.27,35.24,35.41
1784538546.3393865,61.12,66.97,54.61,77.96,45.63,58.84,62.75,23.2,54.87,55.93,49.55,37.98,57.07,31.75,67.48,45.29,77.39,30.64,52.07,34.74,34.16,70.58,35.01,24.3,55.01,75.96,28.03,25.44,57.83,68.53,79.89,28.72,38.32,73.51,23.22,70.66,56.08,23.2,33.48,70.51,49.35,64.9,55.53,62.6,62.56,78.81,22.37,60.91,70.37,32.25,74.21,47.88,62.66,49.74,43.11,67.69,50.66,70.46,34.3,71.08,58.0,54.73,75.02,46.32
1784538546.34971,24.91,33.29,37.81,31.35,35.06,78.76,65.18,28.83,36.46,52.91,26.32,76.03,26.11,77.83,54.21,43.19,43.9,44.85,21.75,26.82,22.47,68.42,49.61,41.13,35.13,41.93,74.71,77.03,60.02,32.66,65.65,65.39,22.62,54.97,34.98,76.61,24.77,48.26,61.67,24.38,31.26,32.99,39.67,63.02,45.03,53.26,72.56,58.59,40.81,40.64,40.3,68.63,29.57,66.11,50.76,41.56,41.12,44.33,65.13,37.01,36.53,24.29,64.85,41.28
1784538546.3599763,52.15,74.92,44.47,37.13,66.57,67.88,79.72,77.25,25.32,27.11,55.54,32.97,52.55,29.14,79.79,30.03,39.22,71.5,77.52,27.36,53.15,23.26,75.01,23.78,47.87,79.03,61.45,27.99,29.15,79.78,42.17,26.7,72.55,29.04,41.77,20.27,79.76,54.29,32.04,47.22,25.75,75.39,62.12,49.23,70.17,36.52,75.2,46.29,30.09,53.26,58.24,38.36,52.52,53.16,40.82,59.44,43.13,60.99,41.48,27.06,29.25,68.34,46.17,50.19
1784538546.370247,70.6,67.98,33.86,59.78,41.47,74.26,20.47,32.76,70.21,35.39,74.85,23.46,56.15,44.61,39.93,66.09,58.96,66.2,26.97,72.05,44.76,24.26,50.5,25.47,49.37,53.28,77.12,68.05,21.62,57.63,57.22,33.18,72.07,33.19,24.69,46.69,42.72,63.52,39.29,33.01,56.04,38.2,40.47,75.21,39.85,58.75,51.89,68.54,34.22,56.0,62.01,71.57,77.55,54.19,21.36,46.22,22.54,65.56,49.55,21.43,62.68,26.91,26.94,22.36
1784538546.380502,78.86,42.16,37.05,29.45,71.09,57.55,21.42,30.56,57.67,30.11,70.48,29.44,33.17,72.55,50.68,43.33,69.31,63.68,63.12,27.79,56.12,32.31,60.08,26.64,57.67,22.79,31.17,24.73,76.76,65.81,60.51,79.03,77.23,43.65,74.71,32.31,57.17,20.87,70.26,28.25,25.14,32.4,38.26,68.15,22.48,67.09,29.75,38.23,52.59,23.89,51.46,61.54,38.36,74.45,42.09,28.08,26.65,64.3,52.48,29.19,53.67,36.82,39.64,20.56
1784538546.3907733,32.72,71.72,48.29,48.03,55.85,27.74,22.43,76.7,50.97,37.52,71.03,73.66,41.89,79.09,74.0,66.18,55.47,37.41,61.12,73.43,30.08,64.99,45.3,31.03,22.24,27.86,75.59,35.87,77.17,20.65,62.58,64.05,51.89,30.57,33.51,40.99,23.15,38.7,33.93,50.01,63.68,50.79,69.51,29.58,73.73,65.98,56.77,58.93,69.93,45.33,71.01,50.62,60.49,43.74,32.55,23.53,27.27,73.93,57.43,28.46,49.15,37.68,23.58,60.87
1784538546.4010313,38.18,53.68,20.68,50.45,25.49,31.64,40.55,41.07,23.35,61.73,43.85,24.12,43.8,50.95,68.49,43.24,55.09,40.08,61.95,46.73,53.58,56.86,24.24,44.35,46.76,30.88,75.02,30.67,40.28,25.2,69.06,40.61,73.65,57.0,67.86,58.72,73.27,44.73,60.56,71.86,61.57,35.2,38.14,67.12,55.12,20.96,48.59,63.66,37.16,33.91,60.35,33.89,47.57,38.4,32.78,64.96,40.49,45.87,41.28,25.99,67.19,55.56,60.0,60.4
1784538546.4113164,49.39,30.71,25.97,43.1,30.58,38.54,55.39,33.44,53.14,45.44,42.93,46.38,53.39,34.78,22.36,71.21,39.21,70.92,54.84,63.45,28.05,64.21,21.28,49.05,24.24,72.48,39.1,33.48,37.99,55.08,20.45,27.35,20.9,25.49,47.34,72.23,75.17,62.44,40.81,46.64,74.6,71.15,36.5,73.27,61.8,44.36,54.73,79.27,70.19,35.26,75.39,54.37,43.13,72.55,27.79,34.07,59.51,35.69,57.7,32.67,68.59,54.82,75.11,35.56
1784538546.4216015,65.29,29.16,44.45,34.24,25.26,66.36,79.35,77.42,41.35,70.48,60.87,58.77,21.57,41.14,47.4,59.55,53.26,66.21,64.73,67.44,73.53,70.54,61.84,67.19,52.59,32.3,66.94,72.84,59.83,31.15,24.73,26.78,65.61,65.09,62.79,42.92,64.77,38.6,71.63,46.59,26.58,49.85,54.37,33.06,54.12,56.67,57.69,78.28,36.32,44.12,24.99,72.48,65.45,56.49,52.88,23.55,39.71,40.12,27.05,74.38,32.19,53.22,65.92,52.04
1784538546.431831,51.05,48.67,30.15,43.69,30.45,45.17,48.05,32.09,31.21,52.1,27.18,52.44,63.21,29.26,77.35,61.58,75.1,20.18,69.27,24.3,25.02,41.76,67.33,40.33,60.47,79.08,59.64,78.06,32.34,74.87,41.6,40.96,72.44,40.22,52.29,47.94,78.3,62.69,44.83,57.04,66.59,25.28,78.7,55.15,29.37,62.89,59.04,70.11,48.52,54.45,26.24,37.81,48.59,34.53,64.14,26.15,43.45,70.93,77.07,21.62,36.41,43.43,22.45,54.1
1784538546.4421077,25.92,46.47,56.53,41.51,62.9,32.55,53.49,55.83,27.29,71.09,43.89,66.02,48.37,74.57,45.45,40.15,39.23,77.7,51.79,78.32,22.63,39.1,79.16,20.41,27.8,74.4,25.24,60.0,78.42,52.81,25.92,67.64,80.0,32.49,39.26,66.99,49.84,32.47,33.82,41.66,41.88,63.71,69.61,58.65,46.17,69.1,45.04,78.33,66.97,36.77,22.73,21.29,40.53,69.43,54.44,46.56,27.36,72.62,56.0,70.12,39.93,39.34,52.98,71.12
1784538546.452385,68.36,38.82,75.57,65.34,45.56,49.57,46.78,70.62,78.08,59.21,78.51,56.71,43.67,23.87,58.1,39.74,32.2,31.3,34.79,42.45,73.82,53.4,36.82,47.34,33.1,69.51,71.53,38.82,46.12,35.47,71.94,27.14,64.38,66.05,52.71,36.33,53.38,64.13,64.68,62.15,30.76,45.56,57.26,21.56,49.98,54.22,33.99,32.95,26.55,45.15,59.22,77.24,24.6,37.49,69.96,64.96,36.18,40.39,47.51,21.05,49.41,35.13,62.75,39.9
1784538546.462663,23.68,39.97,33.81,38.09,61.54,41.56,46.9,52.89,32.18,32.9,24.57,39.28,22.88,22.05,72.44,61.51,79.8,78.94,67.99,29.19,39.5,74.31,50.68,56.24,51.06,24.43,77.34,69.85,52.38,23.86,44.89,36.54,38.47,61.41,44.6,30.4,28.16,62.59,77.27,45.39,74.63,63.81,46.33,35.62,78.15,55.06,30.03,34.81,62.67,44.69,43.61,43.51,77.06,66.54,59.03,43.62,74.6,24.72,20.33,76.38,51.63,44.73,29.94,21.84
1784538546.4729342,46.92,73.37,53.86,71.77,71.47,29.71,73.54,41.15,65.19,29.91,77.5,65.42,26.16,56.4,74.67,79.27,61.67,53.77,75.29,43.32,79.06,35.4,73.76,46.41,25.92,34.99,25.73,61.8,28.04,30.45,47.28,28.26,71.55,37.0,57.33,79.9,40.11,31.94,51.98,29.66,43.48,65.25,65.03,52.73,44.18,79.25,31.53,23.33,39.08,57.46,41.55,39.69,20.49,50.93,75.84,46.42,77.62,47.44,42.31,72.47,37.35,74.47,45.02,72.67
1784538546.4831858,76.26,30.71,31.78,56.09,24.44,31.35,40.86,25.83,38.77,20.28,53.81,32.79,52.62,45.84,22.7,68.24,47.38,44.52,46.77,21.86,56.29,25.56,41.06,23.17,26.45,41.7,40.08,40.02,61.68,74.38,69.12,64.63,67.37,48.18,23.69,44.72,36.64,74.77,47.25,32.39,38.21,42.17,51.77,62.08,30.43,31.92,27.6,42.31,43.65,73.48,47.67,68.1,26.99,73.56,42.17,78.35,36.23,69.22,22.18,52.37,61.41,23.02,67.26,38.43
1784538546.493448,55.54,67.49,49.92,47.06,72.34,38.84,34.92,59.99,25.82,69.69,64.24,30.89,27.77,56.71,38.62,68.12,26.66,48.95,40.99,30.66,30.38,44.17,58.54,38.83,52.82,63.53,62.68,75.43,35.51,35.73,74.23,68.12,23.98,23.01,37.48,76.59,41.23,74.96,59.79,61.55,57.91,49.32,43.57,67.42,79.7,38.74,35.39,79.91,21.18,67.0,65.74,58.67,48.1,41.77,70.03,78.2,50.16,69.38,48.73,69.54,55.91,26.12,31.61,39.66
1784538546.503756,45.14,34.97,46.06,77.68,30.55,26.53,33.27,57.39,77.4,30.92,79.43,50.18,49.0,20.18,40.91,38.08,41.72,28.6,20.32,50.96,74.94,54.95,69.05,64.9,25.68,22.42,40.82,28.16,69.23,75.85,44.63,56.05,36.59,71.88,52.16,46.23,20.52,31.15,24.49,20.65,37.18,41.87,34.25,54.96,20.16,77.02,35.31,61.67,55.25,75.24,75.01,52.94,32.59,53.16,69.66,67.31,40.13,62.46,56.98,53.75,55.11,47.7,38.17,78.2
1784538546.514007,29.75,28.21,64.47,58.2,60.24,40.12,53.61,62.78,57.69,30.98,72.39,52.54,27.94,60.42,37.67,53.01,21.22,58.27,60.62,65.37,41.68,40.1,53.58,79.65,54.28,45.85,34.37,52.39,56.9,66.65,28.07,34.84,64.69,67.03,24.0,35.72,45.82,39.06,20.84,40.93,60.0,55.3,33.49,63.0,48.57,26.15,69.38,47.03,23.84,65.95,47.15,56.18,47.29,32.55,76.64,67.24,56.23,64.84,55.7,67.88,28.62,72.15,65.51,45.93
1784538546.5242822,28.66,37.9,34.5,65.05,64.11,67.89,69.0,39.33,58.51,42.43,48.33,77.94,66.13,39.1,29.63,42.34,78.27,53.19,72.5,71.77,58.69,59.99,36.05,71.96,40.29,20.53,22.76,22.26,32.99,71.94,34.45,63.55,35.47,58.16,71.54,72.32,31.14,24.1,29.02,58.79,71.33,61.08,74.26,64.24,33.5,23.2,42.05,70.9,50.53,55.07,27.77,73.18,47.22,58.03,62.59,58.54,47.75,56.33,29.85,23.87,22.78,68.1,32.08,39.72
1784538546.5345464,32.5,34.58,63.76,74.56,23.09,74.11,63.84,50.64,21.96,39.78,48.4,67.6,77.98,46.91,75.74,50.26,49.7,22.14,29.03,46.56,77.31,44.87,32.22,58.02,50.69,64.81,79.61,54.15,65.04,47.3,68.2,44.74,31.85,27.47,65.52,24.7,28.63,32.92,64.77,63.38,62.64,38.67,31.71,25.19,61.88,40.23,23.78,38.99,39.04,65.8,23.29,54.02,76.25,32.06,49.77,35.25,47.35,49.36,77.4,67.86,49.22,25.12,37.39,38.85
1784538546.5447898,51.59,73.59,27.44,61.04,24.42,49.77,67.86,29.9,31.56,29.18,40.63,32.73,64.37,50.58,23.74,35.39,26.74,50.1,29.69,28.84,22.44,27.76,29.22,21.88,57.78,61.41,63.34,46.65,42.35,31.46,36.28,31.81,32.22,35.14,66.94,26.44,70.4,37.19,43.72,73.68,34.87,70.59,50.33,42.46,58.47,58.23,79.94,35.76,21.0,22.31,68.76,51.15,21.28,60.61,47.62,25.52,68.23,65.39,75.1,35.22,57.39,46.53,20.12,72.66
1784538546.55505,57.67,78.34,21.2,63.07,34.54,65.49,35.21,38.79,54.81,27.7,40.95,64.7,61.62,54.74,72.9,23.88,74.24,55.12,59.02,68.16,29.16,41.61,50.8,33.35,31.6,41.94,45.42,72.22,20.93,61.8,44.21,70.85,43.78,72.13,75.66,30.08,50.95,51.82,73.91,69.06,31.91,55.38,50.88,30.31,60.34,31.5,69.47,36.49,68.48,21.25,68.81,67.69,56.29,57.93,51.63,48.07,29.97,78.78,49.35,21.61,79.43,66.1,21.24,62.92
1784538546.5653408,55.18,45.84,47.07,45.46,52.3,79.92,73.91,53.06,38.88,68.54,65.28,78.64,57.12,77.3,29.59,61.93,61.26,22.26,33.54,78.3,46.48,26.72,58.75,75.52,48.25,26.67,22.07,68.89,21.73,22.75,39.88,40.73,72.51,53.22,57.81,22.63,61.99,73.6,55.97,22.49,40.4,70.17,42.89,37.71,28.31,41.85,30.02,44.03,38.63,75.57,35.18,61.21,68.49,69.12,47.03,57.26,25.23,54.48,72.52,29.34,60.01,46.38,76.95,62.38
1784538546.5755932,61.62,20.63,45.1,57.07,57.32,64.15,21.1,64.23,76.87,40.62,75.2,63.16,28.38,30.92,57.59,71.74,73.65,50.24,47.3,33.53,58.22,67.8,54.86,59.33,35.05,39.95,76.0,76.02,41.76,60.88,59.12,64.33,39.71,63.38,44.15,29.09,77.9,51.84,73.66,39.91,43.04,39.74,53.19,69.88,51.44,70.94,75.72,26.93,27.29,68.82,74.15,79.54,62.78,38.53,63.89,44.59,71.63,72.31,20.77,54.76,63.57,45.56,52.39,50.55
1784538546.5858517,60.73,52.37,68.62,34.64,53.73,29.37,29.57,39.64,77.63,62.24,73.56,27.02,38.1,41.09,59.56,46.87,23.48,77.02,38.8,34.85,60.29,49.39,31.66,59.82,48.36,69.18,52.5,50.63,27.42,50.98,35.5,38.42,32.48,63.63,59.76,30.06,44.75,69.01,37.41,24.13,53.59,45.68,42.77,20.26,35.63,67.84,77.39,29.33,59.13,38.01,47.29,33.27,72.87,55.6,44.31,63.71,28.45,37.96,51.69,28.82,57.92,38.71,58.32,36.82
1784538546.5961113,58.35,69.07,25.93,53.72,68.57,20.2,71.24,30.4,20.5,51.1,27.42,23.47,23.83,78.96,64.14,36.5,45.52,55.56,32.14,67.22,51.18,76.0,36.67,79.21,32.23,46.67,21.5,64.67,51.46,41.26,42.63,39.04,58.23,76.84,53.21,38.45,43.81,52.32,25.56,65.89,46.84,24.04,67.21,57.61,45.83,62.36,22.01,64.53,66.9,49.97,24.95,72.44,78.66,74.62,35.6,56.02,50.36,60.86,60.02,63.04,73.79,78.79,33.09,69.65
1784538546.606449,48.12,55.26,62.84,79.08,55.92,37.98,53.26,32.6,61.17,37.25,70.88,43.94,37.49,69.53,69.4,23.41,44.09,53.39,37.82,69.7,61.83,38.01,48.32,62.91,48.31,28.1,75.27,58.24,54.59,42.73,58.33,41.79,69.92,72.28,43.58,21.3,35.54,74.95,54.53,51.36,42.64,70.44,39.22,53.28,45.19,33.98,71.53,74.61,75.09,31.52,24.49,35.14,71.85,52.05,50.06,46.18,49.9,70.56,54.64,45.22,27.68,56.66,54.03,33.77
1784538546.616804,76.43,73.23,31.02,43.93,71.17,77.57,55.95,46.16,32.04,40.17,57.72,22.95,68.53,56.54,39.41,22.72,20.3,60.27,60.86,74.94,50.87,55.11,52.41,71.3,74.43,62.77,68.87,43.92,70.36,78.24,30.12,48.03,56.8,67.28,58.72,63.08,40.13,54.23,77.9,62.97,70.14,32.96,25.91,76.8,48.68,21.27,62.49,70.96,61.4,28.18,39.22,39.72,63.94,24.89,34.67,23.45,61.79,29.68,57.83,35.78,32.16,78.04,43.51,28.85
1784538546.6271996,67.41,72.08,46.63,36.03,20.78,68.6,44.91,31.87,30.38,62.26,40.5,54.32,79.52,32.16,27.83,29.22,75.17,30.08,65.79,76.82,65.75,50.0,49.04,31.33,61.69,22.51,39.67,32.2,46.85,60.28,75.77,31.19,51.18,43.34,57.74,51.58,71.77,51.24,22.26,41.98,65.05,33.76,61.59,66.46,73.87,27.14,34.58,43.23,52.65,48.39,54.94,50.08,33.15,34.31,52.98,79.88,39.07,38.15,57.24,47.21,64.69,20.28,33.52,64.52
1784538546.637465,70.19,77.64,50.47,61.52,57.55,49.13,45.7,59.07,68.36,52.51,67.83,52.09,53.1,37.73,52.4,36.49,42.22,53.25,53.18,48.59,67.29,35.53,73.27,33.38,64.7,32.76,57.11,24.95,24.54,57.81,75.91,53.39,66.61,42.9,76.08,36.79,77.57,44.22,42.86,56.36,50.79,39.4,40.1,77.31,60.75,28.59,58.33,21.27,37.22,47.85,21.83,63.7,54.8,59.17,71.83,37.65,23.91,68.33,30.22,62.46,74.4,61.79,37.25,66.14
1784538546.647781,24.65,47.3,75.35,40.11,54.32,62.49,53.78,66.94,58.96,22.84,58.28,47.59,31.64,43.7,79.97,55.81,29.74,39.31,27.42,67.76,48.35,51.6,28.27,31.42,56.57,24.95,51.03,72.62,59.09,72.05,44.69,50.18,48.52,63.72,32.14,66.16,51.07,75.69,65.26,47.81,25.58,27.92,42.02,66.79,31.91,58.29,33.04,70.52,54.87,67.92,35.28,33.96,54.14,36.39,41.25,59.77,23.02,69.62,44.92,45.65,32.63,43.78,27.05,53.04
1784538546.6580143,79.61,72.15,30.49,79.37,47.11,71.19,79.27,25.82,27.05,39.21,78.57,34.41,20.44,67.9,68.92,79.67,22.97,44.23,24.57,50.8,48.15,58.79,70.09,56.33,33.04,69.49,50.28,21.85,78.45,40.01,22.85,27.91,78.38,27.14,34.62,22.0,66.92,75.81,79.17,40.9,73.09,58.56,62.7,76.15,78.31,77.76,37.67,60.58,27.44,73.05,68.9,57.33,72.64,55.07,73.85,60.27,26.08,69.01,38.78,54.36,31.48,50.46,55.05,77.84
1784538546.6682901,41.46,53.67,22.2,49.4,51.01,78.06,25.31,22.05,58.71,21.72,54.04,68.92,20.8,30.1,45.11,20.3,39.06,58.38,38.56,75.98,64.78,33.46,62.32,79.32,30.79,22.03,58.71,26.76,30.25,22.31,33.56,53.44,32.51,73.39,48.19,51.96,64.51,21.09,58.77,62.42,37.7,29.98,74.66,75.76,36.43,42.91,72.38,42.47,40.86,23.08,21.58,36.2,26.1,34.02,69.49,67.4,51.66,70.5,47.32,64.02,52.79,40.41,49.31,24.24
1784538546.6785567,20.76,69.71,21.46,21.94,44.19,43.81,25.33,54.87,24.31,60.68,58.31,77.03,39.86,47.15,70.06,27.47,41.98,25.86,72.59,65.99,56.93,45.79,59.65,28.06,62.17,68.02,52.1,28.25,38.79,45.88,67.18,66.36,42.35,41.74,42.66,26.99,23.26,27.54,22.85,65.01,70.28,58.32,54.27,22.33,60.23,54.13,28.9,79.4,46.96,53.12,62.92,79.19,57.67,39.63,78.04,46.65,26.88,72.79,41.01,25.36,77.42,41.69,60.75,64.17
1784538546.6888683,33.95,79.99,41.19,62.55,38.75,45.71,76.84,37.3,56.0,63.81,49.09,60.25,51.24,64.03,51.45,40.36,32.78,75.89,78.87,49.81,49.77,39.83,69.45,52.89,41.69,75.92,78.46,25.99,37.43,21.11,55.93,28.66,62.68,74.59,66.88,41.64,79.03,77.46,58.34,22.49,36.94,27.18,70.9,64.69,67.59,35.88,33.23,79.35,54.03,21.72,26.67,28.74,54.59,76.78,47.04,47.34,31.65,39.21,31.8,69.32,64.08,36.53,48.97,36.85
1784538546.699167,22.07,76.72,75.05,75.36,41.48,70.36,40.43,40.85,33.72,51.3,28.62,42.51,71.39,54.92,45.71,52.28,35.68,48.63,67.25,38.5,54.36,27.08,28.02,63.7,68.74,28.94,48.28,71.8,32.64,26.97,23.34,72.57,46.7,28.64,80.0,49.52,43.44,29.24,25.8,52.11,50.33,46.06,47.23,51.97,57.54,70.43,38.31,33.87,21.44,34.23,41.95,27.68,36.08,65.51,46.88,68.78,33.0,49.48,31.56,33.57,35.99,50.16,49.96,50.69
1784538546.709414,69.29,22.86,28.96,59.88,62.93,59.61,43.25,32.11,27.12,58.55,71.05,41.92,55.56,47.18,45.96,28.23,40.24,61.8,79.6,67.4,34.85,20.4,77.76,61.55,32.23,65.42,60.05,75.11,60.12,36.49,55.23,71.12,50.38,22.12,31.07,49.33,63.98,37.85,27.31,49.99,69.57,39.68,35.55,48.91,25.24,65.37,62.78,27.5,45.68,40.31,35.22,76.05,71.3,21.48,41.76,35.58,33.81,46.92,54.69,48.63,38.29,24.72,59.9,25.46
1784538546.7196717,31.87,73.87,77.06,67.31,51.05,23.6,52.87,59.57,38.73,75.26,27.35,24.66,23.86,38.28,64.13,66.28,75.55,26.99,63.1,22.69,30.73,71.43,58.86,30.53,55.03,39.65,46.62,32.97,71.81,37.92,42.3,52.19,76.46,32.38,21.68,63.96,66.17,52.45,64.02,24.25,52.6,38.63,37.62,49.46,75.22,25.33,64.36,40.22,40.61,75.14,31.59,77.63,37.51,22.52,26.41,45.7,66.73,70.09,62.31,65.06,26.86,25.46,33.46,32.84
1784538546.729956,23.43,63.91,28.06,62.01,56.33,25.91,52.4,78.34,23.6,32.57,57.03,26.82,67.71,72.35,74.43,49.31,52.91,67.12,68.63,26.66,28.52,74.03,61.47,49.45,70.9,51.99,54.57,33.74,50.67,79.81,38.05,31.05,48.39,52.86,69.75,35.37,60.85,54.36,73.84,60.3,73.15,39.23,62.18,51.05,65.74,60.41,75.2,70.77,55.31,77.05,63.09,31.27,35.85,24.12,43.71,65.7,36.71,41.66,24.2,56.26,44.43,33.81,49.62,24.75
1784538546.7402754,28.91,64.24,63.83,51.38,54.22,64.63,64.48,27.61,65.65,52.44,47.24,27.89,36.09,53.07,48.06,76.73,21.83,70.89,35.56,59.16,40.27,65.98,64.43,33.93,59.29,38.29,46.18,34.79,71.56,40.51,27.28,40.75,48.81,23.85,38.78,79.78,66.28,40.89,49.89,66.86,24.07,59.33,69.21,26.72,54.69,61.82,72.04,74.62,76.15,47.72,64.63,51.75,35.82,70.49,78.37,46.53,72.67,74.81,27.39,51.66,47.74,42.45,58.2,67.91
1784538546.7505522,22.97,46.24,55.08,39.29,55.43,38.87,77.63,44.42,21.08,39.08,49.28,77.23,25.01,26.14,66.32,32.63,77.63,63.12,77.45,67.16,77.44,45.81,32.08,72.1,32.55,74.84,71.21,47.1,44.43,76.51,78.34,28.61,23.56,58.89,31.95,29.4,24.18,62.04,76.09,36.67,25.24,61.83,40.11,20.25,60.59,79.19,73.1,75.51,20.62,61.56,77.4,36.06,68.39,63.31,43.21,61.14,75.32,38.56,44.09,26.75,53.67,72.05,59.58,32.79
1784538546.760839,44.91,61.83,62.61,63.58,68.53,71.03,56.91,32.62,61.28,74.9,38.11,39.17,46.64,70.21,57.8,55.04,38.12,76.32,69.75,49.58,21.27,76.05,38.75,52.59,59.61,76.23,69.75,75.08,43.1,43.47,68.26,73.14,64.94,35.68,24.23,58.86,51.74,71.49,38.97,23.32,23.57,74.6,40.15,30.73,30.43,71.7,72.91,42.51,31.79,72.41,56.97,37.65,70.88,51.9,65.16,34.99,40.85,21.18,68.49,43.84,54.69,47.53,47.31,50.76
1784538546.7711024,36.25,63.41,76.93,43.76,37.65,37.06,39.16,20.29,23.44,62.96,60.2,59.02,53.42,40.04,70.01,22.81,22.95,79.55,25.22,23.49,61.1,50.62,50.42,62.16,31.64,20.9,55.91,69.63,74.75,60.13,67.33,21.99,37.27,38.91,20.83,68.06,36.42,50.39,78.04,52.22,59.52,68.68,45.8,59.23,36.37,65.62,66.77,75.48,62.0,38.71,25.71,60.25,43.05,54.0,47.01,22.61,21.58,26.07,36.68,27.56,34.85,68.19,44.87,20.12
1784538546.7813613,75.98,70.83,49.8,73.49,66.4,54.36,46.6,29.86,55.69,25.0,60.11,46.21,56.28,74.74,38.78,42.92,42.5,68.85,23.2,48.77,29.64,27.1,63.42,47.55,74.8,25.75,39.89,66.96,47.93,62.28,20.86,27.74,78.86,44.95,76.52,71.31,41.2,66.37,35.92,49.24,58.87,51.51,47.66,67.28,34.9,32.75,74.05,45.8,64.63,79.58,26.86,41.11,52.22,40.5,28.62,26.89,28.53,23.68,21.84,29.42,35.1,32.29,57.38,50.09
1784538546.7916136,27.47,27.46,34.59,58.48,22.18,21.66,27.8,75.43,39.51,79.64,73.84,27.54,76.82,46.78,62.36,40.47,39.7,49.81,21.68,42.16,58.28,46.88,37.49,72.97,67.24,51.06,55.71,78.16,41.06,33.83,32.34,73.4,28.29,74.74,65.29,53.33,62.55,78.59,23.01,69.75,34.61,26.3,65.69,78.07,31.31,61.01,24.56,29.81,44.77,57.22,44.84,38.35,53.59,47.32,40.83,31.97,78.37,43.19,25.07,24.56,38.53,32.71,74.31,22.37
1784538546.8018527,56.72,21.4,43.49,64.77,42.09,39.56,79.65,34.9,29.77,31.14,57.3,57.72,60.6,26.78,42.11,50.15,29.41,35.83,27.05,26.92,41.31,56.32,53.35,29.14,55.09,69.58,72.02,21.08,36.8,78.03,44.3,74.35,77.19,42.79,74.55,48.6,42.23,60.81,58.73,33.79,61.91,45.64,33.55,46.8,43.12,76.38,71.48,76.43,33.93,77.04,71.99,24.01,31.82,28.52,72.05,23.79,22.29,39.45,27.2,55.52,21.5,27.9,38.41,59.05
1784538546.8121595,36.72,28.08,56.05,67.4,56.42,48.63,55.72,55.96,68.54,65.64,59.1,40.58,67.83,24.9,30.83,28.08,70.58,25.24,25.8,25.29,51.37,66.07,48.07,31.56,77.12,70.03,49.03,21.49,48.13,43.23,42.94,35.7,67.98,54.52,31.02,61.07,57.53,41.57,41.19,77.31,76.79,60.56,55.24,61.34,78.51,70.51,52.25,37.98,71.3,62.51,39.96,44.64,77.63,38.77,20.63,25.15,33.76,77.5,21.68,25.88,55.47,76.5,28.01,43.16
1784538546.8224213,21.56,30.09,23.9,39.52,50.56,75.38,46.17,33.1,32.19,33.09,66.44,51.78,34.79,60.67,76.9,79.12,52.03,61.36,21.97,69.74,43.42,61.76,66.82,60.65,26.45,44.67,33.68,45.2,35.08,45.07,70.39,52.36,51.18,65.73,78.01,68.15,46.16,20.57,38.62,37.0,39.18,69.8,51.69,75.45,64.79,69.26,70.44,32.18,47.99,39.04,34.94,59.69,66.12,72.66,26.11,22.88,22.45,73.92,28.5,55.84,40.74,36.17,24.34,37.01
1784538546.8327436,34.05,52.11,38.55,73.52,54.69,24.47,59.0,36.0,51.45,72.19,22.56,70.2,40.65,28.67,77.99,53.19,44.52,57.3,40.46,79.1,42.36,64.52,35.97,75.08,77.66,53.17,28.73,75.52,36.53,76.42,29.59,40.59,62.9,61.52,46.22,41.71,56.34,45.3,70.78,65.85,42.0,30.48,45.34,63.57,45.86,41.17,48.8,29.99,26.76,68.2,56.85,59.71,35.7,55.02,33.67,73.99,21.47,66.21,65.35,70.06,54.61,27.61,62.72,60.99
1784538546.8429635,27.31,64.91,65.01,23.56,29.15,79.92,32.17,73.22,42.72,30.47,72.87,45.51,33.25,76.36,66.51,71.84,55.13,68.62,34.95,65.6,49.33,65.6,49.62,43.58,60.57,47.04,58.56,45.26,45.46,39.4,62.09,45.59,71.88,41.41,53.36,43.05,21.87,63.7,60.05,35.54,60.75,49.57,52.25,26.42,29.91,39.88,30.95,78.44,51.51,29.87,34.74,68.16,28.49,65.74,48.21,73.31,54.63,38.33,64.91,27.88,49.57,21.29,58.53,41.15
1784538546.8532314,46.38,63.43,24.63,78.87,67.14,53.01,25.11,48.2,67.78,51.87,40.66,65.49,60.6,74.74,20.56,78.37,35.64,28.84,65.96,62.82,21.0,29.68,74.6,37.8,66.45,25.53,53.52,64.87,58.45,21.07,25.96,36.95,71.66,25.0,64.04,46.9,22.22,58.75,22.09,77.47,71.81,43.54,27.11,48.22,63.33,22.06,50.71,32.26,32.54,31.57,64.4,20.98,35.61,79.77,31.44,73.69,36.43,46.87,29.67,35.97,32.05,60.5,74.14,65.23
1784538546.8634934,54.74,31.32,63.38,75.4,47.96,37.89,45.1,37.4,74.97,33.41,36.59,71.08,45.16,40.95,37.74,65.93,76.84,51.88,25.96,68.84,44.27,33.55,53.45,25.88,49.83,44.09,69.81,29.13,52.89,70.92,42.76,55.72,35.6,61.84,24.12,42.58,76.72,71.97,30.62,37.27,68.02,20.18,52.94,37.15,31.12,31.29,59.57,66.27,34.53,21.91,79.58,26.4,26.19,65.8,21.23,24.56,70.76,49.16,34.05,38.57,21.69,27.72,52.76,58.71
1784538546.8737705,62.99,28.14,70.64,72.85,75.25,60.87,77.25,23.9,39.58,31.65,31.66,29.84,20.02,36.9,62.68,43.27,70.34,24.01,71.72,55.57,64.12,47.94,36.84,74.26,21.73,38.69,61.9,55.87,50.04,47.53,25.32,52.64,24.06,35.15,55.41,77.49,47.72,54.74,24.76,70.17,34.36,78.56,67.48,60.6,44.07,53.51,56.99,55.19,74.88,20.0,54.06,52.93,26.13,46.72,40.05,59.53,76.77,64.91,78.45,51.06,39.39,68.87,73.12,32.98
1784538546.8840263,54.4,30.93,33.04,58.63,28.21,39.18,44.3,69.79,76.14,71.95,57.46,24.73,55.91,68.54,72.28,22.46,44.42,22.84,68.51,31.95,28.71,63.09,44.37,26.56,31.21,48.22,49.69,26.36,53.32,22.82,71.93,59.93,27.1,31.1,23.63,37.18,40.22,34.29,58.55,50.38,61.29,61.56,54.69,53.9,55.85,64.24,24.36,33.26,39.22,20.67,68.3,77.97,55.03,77.02,69.92,35.65,78.21,54.95,44.74,33.31,70.45,61.13,22.2,79.84
1784538546.8943148,21.65,72.41,20.66,23.88,54.64,59.42,79.98,63.3,47.5,76.89,78.29,59.3,28.81,43.52,57.2,38.82,32.88,21.73,50.2,50.78,32.25,74.27,28.42,76.26,48.27,56.79,64.87,57.89,54.56,47.35,51.22,31.19,26.57,73.97,20.26,64.37,71.63,68.66,55.27,34.1,27.31,61.25,76.51,45.81,71.8,40.93,50.0,72.4,53.92,51.14,77.96,74.58,72.01,24.6,34.95,75.26,44.34,74.23,62.03,76.56,25.79,44.42,35.17,72.97
1784538546.9045832,20.84,78.82,55.99,66.69,67.62,37.39,46.37,26.94,58.06,22.72,56.16,23.72,74.97,54.19,74.98,79.91,63.66,24.31,79.86,74.24,67.45,50.29,20.12,53.53,62.24,22.25,72.6,31.26,44.6,64.47,68.38,29.64,63.75,43.13,69.52,42.58,46.24,70.51,60.79,68.74,33.02,31.78,66.49,53.54,20.36,56.88,29.05,34.86,41.31,60.76,60.6,52.12,41.56,21.1,47.28,72.13,59.73,42.32,56.44,22.75,29.88,45.09,27.16,61.49
1784538546.9148467,73.16,36.24,37.64,56.1,63.29,70.08,20.63,68.61,43.28,35.78,44.29,59.35,49.01,26.71,35.07,25.41,36.18,36.49,78.06,30.94,22.55,77.99,57.12,33.79,28.37,75.49,78.38,74.29,59.68,57.2,31.67,67.94,45.84,63.88,39.55,28.37,29.25,52.05,74.7,28.25,52.52,26.33,67.19,35.43,55.76,49.25,72.68,63.36,74.36,55.46,52.86,46.18,73.06,38.17,36.8,79.57,77.87,48.0,78.26,22.61,23.09,43.74,40.49,37.2
1784538546.9250977,33.27,70.31,40.91,37.4,73.78,24.95,35.41,33.67,46.59,61.6,28.57,48.2,30.52,30.48,74.63,33.94,38.17,43.41,38.65,74.89,37.53,56.52,41.57,67.21,41.73,48.6,31.74,79.42,39.01,64.92,45.2,64.3,64.47,48.5,61.14,34.11,51.74,51.43,76.15,31.49,76.07,45.36,69.9,33.61,65.17,63.32,62.76,69.44,22.2,49.22,31.38,43.98,45.94,58.24,71.51,78.5,71.41,44.19,28.92,53.62,35.17,68.95,29.75,47.6
1784538546.9354084,22.02,72.94,23.18,49.42,43.57,68.83,68.07,46.22,53.0,35.57,44.78,56.01,47.04,63.24,34.78,51.5,22.63,53.95,36.5,59.34,74.13,46.66,35.97,54.27,28.27,27.38,62.43,33.53,29.02,46.64,78.23,25.25,48.3,67.94,53.39,49.21,62.34,78.56,47.9,79.67,78.23,58.59,75.36,38.87,60.32,59.52,71.64,30.32,38.52,35.54,22.3,76.96,76.37,34.38,65.99,36.29,26.59,26.32,68.56,55.34,20.03,77.61,68.61,54.37
1784538546.9456916,71.71,74.32,30.69,69.62,64.6,21.4,23.51,37.82,67.18,43.2,69.73,62.89,61.07,71.39,44.48,53.76,78.82,64.16,38.21,79.49,78.21,32.89,47.8,73.9,54.05,65.22,58.75,62.23,37.68,63.89,43.37,61.5,43.01,76.53,28.41,69.99,37.4,31.26,64.0,55.22,55.92,66.21,52.58,61.55,70.99,52.99,76.49,56.94,53.19,71.38,40.88,51.15,74.83,41.16,28.28,37.21,23.84,73.82,79.88,43.04,35.65,69.37,50.11,53.96
1784538546.9559724,29.92,31.53,31.88,79.28,26.75,60.47,71.74,59.96,43.95,59.98,51.2,48.66,74.71,51.62,55.78,76.55,51.87,79.91,51.55,76.75,43.43,22.54,68.33,36.96,59.39,60.69,55.39,24.42,33.92,73.8,30.47,32.03,42.64,70.69,63.84,76.61,26.12,62.18,22.56,26.33,61.02,32.28,26.87,68.03,79.57,59.07,74.01,26.96,51.32,66.25,59.37,70.23,52.02,39.73,38.55,38.39,78.33,64.01,54.79,24.0,74.71,35.94,47.8,47.84
1784538546.966313,45.08,57.95,63.08,31.62,55.33,43.34,64.14,38.17,29.23,23.82,36.32,30.45,24.96,26.28,74.7,60.93,45.94,52.79,77.8,45.19,74.63,53.81,62.99,29.32,54.23,57.93,45.05,25.21,73.18,32.97,21.57,23.9,63.46,29.88,37.01,28.85,75.21,68.82,61.36,77.66,67.43,57.27,25.76,40.34,51.31,59.35,40.22,35.65,35.99,36.28,36.1,73.14,28.62,38.28,29.52,48.09,76.62,74.23,61.43,47.66,40.4,57.87,70.41,50.41
1784538546.976581,53.5,29.28,40.97,74.76,20.21,68.53,42.56,20.53,65.45,57.41,34.55,66.78,37.38,62.45,32.36,75.38,37.39,39.32,63.35,35.74,59.0,50.65,71.9,48.57,45.7,56.8,56.56,38.15,36.73,46.28,33.17,55.49,31.58,44.02,71.14,39.26,57.79,21.0,50.38,45.86,69.52,42.07,45.3,33.5,29.69,43.53,35.73,72.02,38.94,56.64,42.36,75.61,49.98,49.97,73.13,63.57,47.26,75.56,71.1,34.23,30.54,52.09,71.44,67.44
1784538546.9868546,47.36,56.99,27.98,77.85,62.65,25.81,47.13,59.41,74.97,76.02,50.74,22.22,37.11,27.92,25.63,59.39,48.55,52.45,70.19,20.25,75.82,79.57,67.07,33.9,48.77,40.03,77.7,77.25,69.9,31.91,40.75,79.91,32.63,70.65,32.29,24.67,65.26,79.17,76.41,28.53,38.72,33.29,41.56,25.14,32.11,55.49,59.6,55.01,26.88,44.87,20.65,72.67,76.99,25.68,77.17,68.09,76.2,30.64,40.27,30.2,69.45,35.95,70.44,32.55
1784538546.9970913,68.75,72.32,28.63,56.23,50.98,31.99,71.83,33.35,33.43,29.14,25.97,37.5,63.34,29.98,45.3,79.07,33.92,72.86,39.23,39.45,74.49,56.39,41.98,63.85,56.33,29.74,72.97,57.59,60.14,24.37,20.72,77.54,34.27,31.29,54.97,72.78,51.17,27.14,34.35,76.95,66.59,22.44,73.57,32.28,34.8,74.79,61.08,79.41,42.94,36.57,32.2,41.34,39.18,42.81,50.86,68.35,77.23,46.13,36.85,50.97,38.11,23.53,49.62,69.88
1784538547.0073776,22.97,32.95,37.67,63.05,39.04,65.04,69.05,21.56,63.47,79.23,39.43,21.49,46.31,71.26,64.43,51.21,76.47,71.24,26.24,37.69,43.58,37.74,65.02,68.56,57.0,62.33,40.42,30.82,72.33,62.74,46.11,65.75,44.75,24.38,62.55,77.14,59.82,25.47,75.0,37.88,58.36,55.16,62.22,44.34,50.98,66.27,58.83,66.12,61.75,66.75,65.51,60.97,59.87,39.84,43.68,72.33,77.19,60.94,33.73,54.43,65.46,54.41,35.09,41.88
1784538547.017653,29.55,43.64,54.94,25.54,68.72,43.91,55.24,58.98,20.43,42.07,48.2,29.56,64.86,26.5,65.83,60.73,30.91,46.48,48.92,73.73,77.17,69.58,74.51,46.95,24.8,47.32,35.12,67.88,73.1,70.55,27.45,48.34,41.13,51.9,78.01,62.51,46.14,34.31,21.44,62.14,58.79,46.02,67.14,36.58,24.7,39.31,41.82,69.71,63.38,22.79,32.47,69.97,49.73,75.48,40.86,21.36,58.48,61.77,29.1,56.31,25.16,36.66,57.19,52.19
1784538547.0278943,76.65,28.9,25.32,31.6,30.42,78.52,34.68,41.22,62.12,65.77,25.33,35.32,62.44,45.49,44.7,63.99,39.98,47.88,30.79,46.55,65.2,72.99,30.72,46.23,63.0,56.78,68.94,79.39,53.79,79.81,59.74,32.18,42.12,50.39,73.52,74.97,77.47,54.66,56.34,73.62,57.9,30.36,42.14,38.35,22.4,23.92,78.35,26.1,28.45,70.35,31.93,76.26,70.48,28.44,31.06,30.76,41.34,51.09,61.84,35.96,26.83,21.12,44.76,66.69
1784538547.0382388,65.13,48.31,78.88,52.89,65.4,52.09,68.55,30.08,54.96,39.85,42.79,49.74,49.99,39.71,35.41,67.98,46.41,60.76,40.23,27.25,21.12,28.04,30.36,21.96,67.27,64.84,23.61,28.37,63.2,47.61,21.92,28.88,32.71,79.22,56.91,53.68,65.49,34.18,67.44,23.98,74.67,37.8,71.2,33.68,76.68,21.53,52.78,53.57,47.15,60.71,47.43,21.67,56.93,64.21,25.28,71.75,70.98,52.86,55.11,42.37,69.85,35.83,28.14,77.73
1784538547.048646,22.51,57.13,49.62,32.68,54.19,35.96,39.63,52.78,67.11,65.03,41.83,50.63,56.25,20.79,27.86,47.15,74.37,71.01,54.82,41.64,62.17,75.13,56.84,46.54,33.21,64.34,69.64,49.46,22.61,76.86,44.49,70.98,20.71,63.58,41.4,67.87,49.98,78.55,39.26,63.2,79.74,24.28,54.47,23.67,51.05,65.25,74.67,36.0,46.45,28.14,61.75,29.97,37.4,46.4,62.63,67.76,34.69,24.78,46.7,74.45,29.73,54.76,59.1,39.7
1784538547.0590122,23.41,32.83,44.12,28.41,33.53,20.21,64.52,78.97,34.98,31.32,33.29,47.68,50.94,65.69,32.23,76.71,48.64,64.57,40.13,55.91,32.14,70.38,56.92,20.4,36.81,66.75,68.01,76.08,55.11,34.96,46.68,66.36,36.52,25.39,35.27,22.15,64.89,40.41,78.78,69.46,25.57,46.45,75.84,21.06,46.12,74.04,54.52,79.26,56.12,38.68,68.15,74.11,40.4,33.24,77.51,62.35,26.04,66.54,29.78,22.82,26.27,34.55,51.21,41.83
1784538547.0693748,62.47,68.33,54.29,48.08,37.45,63.76,74.78,26.97,28.91,44.21,67.74,63.04,56.83,44.83,68.67,26.89,70.08,37.83,26.09,20.12,33.03,41.31,63.68,55.16,30.15,26.34,65.95,29.26,24.41,78.94,76.05,69.0,77.1,28.17,78.41,77.04,47.21,44.64,31.14,63.27,44.35,75.57,62.63,58.53,24.7,71.54,32.74,74.4,35.71,79.37,22.09,44.23,74.02,20.39,33.51,66.36,50.34,43.48,55.83,74.37,31.46,60.72,38.19,58.17
1784538547.0796435,74.45,39.89,35.55,52.28,58.98,60.19,71.74,68.27,58.34,75.35,58.52,60.02,48.9,77.09,43.65,55.05,32.79,59.96,56.2,56.82,42.89,76.13,53.4,29.52,23.8,51.14,29.18,62.79,53.62,32.08,59.52,71.92,66.36,68.7,71.93,51.63,49.49,40.65,25.73,39.55,51.5,57.36,41.24,59.66,45.07,57.43,20.56,30.54,32.82,26.69,60.69,72.5,33.46,54.19,32.62,35.55,52.52,55.63,76.4,50.36,56.89,60.36,43.85,76.03
1784538547.089884,60.34,29.62,21.78,62.86,79.29,58.42,51.11,36.27,61.13,66.64,56.77,48.43,69.27,68.35,51.27,54.61,28.51,78.56,35.74,57.52,61.34,26.36,32.95,77.55,65.45,35.42,67.3,67.21,70.4,59.07,40.19,59.47,39.69,28.5,57.89,30.43,62.85,30.05,62.41,45.85,52.0,41.61,37.05,20.03,20.27,58.45,58.97,38.72,45.01,75.29,66.2,29.6,70.35,58.91,72.25,22.29,75.75,59.19,41.22,43.42,77.32,62.59,69.86,65.28
1784538547.1001701,31.68,77.74,71.32,30.94,54.14,41.58,51.73,23.14,32.73,62.06,53.97,71.6,39.39,79.95,62.62,47.3,45.06,45.95,35.67,77.52,69.01,22.18,67.68,22.04,49.81,49.02,54.25,65.92,62.79,33.58,35.33,64.04,54.82,75.96,23.09,72.46,66.95,48.76,41.15,34.54,78.31,68.08,43.25,43.77,62.19,51.43,43.19,74.85,59.82,49.02,37.62,70.4,68.54,77.95,46.9,60.36,72.2,26.1,45.45,79.51,27.88,60.95,67.5,20.77
1784538547.1104436,65.63,33.49,36.1,29.58,46.17,39.4,56.69,66.87,73.83,44.89,67.59,71.96,61.48,40.87,42.11,34.36,49.16,33.29,20.05,64.27,56.26,75.54,52.12,49.9,27.89,28.44,31.02,68.54,38.65,38.5,33.84,50.92,58.3,56.23,60.18,48.45,43.34,20.1,51.83,75.99,78.12,26.93,79.43,38.03,22.93,76.3,78.56,21.9,47.02,48.62,51.15,41.84,77.49,26.82,20.57,29.03,54.13,63.29,58.55,47.67,35.31,77.83,28.96,62.62
1784538547.120723,60.65,30.5,35.32,29.39,41.74,68.99,65.21,21.47,29.45,43.18,77.99,27.27,28.87,41.41,72.52,24.16,22.75,32.19,47.18,56.73,79.24,59.49,40.0,79.27,65.09,22.73,29.13,38.55,32.91,64.26,47.04,67.28,62.96,20.59,63.3,23.76,33.19,58.96,75.75,62.94,31.71,68.48,38.62,48.56,33.12,38.52,77.82,61.26,47.45,73.06,67.89,50.06,30.79,63.93,30.96,56.39,20.44,60.19,26.12,76.39,74.97,79.58,53.4,20.51
1784538547.131078,76.21,47.44,32.08,61.76,25.08,73.14,50.43,56.96,45.32,37.95,21.99,53.94,50.17,68.22,52.6,26.79,61.5,23.09,45.79,67.21,52.18,61.6,79.33,58.09,26.95,56.04,43.99,24.43,76.98,42.0,49.2,55.59,48.31,26.93,34.96,65.58,75.22,74.36,41.51,38.04,70.19,56.08,71.66,45.6,74.02,72.74,45.2,27.52,38.84,45.95,26.72,61.14,51.7,58.52,40.47,75.63,69.01,30.34,43.84,25.26,26.75,44.52,43.97,44.66
1784538547.1413352,25.22,55.46,34.86,28.0,61.22,70.61,31.87,26.46,62.09,41.79,27.71,51.27,38.44,66.14,72.96,48.33,63.96,36.74,65.34,69.42,31.55,73.77,22.92,71.04,72.92,55.88,49.69,68.77,46.8,59.89,29.76,20.05,20.58,37.02,25.2,39.52,54.4,56.98,57.44,68.98,78.88,63.31,46.94,33.79,39.36,62.81,23.92,50.72,68.67,69.41,45.3,40.86,38.48,63.84,29.82,67.39,43.27,56.16,58.45,24.98,66.5,23.04,20.51,33.02
1784538547.151594,58.92,66.64,57.54,49.51,33.46,22.72,37.83,64.72,76.17,52.31,65.1,35.48,39.65,35.41,66.17,72.16,41.2,38.37,55.79,74.47,47.89,47.34,75.57,39.0,23.74,50.23,70.97,67.48,25.95,59.03,67.28,45.02,22.03,47.34,70.89,60.44,44.62,24.28,71.13,56.06,71.77,45.52,43.37,31.67,61.7,69.01,25.38,28.66,32.74,51.51,29.82,79.53,66.31,51.49,43.1,77.47,74.85,53.56,53.15,49.88,32.83,55.71,29.13,20.27
1784538547.1618562,51.61,70.71,31.47,34.71,55.23,41.12,46.07,40.14,20.51,61.62,79.29,72.93,28.78,20.17,53.09,42.79,68.4,60.21,34.18,22.59,52.48,37.01,46.76,60.99,28.82,63.87,52.09,77.14,48.81,25.49,38.13,31.23,46.38,38.95,51.87,67.22,55.31,55.41,61.97,55.41,21.84,45.71,25.54,46.42,57.67,79.47,49.86,37.37,53.51,67.28,41.11,63.47,37.55,30.9,51.2,24.26,21.44,23.89,60.65,70.21,63.08,51.08,71.65,66.94
1784538547.172181,45.95,48.74,47.8,67.1,47.71,62.56,33.57,36.44,54.12,43.26,64.95,71.7,73.68,37.17,70.1,34.5,55.95,33.04,38.91,61.44,72.42,49.82,49.7,27.07,76.34,54.07,38.98,72.13,52.38,59.58,53.96,79.86,26.61,40.22,56.54,47.1,31.5,73.97,39.49,57.66,53.44,34.35,44.51,36.95,36.84,55.28,55.64,76.4,43.54,40.27,43.02,36.19,63.61,72.19,70.92,52.06,38.43,62.85,60.13,71.27,59.34,36.0,33.48,67.54
1784538547.182461,39.13,67.09,57.3,68.31,69.21,45.43,46.47,59.57,71.07,37.62,38.28,32.1,57.4,50.95,68.37,73.78,66.45,22.44,40.04,63.04,75.74,53.09,35.2,43.54,57.55,43.93,39.42,53.28,33.87,28.1,68.86,24.03,32.1,26.0,24.42,71.14,74.16,25.4,39.95,43.81,46.46,47.41,40.74,48.45,29.77,61.98,41.99,50.85,53.71,51.28,66.93,65.43,56.04,63.24,35.58,37.05,74.89,56.61,64.17,66.93,24.21,66.5,39.81,61.85
1784538547.192777,44.65,58.76,57.63,28.27,28.62,48.87,24.38,78.75,32.41,59.77,26.52,69.73,43.48,30.36,35.17,31.81,60.57,55.43,20.42,61.19,46.2,72.71,28.73,34.83,59.33,45.62,41.96,35.06,38.98,54.2,78.15,42.84,70.48,51.51,55.04,45.26,21.42,54.76,70.21,44.11,51.31,21.44,41.37,59.26,53.93,46.58,47.62,72.83,62.82,43.91,26.44,22.0,63.51,68.0,33.77,48.36,65.31,47.37,45.7,43.48,48.51,64.29,46.35,66.41
1784538547.2030413,40.64,25.74,24.35,30.63,55.47,52.65,65.27,45.17,62.01,36.54,79.95,67.25,64.62,31.96,53.03,40.21,41.48,51.66,45.77,63.33,27.25,61.22,59.53,20.91,52.51,36.14,20.66,36.67,76.97,20.96,63.47,70.64,21.47,54.14,61.3,54.66,47.77,23.72,47.74,43.34,48.54,26.76,25.2,36.23,77.77,42.22,26.55,55.34,79.01,70.82,62.59,64.93,31.72,69.26,52.11,34.79,41.51,22.7,44.55,55.75,31.18,77.57,76.66,76.19
1784538547.2133129,64.08,49.35,49.55,67.6,37.85,23.17,67.46,64.77,65.78,43.89,30.16,28.05,23.15,47.3,54.48,68.27,77.34,51.1,25.96,25.25,23.92,34.13,29.52,61.96,59.08,76.61,76.11,32.53,57.0,60.29,63.37,22.02,31.77,26.43,54.19,40.22,26.19,23.43,66.34,34.74,43.22,60.59,59.27,75.67,41.04,57.53,35.54,43.14,32.91,64.43,31.46,36.76,43.51,47.59,52.26,37.36,50.26,79.94,41.7,45.97,62.77,30.9,27.16,67.42
1784538547.223551,37.44,65.31,40.06,76.51,48.92,74.44,35.49,50.46,68.43,64.05,52.79,45.4,56.06,32.33,27.94,43.42,45.61,72.72,73.82,20.81,22.02,56.36,54.17,45.1,55.04,27.42,61.02,49.95,72.71,77.18,65.51,65.71,66.08,26.85,21.13,56.52,52.47,70.91,47.63,72.28,23.07,27.83,27.51,64.64,69.48,30.34,73.79,76.77,36.32,25.16,20.46,43.01,54.92,40.7,21.47,62.7,43.76,31.21,49.95,62.6,27.61,77.1,35.5,61.47
1784538547.2338023,29.17,74.5,64.17,72.48,59.71,60.9,53.37,48.17,27.83,24.11,51.92,25.46,43.86,40.03,22.14,25.5,40.02,58.29,40.17,49.59,39.13,24.67,50.55,41.18,73.41,23.34,61.64,44.4,34.19,75.8,40.13,77.82,39.68,20.87,26.94,25.2,71.71,24.76,76.45,35.4,74.0,52.06,32.3,39.96,52.57,50.27,62.06,59.38,48.32,59.28,65.8,78.27,48.55,49.04,29.87,57.8,26.19,49.49,51.96,21.36,42.25,32.55,49.08,26.62
1784538547.2441347,57.63,76.43,25.9,22.59,63.37,30.11,49.82,51.27,46.53,21.12,25.99,61.75,73.93,50.26,40.42,52.24,70.66,27.12,59.51,60.05,78.42,38.66,61.73,35.05,20.4,42.11,77.62,21.87,54.89,33.57,60.09,25.97,74.76,73.34,43.47,49.37,59.38,63.69,21.99,54.57,65.56,47.93,51.05,66.39,76.5,44.48,67.16,70.24,69.92,42.78,48.58,41.8,40.42,69.62,33.27,78.44,66.35,68.96,36.35,44.11,51.96,71.8,72.06,54.86
1784538547.2544024,63.84,44.16,25.99,57.41,35.57,75.32,73.13,41.07,48.12,65.98,40.53,26.28,50.32,30.06,25.3,57.24,28.86,52.79,39.28,48.24,23.13,65.36,68.71,79.39,62.19,21.22,36.6,43.89,71.67,41.52,57.57,49.52,22.27,41.52,43.71,32.41,64.96,76.43,28.16,41.82,24.12,26.95,60.12,23.35,55.91,73.41,62.36,64.52,38.27,21.64,49.66,41.51,32.1,24.71,27.13,31.69,21.35,60.96,59.91,37.02,46.74,51.34,20.83,52.6
1784538547.2646542,58.31,49.7,56.53,73.08,34.49,23.06,33.69,21.73,78.73,47.69,29.99,47.97,41.75,42.26,69.27,54.92,41.78,57.21,52.24,49.9,74.74,40.04,34.69,43.72,46.8,24.81,41.04,37.0,22.91,30.42,36.29,77.77,27.93,21.91,30.41,31.57,27.12,21.54,22.7,36.88,48.94,25.81,21.55,30.15,64.38,40.58,40.07,73.49,43.45,48.52,65.93,39.77,54.07,40.47,29.17,30.25,39.8,44.49,47.27,34.51,79.42,72.02,48.69,23.44
1784538547.2750258,32.18,25.46,62.4,57.94,49.76,68.46,36.95,47.46,25.11,23.9,69.39,60.49,27.44,65.47,44.5,53.51,35.25,25.72,48.94,72.85,63.49,32.86,68.88,41.63,26.75,35.43,27.05,48.72,35.09,33.23,27.56,51.11,64.62,69.24,36.01,53.4,43.15,26.22,76.03,36.86,55.83,66.76,25.9,30.23,36.93,59.89,50.54,75.55,21.4,60.77,40.89,66.63,79.8,57.52,59.61,22.05,71.77,41.94,21.53,62.7,61.01,51.34,26.3,29.7
1784538547.2853098,65.58,39.83,46.36,37.07,37.7,54.55,29.15,64.56,39.16,67.75,68.96,66.24,27.05,54.03,39.39,61.84,26.21,72.14,43.12,36.8,72.22,75.26,68.66,41.19,21.61,37.64,77.01,31.38,68.0,79.02,37.82,34.4,22.79,51.87,53.19,50.66,34.14,30.27,49.35,35.81,54.8,40.24,32.09,23.86,39.27,28.14,54.43,47.57,58.83,60.05,27.59,75.17,37.45,47.6,73.93,72.91,59.02,28.06,25.95,34.84,30.71,26.96,30.32,66.6
1784538547.295567,43.44,78.17,25.21,74.94,59.1,57.35,78.1,30.47,75.06,55.6,74.36,63.48,69.44,26.16,30.49,65.06,52.78,79.93,43.6,22.02,42.81,38.17,38.16,28.49,59.89,71.51,78.3,66.99,64.11,29.89,56.46,42.49,26.56,77.34,71.87,37.94,69.2,46.59,54.66,64.29,50.44,34.65,50.75,34.0,43.28,21.9,35.02,64.11,31.79,77.3,46.78,25.48,36.38,33.28,44.89,74.91,47.32,54.62,54.39,49.9,37.18,34.15,41.62,77.13
1784538547.3058162,79.38,26.31,31.87,69.41,53.39,43.42,77.67,57.44,27.08,77.86,43.38,29.41,24.56,43.88,27.33,67.74,33.06,59.55,40.0,36.78,32.56,39.14,69.83,74.84,66.23,70.96,59.94,76.1,73.07,23.52,23.98,70.16,41.49,43.28,43.18,63.88,47.47,44.18,76.81,78.82,39.58,22.98,61.98,21.63,51.53,78.8,65.52,22.47,73.15,35.06,74.72,64.08,48.46,68.71,77.93,58.33,27.93,43.23,46.82,70.25,38.51,20.06,36.81,25.59
1784538547.316096,23.09,42.15,40.09,64.85,40.1,37.91,45.85,35.16,22.54,78.27,78.82,40.6,26.76,40.59,28.96,43.05,27.53,71.61,38.7,30.11,47.61,65.04,40.79,28.59,37.36,36.05,46.22,47.36,43.96,51.39,57.63,79.36,65.26,73.63,40.2,61.38,71.0,77.92,68.33,48.05,28.87,34.14,72.01,63.28,38.94,52.92,31.89,35.41,37.85,41.46,22.53,43.34,65.37,70.9,47.28,66.81,30.66,73.27,26.21,73.15,59.29,73.74,54.5,41.67
1784538547.3263493,76.45,49.25,23.57,38.29,65.29,31.52,70.76,26.8,50.35,36.43,42.05,66.9,51.47,50.22,37.21,30.47,60.17,38.43,51.85,77.66,74.11,32.41,31.66,39.22,21.87,24.7,54.73,64.57,67.97,44.43,76.58,44.06,40.13,70.98,64.41,63.3,77.94,52.85,44.11,48.5,45.55,70.66,78.68,61.7,30.02,59.68,33.23,55.54,25.45,31.48,70.25,25.36,63.14,32.59,49.76,74.41,21.94,45.45,59.31,62.66,35.93,39.0,22.9,56.38
1784538547.3366036,49.19,39.69,45.2,75.88,45.89,33.08,31.11,31.89,33.13,40.47,75.09,73.5,54.66,28.02,50.2,34.51,71.53,34.54,58.73,64.03,43.38,52.67,34.25,68.03,28.31,21.55,51.37,51.53,63.54,31.56,56.22,64.88,26.47,37.12,53.24,63.6,77.55,21.29,49.67,79.38,70.89,78.4,50.21,36.67,76.61,70.55,23.14,67.68,60.74,37.07,28.65,44.27,69.37,56.61,23.32,60.49,40.51,32.4,23.35,35.0,75.41,35.02,73.74,39.52
1784538547.3468652,78.04,27.23,31.38,38.58,73.44,67.99,61.78,79.86,40.83,43.94,57.32,42.5,34.01,34.27,57.99,31.74,51.38,49.44,62.05,70.71,65.67,29.4,79.59,30.58,79.34,62.99,30.62,29.89,62.79,59.42,42.86,76.87,66.23,79.64,53.98,79.95,62.16,71.97,71.02,23.53,70.39,54.23,34.11,73.53,78.88,20.38,67.31,24.91,34.05,32.54,34.53,53.07,49.87,39.98,48.45,44.31,28.64,79.38,21.53,29.03,63.17,75.67,65.11,40.25
1784538547.3571248,48.74,52.21,50.95,50.22,49.51,20.19,63.75,50.35,25.18,72.4,24.38,51.13,77.43,28.57,60.4,34.25,73.5,24.92,79.91,30.1,36.57,77.81,27.76,25.0,56.4,72.45,55.9,56.06,49.98,43.83,43.96,66.27,54.2,49.17,46.82,34.97,61.31,51.47,30.01,65.76,70.84,43.25,48.38,65.12,49.34,40.27,21.35,47.27,73.76,41.36,22.19,46.61,23.85,46.89,65.36,38.21,38.93,70.31,66.32,21.7,48.23,50.54,36.95,78.55
1784538547.367397,24.43,23.74,60.26,70.68,42.39,21.22,58.02,44.46,62.03,79.58,22.87,31.96,55.97,78.17,75.99,67.07,73.51,48.25,41.3,35.01,33.87,73.56,39.86,25.04,72.79,33.56,46.44,31.87,54.75,27.55,73.6,47.78,69.52,27.86,67.65,26.62,46.49,58.36,74.41,74.15,22.14,21.9,51.12,52.69,44.74,64.09,30.24,74.03,34.95,61.53,76.69,37.5,61.92,45.39,71.22,20.85,72.78,61.26,50.07,59.37,57.43,41.35,74.46,36.54
1784538547.3776772,59.3,75.4,59.9,47.79,65.94,24.69,71.02,40.19,77.21,58.95,25.84,21.99,39.53,74.1,58.82,58.43,74.63,36.05,57.74,52.69,25.42,58.67,76.67,50.15,70.37,45.97,70.39,36.8,48.59,51.89,64.8,21.67,67.9,23.04,32.67,56.44,49.98,71.4,47.12,50.06,52.58,57.77,32.29,44.58,41.57,79.67,44.71,77.32,26.83,50.1,44.7,40.95,22.8,63.03,50.24,20.61,74.84,49.58,68.98,78.72,38.07,33.71,26.63,30.03
1784538547.387908,73.97,39.28,27.92,61.63,56.99,68.81,35.88,62.85,25.95,30.12,37.4,22.67,30.01,20.25,29.28,48.21,51.03,78.35,62.88,63.77,57.22,34.73,65.06,45.82,71.79,62.64,44.25,46.55,32.41,21.8,21.94,38.97,79.24,40.6,34.1,54.9,20.64,24.62,23.06,79.18,54.52,55.64,50.24,67.54,69.28,21.57,42.48,53.49,35.35,41.97,77.32,27.98,46.19,49.82,70.47,27.81,70.31,75.75,35.77,49.21,74.25,35.24,43.8,58.7
1784538547.3981898,42.4,44.69,54.55,47.06,64.41,75.13,60.68,75.35,40.91,61.54,52.06,72.05,52.72,39.79,45.54,30.77,23.31,37.71,61.06,60.81,20.59,57.38,69.69,72.19,70.14,76.32,33.19,68.18,67.45,72.82,34.76,73.22,39.63,41.32,59.39,23.0,53.29,33.44,54.98,69.58,51.4,37.49,54.62,29.2,26.89,73.85,45.79,25.27,77.57,62.05,27.38,70.19,39.4,38.54,33.38,73.67,62.27,36.27,52.75,37.47,26.2,56.23,33.76,65.63
1784538547.408441,65.3,69.41,79.76,28.6,67.9,39.04,71.32,59.6,20.98,60.6,38.32,32.72,47.28,27.88,24.75,23.37,74.37,24.56,42.99,40.31,46.82,72.82,67.89,39.56,44.15,48.24,60.79,43.16,45.61,49.03,21.28,52.47,52.19,51.31,41.64,41.68,75.92,20.0,34.88,68.41,34.22,65.0,39.06,61.8,51.03,46.8,47.18,79.84,75.32,34.76,76.96,67.57,44.97,20.22,31.99,39.16,78.27,42.48,36.24,39.52,76.77,47.2,62.47,49.29
1784538547.418713,37.24,25.09,72.06,25.98,41.52,38.9,43.11,51.89,51.51,34.11,65.05,39.08,26.29,64.83,66.21,53.88,22.3,64.02,30.48,67.88,61.62,24.45,61.46,74.16,70.3,39.28,35.76,22.52,66.77,60.1,44.32,65.69,63.5,44.67,26.47,68.33,39.21,32.33,34.81,78.11,28.19,33.28,73.85,40.59,29.93,45.18,78.63,36.02,35.78,49.27,37.81,45.39,76.32,53.2,52.35,37.8,76.24,33.21,76.71,73.51,68.36,23.89,32.07,69.73
1784538547.428975,54.35,75.15,62.28,23.2,49.92,35.71,61.16,21.2,75.71,74.85,75.44,75.69,47.92,48.86,30.38,44.46,26.28,40.37,55.25,54.37,42.71,71.66,21.29,71.56,69.87,48.71,54.37,31.83,28.37,40.24,60.73,55.09,72.96,56.47,61.91,72.6,43.55,79.65,31.46,42.81,22.71,54.58,60.69,45.33,43.55,30.23,42.56,25.06,32.28,49.4,22.89,32.64,59.92,21.47,49.19,42.13,79.64,49.14,22.59,30.39,71.3,32.76,25.13,70.68
1784538547.4392545,64.43,31.03,54.67,44.4,68.08,43.44,75.81,33.52,43.48,62.65,55.11,35.31,54.93,70.53,52.42,75.23,44.4,74.05,41.32,23.29,38.24,70.96,61.73,74.36,37.88,35.63,47.88,65.68,62.03,24.82,71.95,54.15,41.14,64.01,74.0,53.93,26.42,74.64,65.86,61.24,75.44,56.93,35.96,70.57,34.68,23.96,40.51,50.15,64.15,45.93,40.83,25.28,74.76,59.18,73.57,44.93,24.63,70.31,27.19,37.64,24.61,53.36,67.92,34.12
1784538547.4495966,27.27,43.42,46.14,71.87,24.02,64.75,74.12,25.5,40.48,38.2,76.1,49.35,23.67,38.09,52.12,69.23,57.46,65.43,40.23,61.85,30.72,49.61,50.88,66.19,78.83,47.62,41.06,79.48,39.7,47.16,21.09,63.07,59.14,32.46,37.6,72.98,61.86,26.53,76.07,65.55,43.75,71.27,29.01,74.13,25.72,75.41,48.11,71.52,41.89,26.47,55.18,42.74,78.63,51.81,38.61,22.42,76.24,26.7,79.97,22.23,74.76,56.74,59.77,39.53
1784538547.4598534,21.71,52.66,41.68,28.21,47.02,71.45,22.63,39.91,32.44,68.98,61.15,73.29,67.77,30.29,25.84,26.37,29.48,62.89,41.01,65.63,66.36,33.72,74.39,20.35,76.09,67.51,20.04,52.12,66.74,69.3,73.89,20.61,29.59,20.57,59.96,68.71,21.27,47.79,44.28,42.99,77.01,46.9,78.18,58.39,36.28,64.13,22.5,41.29,38.89,47.67,55.88,23.55,54.73,55.7,56.9,66.81,69.49,73.95,25.69,75.6,23.31,62.64,70.09,78.46
1784538547.4701824,22.46,42.01,71.93,29.93,70.69,49.45,66.75,78.81,26.35,24.79,23.83,62.21,45.7,79.51,31.83,29.8,77.75,70.64,25.03,37.5,65.94,34.83,22.49,22.73,31.03,33.27,65.22,75.38,38.59,64.26,43.55,66.27,44.72,35.98,40.61,73.38,68.68,35.57,69.44,67.09,50.91,43.77,74.49,36.53,72.72,35.91,77.84,22.97,66.68,60.47,74.61,70.92,32.24,65.65,61.3,39.92,39.03,50.34,28.48,72.47,63.66,39.91,53.53,77.45
1784538547.4804645,76.16,26.12,23.01,65.66,31.67,21.98,58.62,63.52,59.07,50.62,78.18,79.52,26.21,56.87,32.86,59.18,79.34,42.91,68.23,69.41,32.04,74.87,56.55,55.95,72.01,54.31,29.29,63.18,73.17,60.49,68.19,59.41,67.78,57.48,50.34,72.19,30.08,41.15,60.83,45.67,62.72,24.75,41.46,55.95,36.17,55.4,31.94,58.22,40.59,54.59,55.41,36.35,67.53,22.55,30.36,71.32,58.78,60.74,54.68,75.15,25.47,74.05,70.4,20.32
1784538547.4907067,79.39,70.23,71.46,20.58,67.4,60.45,30.09,40.86,69.25,58.69,49.38,28.26,24.59,75.19,59.59,30.8,38.05,76.23,39.51,35.11,24.29,22.77,40.51,71.3,30.09,73.93,50.67,64.52,30.18,21.97,42.01,63.25,41.57,45.07,44.68,41.89,69.83,26.72,34.54,47.28,52.78,78.04,45.94,54.38,35.81,51.31,47.17,62.04,79.46,31.62,75.68,61.8,23.55,66.39,33.3,79.36,64.7,77.96,43.54,73.88,28.65,44.67,48.71,41.23
1784538547.5009663,22.36,74.49,74.86,69.91,44.04,20.96,37.96,68.22,74.01,74.26,26.92,69.73,63.68,37.64,28.46,42.73,79.25,72.6,28.33,65.64,57.87,46.01,75.03,33.29,47.21,59.65,64.81,78.7,78.89,53.13,65.73,64.76,32.75,66.49,58.94,73.15,66.78,35.59,66.88,34.52,42.33,30.56,29.07,56.38,46.5,56.9,35.96,55.3,72.41,57.0,73.12,73.89,27.0,59.31,64.06,31.9,36.21,53.35,50.97,31.03,58.82,36.81,37.82,23.72
1784538547.5112514,69.06,39.34,47.69,58.9,47.52,49.06,33.36,56.6,45.65,33.05,35.18,52.3,70.15,70.27,23.93,67.52,25.38,28.47,50.73,76.27,47.3,57.45,52.18,74.78,41.25,30.35,69.87,79.72,73.12,48.52,34.35,45.22,59.05,50.15,33.19,49.31,71.37,38.12,31.18,71.28,71.42,42.23,35.03,36.99,77.73,21.66,63.16,67.98,55.74,30.79,69.85,46.15,21.46,30.71,53.44,47.47,65.52,46.04,75.2,73.08,59.48,27.11,53.31,54.53
1784538547.5215204,60.81,78.75,44.34,40.55,46.89,38.57,79.05,26.07,65.54,52.75,75.38,42.6,36.4,22.97,54.7,53.64,50.03,60.97,66.32,45.7,57.44,50.26,22.03,34.73,50.08,41.37,45.87,40.71,64.1,35.18,59.46,22.52,25.22,75.07,64.94,72.14,39.01,38.14,23.55,39.26,34.28,47.99,52.25,47.99,24.27,54.56,61.64,25.78,29.73,30.53,51.27,73.74,49.97,70.97,28.96,73.75,26.88,35.38,34.08,33.56,40.65,25.94,56.17,47.38
1784538547.5318034,48.06,33.43,68.92,46.52,49.05,32.63,57.33,54.6,22.61,66.82,51.19,50.37,31.84,23.91,39.38,59.29,24.35,34.95,62.92,49.01,61.06,49.19,44.45,63.22,33.69,39.25,49.4,66.36,20.43,51.06,34.38,49.24,46.93,53.94,55.45,69.9,54.78,44.73,34.01,40.14,51.36,73.39,22.43,38.92,53.77,79.04,21.98,21.9,45.43,31.0,27.12,64.54,45.39,70.98,43.21,56.35,28.55,68.77,38.16,73.14,41.63,74.18,39.56,28.7
1784538547.5420535,31.17,36.82,25.57,56.82,70.18,40.29,27.96,45.35,51.77,77.37,42.54,58.04,24.27,67.78,28.0,72.79,22.49,21.15,24.47,62.5,24.61,58.06,51.45,75.62,62.41,30.83,76.61,68.3,53.24,26.14,20.64,24.82,57.74,31.85,33.85,20.44,25.53,46.98,43.71,59.51,78.21,23.61,72.09,29.9,42.99,55.42,49.83,22.93,30.19,63.17,58.0,41.86,57.7,60.83,34.19,34.42,70.48,44.44,64.19,50.11,40.66,35.27,31.4,39.81
1784538547.5523436,23.2,42.11,20.55,77.35,33.14,20.85,76.12,59.41,54.07,34.05,70.22,72.41,37.5,61.35,36.57,38.5,49.15,22.33,70.77,23.83,52.91,31.8,36.47,42.74,57.43,29.95,29.95,72.99,42.42,24.61,48.49,61.0,71.62,56.76,36.68,56.38,52.59,48.86,60.61,39.23,42.54,76.95,59.13,51.73,22.33,51.39,67.77,76.05,47.5,58.2,21.95,73.39,68.0,68.59,77.42,56.01,76.96,49.87,26.57,66.57,65.23,58.15,49.52,26.97
1784538547.5626252,34.91,66.73,38.83,44.03,73.16,56.01,35.77,25.08,68.89,67.27,46.64,50.76,22.3,57.82,23.45,31.67,79.53,55.66,74.88,44.14,61.2,50.11,65.93,43.07,50.76,76.35,37.98,40.79,77.79,26.17,63.74,41.76,74.59,54.81,33.52,48.42,28.66,49.88,61.64,57.15,40.78,56.25,34.43,74.48,40.73,54.77,49.81,27.95,62.09,34.12,77.32,23.77,76.34,22.97,35.06,60.39,79.88,63.61,48.01,24.54,58.61,65.02,20.45,24.95
1784538547.572899,69.11,43.71,76.08,39.93,54.0,38.25,45.09,29.1,61.79,48.86,61.45,26.0,33.36,26.68,41.22,48.3,26.95,75.45,57.76,61.74,51.22,51.96,76.56,59.85,44.69,72.27,79.46,63.62,66.17,45.38,47.76,63.54,33.16,30.5,41.94,75.66,33.01,72.52,53.18,20.55,67.18,23.66,49.84,48.51,51.36,28.17,28.93,75.92,36.42,20.73,57.87,39.85,60.8,29.71,67.78,37.54,50.66,38.3,56.87,20.57,31.84,69.5,71.81,64.79
1784538547.583156,46.97,68.34,45.74,79.72,58.5,42.2,36.97,40.58,62.65,76.16,36.22,34.54,51.38,50.9,33.56,74.79,70.68,44.22,35.87,79.83,50.12,34.21,26.55,52.86,31.5,59.7,20.9,26.22,26.13,33.39,36.89,48.31,74.09,33.32,71.9,34.34,53.68,70.25,62.89,36.15,22.55,67.96,55.19,61.69,67.14,71.67,54.74,34.18,64.01,36.54,54.87,27.57,59.0,25.6,46.27,30.27,58.94,73.29,69.86,77.98,76.92,78.93,64.56,44.54
1784538547.5934238,23.05,22.17,31.32,76.53,67.8,26.06,26.11,79.37,36.12,39.95,56.89,78.28,26.57,29.37,45.46,79.78,29.31,67.9,60.7,37.67,40.81,34.25,49.01,73.55,29.65,70.46,72.62,77.75,52.51,27.02,50.51,69.17,45.67,79.66,71.51,25.89,55.25,39.75,46.26,69.7,48.79,74.85,41.49,27.72,75.25,38.85,36.01,46.5,72.76,47.92,78.94,40.71,20.37,25.89,70.12,75.14,78.79,29.26,57.17,78.18,70.43,78.95,72.04,31.24
1784538547.6036718,29.94,44.71,57.15,24.2,26.42,79.97,62.6,32.57,68.85,31.51,68.5,21.89,74.05,29.46,70.93,25.55,79.51,38.44,26.83,54.31,22.57,56.86,50.56,50.03,65.86,24.71,58.21,42.66,31.55,47.75,48.35,65.96,41.07,35.37,30.7,23.91,53.03,30.86,50.84,79.24,69.41,44.15,46.93,78.6,53.14,64.27,39.54,44.71,55.04,66.64,23.26,71.4,38.29,43.45,77.42,62.51,72.39,75.2,50.66,37.02,30.34,36.27,43.1,51.66
1784538547.6139414,65.82,44.59,69.08,22.87,25.28,35.86,74.82,26.18,33.9,25.11,22.96,55.08,47.39,22.98,32.67,39.48,29.86,35.71,74.37,64.35,37.4,53.82,64.26,29.87,32.25,69.66,52.24,42.7,33.41,48.58,64.15,68.93,60.83,45.6,38.67,76.2,56.67,68.2,52.51,21.38,29.1,67.31,47.11,21.59,28.52,39.7,59.91,74.25,51.8,68.09,67.14,74.19,30.18,37.19,63.12,68.6,74.04,34.8,66.81,79.23,67.93,37.74,70.63,72.21
1784538547.6242332,26.04,36.45,35.89,61.18,52.21,48.35,65.33,40.58,78.1,22.79,36.83,72.4,21.69,55.55,75.74,63.93,44.3,62.11,38.34,60.67,69.85,28.91,24.43,42.64,48.51,49.98,62.73,44.57,70.23,30.4,77.87,50.09,75.1,79.09,36.8,29.83,21.61,49.18,28.16,23.21,38.81,62.09,35.43,44.51,75.38,50.34,34.03,54.0,77.13,35.23,36.35,26.99,62.02,50.97,53.47,58.02,66.75,44.73,61.29,61.82,48.94,52.96,62.0,59.66
1784538547.6345572,54.66,72.18,63.25,42.11,31.97,20.68,47.81,63.11,23.93,74.81,53.34,60.77,42.84,55.57,68.17,31.23,41.04,34.63,34.81,42.66,77.0,73.02,59.45,31.5,49.75,65.84,22.33,50.94,40.82,61.67,48.23,75.36,55.05,54.91,35.17,46.22,59.28,23.95,56.23,78.47,27.9,75.71,74.53,78.18,27.59,21.52,25.08,52.83,30.34,22.5,27.13,64.39,24.63,68.04,79.79,61.19,27.38,61.76,70.43,42.92,24.53,71.22,69.85,35.63
1784538547.644844,72.51,48.38,35.97,28.98,21.8,57.1,59.67,58.86,62.0,52.75,50.72,39.1,51.85,66.1,35.45,66.79,36.95,43.46,28.73,39.67,59.52,46.61,43.52,64.55,66.8,77.94,41.84,67.55,70.41,50.07,44.63,79.73,22.83,70.41,54.16,34.31,23.28,73.55,63.12,30.12,45.88,34.67,26.0,62.99,45.57,37.35,60.07,75.68,63.35,25.28,46.13,55.53,53.54,51.76,21.08,74.08,39.5,38.13,67.45,21.67,48.66,60.25,23.47,45.15
1784538547.655201,63.8,64.6,59.35,78.38,34.34,50.99,27.23,76.99,23.18,60.14,56.8,68.32,28.98,59.44,30.12,50.46,75.76,35.43,20.79,41.46,49.14,39.61,32.97,50.76,22.14,24.16,30.38,63.71,56.95,65.38,39.03,76.99,24.86,37.79,51.21,53.94,23.25,41.28,41.76,55.58,38.97,75.01,69.78,30.34,61.03,34.03,30.29,79.35,46.83,57.28,58.07,27.05,28.45,20.45,27.76,73.44,21.33,76.22,28.34,40.69,48.53,52.9,51.89,22.13
1784538547.665478,49.14,73.04,41.11,36.66,66.06,58.44,60.62,66.97,43.58,64.65,66.5,43.72,54.42,45.68,65.19,64.06,24.79,28.46,43.26,64.51,25.54,37.18,42.71,75.54,27.42,70.73,23.81,29.31,28.93,39.14,45.58,63.46,73.1,36.93,56.42,75.46,58.4,30.47,39.59,76.44,65.9,73.98,72.3,68.27,26.17,57.89,30.98,20.91,31.53,29.52,65.41,75.68,77.33,20.44,66.79,45.0,59.15,24.56,79.62,41.66,56.31,79.03,48.46,53.39
1784538547.6758025,29.01,50.89,41.58,41.52,75.41,38.37,61.92,44.36,75.71,65.81,57.21,30.24,45.11,78.39,65.11,24.83,21.52,73.81,38.63,29.61,39.2,38.08,44.19,73.7,34.58,38.34,61.35,49.64,73.68,23.08,36.88,54.15,77.2,39.58,36.14,35.22,34.98,53.48,34.21,26.12,31.41,68.64,51.27,26.97,55.77,45.79,55.34,24.25,66.24,59.03,38.46,53.56,28.08,77.83,39.37,61.96,50.37,38.67,43.86,43.67,50.16,77.37,72.73,69.36
1784538547.6860464,21.6,26.35,75.44,40.63,47.52,39.3,39.38,60.88,34.38,70.15,54.79,22.47,62.86,75.86,67.43,28.02,24.52,25.4,26.79,29.75,27.06,21.69,59.23,74.48,32.51,59.22,41.77,30.23,77.28,39.46,64.92,38.28,74.15,26.69,64.11,23.68,24.16,62.94,22.99,65.36,67.56,44.32,25.17,40.08,25.89,64.84,62.44,66.62,44.01,64.4,75.13,36.38,46.71,32.15,49.51,20.29,25.8,75.5,79.92,30.81,60.55,65.33,29.31,51.47
1784538547.6963615,60.24,67.54,32.72,44.29,47.25,54.06,65.07,66.7,68.44,47.67,79.35,76.89,61.35,23.91,52.12,27.76,70.55,26.07,66.45,74.58,42.23,57.36,49.64,78.68,74.59,35.11,75.51,29.27,54.3,35.58,59.45,69.88,63.46,66.29,22.72,21.09,21.1,38.7,63.2,67.17,47.12,59.2,31.13,74.44,33.88,30.57,45.51,72.77,40.24,59.78,23.04,68.32,26.91,60.54,59.86,31.24,43.05,77.2,42.49,50.0,54.36,35.33,29.79,71.84
1784538547.7066102,73.73,31.41,44.64,53.82,70.19,70.88,54.58,63.04,37.32,36.27,51.38,56.53,51.24,25.01,55.33,20.69,72.19,49.83,53.65,69.91,55.41,29.97,64.33,72.42,64.52,63.26,22.66,72.03,22.8,76.37,49.32,22.59,74.81,59.64,40.1,28.63,49.0,25.09,24.3,49.81,26.39,21.17,58.56,62.61,78.72,72.5,48.12,70.74,44.14,50.11,35.93,62.55,43.55,51.47,67.56,39.01,68.64,40.84,63.28,25.41,62.88,44.08,75.45,70.24
1784538547.7169113,45.39,63.77,36.1,23.0,28.83,43.9,43.23,43.41,24.16,32.07,34.02,67.84,57.17,67.32,30.53,50.2,28.95,75.93,78.15,41.58,55.58,49.34,48.0,32.01,78.18,45.49,26.85,23.04,69.33,20.54,39.36,47.91,59.27,77.56,55.2,35.51,25.92,65.6,27.7,47.89,74.45,70.93,33.53,57.71,58.55,57.89,64.39,73.87,58.95,48.25,52.95,25.36,50.23,79.0,22.66,32.18,66.4,39.18,69.19,70.85,42.85,35.77,53.16,70.06
1784538547.727138,60.32,38.98,72.55,57.26,61.66,39.76,51.25,38.84,24.49,29.64,46.28,66.59,65.4,79.12,39.16,53.0,64.71,47.84,29.07,72.81,70.59,26.25,55.5,54.59,69.28,54.38,73.88,46.4,45.59,55.77,25.98,23.39,22.05,34.39,55.88,76.4,68.82,65.19,42.42,45.66,31.43,64.31,68.91,26.35,46.02,51.49,61.98,46.43,60.57,35.69,48.13,69.45,47.04,25.38,71.58,25.58,61.69,44.33,21.18,74.45,31.82,32.89,35.32,66.66
1784538547.7374165,75.19,46.72,48.21,66.9,43.81,45.27,41.96,38.28,51.04,27.68,49.31,70.26,30.69,22.06,77.08,77.39,53.16,68.87,34.16,57.25,44.18,57.02,66.9,40.18,38.28,25.11,31.36,58.35,49.4,62.73,35.8,61.67,66.09,39.65,70.29,22.99,59.65,54.78,57.3,40.19,29.19,35.5,33.64,57.01,52.1,20.54,23.66,46.56,69.83,32.94,65.15,27.21,38.12,54.47,38.82,21.39,26.13,37.9,38.55,67.77,36.77,50.89,26.38,49.23
1784538547.7476578,50.51,55.56,26.37,52.29,53.24,60.67,47.52,70.26,24.35,63.72,39.24,74.42,61.74,67.33,32.56,36.66,31.52,60.59,76.81,27.19,61.73,20.13,41.66,70.02,27.13,63.54,23.82,48.81,35.78,77.52,26.83,36.77,74.2,51.94,46.54,76.67,74.18,58.09,78.58,24.4,72.67,31.49,69.02,76.44,42.29,35.4,53.73,75.77,42.77,70.96,67.4,53.61,21.62,53.45,71.02,54.37,28.21,69.62,49.47,50.59,35.19,27.93,78.01,23.5
1784538547.7578948,79.64,71.69,52.29,23.88,73.19,62.68,69.49,29.81,65.74,23.19,65.6,38.46,35.44,58.16,49.83,75.71,62.22,76.91,30.61,27.15,23.97,79.29,24.28,26.83,77.41,57.57,22.49,57.8,44.54,77.03,39.69,59.06,39.87,78.73,48.84,57.86,57.76,68.1,30.41,28.45,65.9,59.21,32.17,55.95,31.29,37.2,77.54,24.82,35.11,79.25,52.52,77.15,27.22,54.08,41.48,25.19,66.59,45.03,35.24,40.13,65.36,24.68,30.02,73.75
1784538547.7681525,66.49,41.15,22.89,23.65,38.26,24.19,73.78,44.14,38.01,78.74,78.19,69.18,67.43,63.45,44.02,26.79,26.48,64.82,71.36,73.84,21.59,31.88,50.3,69.65,58.27,77.37,32.16,22.39,55.18,70.81,35.18,24.14,56.62,20.01,30.8,29.54,71.92,24.78,69.91,52.45,61.39,77.99,49.29,73.76,35.41,72.18,44.11,77.88,56.51,50.39,66.45,68.06,24.89,25.39,67.27,70.24,69.22,36.82,67.59,68.18,53.48,40.69,22.77,62.29
1784538547.7784064,78.81,56.17,28.43,66.56,34.25,47.57,47.83,68.01,50.41,73.07,37.85,73.06,44.54,63.07,24.21,68.37,22.31,22.48,72.37,43.54,43.16,63.77,28.47,70.28,76.72,23.41,56.47,52.09,53.41,23.05,52.8,69.6,56.1,53.66,29.43,44.3,53.72,43.52,24.26,39.66,55.93,40.01,23.18,72.35,40.51,74.39,29.65,67.59,29.88,53.33,26.57,34.86,60.55,36.49,57.49,44.73,27.83,70.79,77.14,55.83,74.92,47.1,71.83,57.28
1784538547.7886612,54.06,43.42,66.16,38.69,48.18,52.01,76.2,66.98,45.99,47.25,28.52,32.45,54.1,51.29,37.77,79.04,48.37,61.26,37.85,33.86,72.54,55.31,71.16,66.56,24.18,58.31,33.23,58.65,49.34,62.03,49.34,60.47,37.46,40.87,72.23,74.53,38.01,45.45,47.65,74.7,50.5,62.86,67.61,61.03,26.49,29.56,43.06,66.11,64.2,64.7,70.77,78.19,24.21,32.51,32.87,45.28,65.4,25.66,44.72,57.02,65.68,26.23,39.03,69.02
1784538547.7989464,61.91,43.07,29.82,33.35,29.73,42.8,48.06,58.19,50.98,34.96,57.39,58.96,45.86,62.82,77.24,70.03,40.48,72.43,66.53,47.27,58.92,69.78,60.61,31.9,33.09,23.93,51.28,54.01,51.41,52.59,65.75,43.13,58.53,38.99,64.03,75.18,58.52,36.63,28.78,34.62,43.83,23.58,32.67,25.58,22.48,64.29,58.78,76.53,46.26,57.32,41.46,22.93,55.49,31.48,56.62,31.9,69.68,57.4,34.71,33.36,28.95,39.81,63.73,47.74
1784538547.809245,34.55,40.23,64.03,52.12,60.46,28.64,24.3,21.65,63.63,21.25,46.75,79.03,33.48,71.84,24.69,74.54,69.18,38.34,41.79,47.28,39.72,58.68,30.24,36.09,38.01,63.14,58.09,78.68,36.47,40.12,73.18,64.21,41.87,65.24,73.14,45.25,24.5,29.36,69.26,21.49,25.97,37.98,24.31,46.48,42.45,33.35,23.42,23.4,39.71,46.63,24.48,38.18,30.55,64.26,21.13,49.36,39.94,57.94,23.99,56.73,78.27,32.82,47.53,59.01
1784538547.819512,25.25,46.42,42.4,31.57,59.53,36.34,56.87,58.07,30.27,25.28,64.84,75.06,41.83,64.66,77.45,36.05,20.79,58.6,35.82,64.57,24.52,67.18,29.66,79.52,60.69,75.73,72.43,28.4,45.16,21.01,29.59,76.51,24.42,27.84,48.13,64.94,40.56,40.86,20.25,37.06,47.96,60.02,43.51,74.8,33.91,71.34,49.35,36.4,66.61,25.34,24.16,57.92,50.92,72.78,53.91,73.0,78.36,63.68,62.11,70.67,62.75,72.24,70.54,74.85
1784538547.8297808,23.45,71.66,40.34,20.6,61.48,23.84,25.93,78.32,60.71,57.94,76.24,34.18,70.41,58.28,63.02,28.51,41.73,72.97,53.09,51.09,26.33,40.88,66.79,35.48,20.8,42.49,56.25,42.72,42.75,60.47,48.43,48.67,33.39,20.51,41.84,33.14,54.18,78.08,38.22,30.48,77.32,56.27,33.86,79.07,29.16,29.96,40.09,22.23,74.96,62.75,72.76,63.97,55.01,65.45,45.5,20.34,21.51,66.93,50.83,52.25,70.37,29.43,25.32,51.35
1784538547.8400881,42.15,50.19,79.81,43.98,39.61,41.48,27.57,25.78,30.89,71.7,64.08,63.22,22.49,35.36,49.1,33.54,45.37,60.81,55.85,31.53,45.24,64.09,70.24,50.08,78.13,40.9,41.52,65.38,52.55,69.01,71.6,60.62,55.9,43.21,26.1,21.71,57.2,59.43,64.07,69.83,74.35,40.33,74.29,68.26,31.74,33.77,55.67,20.34,54.13,74.65,54.16,37.59,70.33,32.36,57.26,49.11,21.45,30.59,65.78,48.25,49.43,58.93,46.08,24.06
1784538547.8503587,51.42,25.51,61.74,33.53,60.57,76.5,68.85,74.03,47.66,73.65,29.32,59.36,75.43,65.45,38.35,33.35,65.13,25.0,38.84,61.96,52.95,50.0,40.32,52.25,24.79,45.28,34.49,27.52,45.17,76.22,60.35,74.19,57.73,29.8,41.53,63.82,33.83,73.88,58.32,45.87,42.35,46.98,26.71,73.73,72.48,71.01,29.39,70.43,58.89,58.79,73.32,74.15,63.2,57.42,54.45,68.18,59.26,21.15,45.92,67.11,33.07,42.18,40.98,38.29
1784538547.860713,70.01,60.07,35.47,78.84,66.21,29.82,51.14,25.48,50.69,55.21,41.71,36.19,39.05,39.1,27.48,60.8,74.05,66.66,67.51,55.87,38.36,22.04,30.02,49.71,50.07,69.62,20.04,75.25,74.21,45.99,21.29,40.05,51.04,77.67,57.44,79.03,45.38,38.36,72.89,69.18,65.17,65.78,51.39,67.42,68.45,53.8,56.06,63.11,37.14,54.27,37.16,28.74,48.99,63.29,41.4,74.46,58.36,42.7,40.19,27.53,57.94,28.89,68.76,49.42
1784538547.87103,75.16,27.47,30.6,55.71,40.64,65.16,40.92,44.81,59.4,28.64,57.75,63.07,41.37,25.95,75.29,53.61,54.47,69.49,72.77,74.86,67.24,73.89,51.38,72.83,75.67,55.14,64.14,78.81,60.89,39.1,39.1,25.85,47.29,52.51,32.46,35.23,70.64,34.49,57.07,66.39,65.05,55.96,27.47,35.18,74.96,64.81,52.87,61.91,78.08,32.84,39.57,56.51,56.47,78.15,25.63,74.6,66.37,63.09,59.05,30.83,63.32,68.53,32.65,45.34
1784538547.8813572,35.87,40.06,65.06,40.88,45.59,25.97,67.83,77.88,31.82,67.85,57.9,34.43,20.51,66.82,79.01,37.26,37.16,30.32,50.86,69.3,36.5,39.43,66.55,35.35,45.44,46.96,68.88,46.65,58.55,66.74,59.59,28.55,36.69,30.06,29.57,56.71,79.91,44.02,52.24,20.03,44.91,30.79,46.31,59.05,61.48,31.12,50.21,46.0,49.3,55.21,27.92,52.86,67.26,22.06,48.67,26.54,65.64,35.94,79.1,27.24,42.67,69.23,30.19,72.41
1784538547.891648,63.87,57.58,55.77,59.32,62.45,75.71,75.37,73.19,41.74,65.89,70.33,27.43,50.09,66.24,40.92,51.57,54.27,35.81,22.71,23.09,42.4,47.31,48.05,53.59,41.47,52.01,36.19,24.84,25.44,69.98,53.12,40.92,56.18,58.73,57.6,57.97,28.93,34.72,69.37,32.14,46.2,60.15,61.93,24.09,23.68,61.13,21.45,69.85,61.58,72.83,44.7,32.66,59.8,55.64,51.2,28.65,67.85,41.24,58.2,62.03,37.95,75.24,27.38,77.03
1784538547.901912,57.36,36.66,61.14,53.69,66.96,28.19,56.57,69.64,57.62,74.29,37.73,70.44,53.09,59.89,28.55,21.02,23.7,57.61,59.93,77.69,75.5,78.09,29.2,44.39,39.78,41.56,60.66,53.46,48.01,40.03,30.67,47.93,77.23,41.5,69.97,37.75,56.09,76.25,50.14,21.52,57.43,51.87,76.37,65.61,26.39,62.38,20.25,33.18,27.1,26.03,78.12,66.39,60.09,48.82,53.27,66.58,37.09,71.13,22.88,73.95,63.88,20.74,25.2,51.27
1784538547.912216,26.36,63.99,79.75,20.97,63.87,74.05,47.74,58.53,37.03,47.76,61.51,51.43,44.82,26.79,46.66,33.65,39.65,66.29,60.36,77.99,65.41,49.42,57.82,71.2,56.46,71.51,62.5,43.06,74.68,76.49,63.79,68.53,56.75,42.69,48.46,61.28,38.46,53.63,32.44,50.37,20.14,22.77,57.21,60.35,44.17,38.25,65.24,59.85,62.23,28.29,44.99,59.26,54.53,22.71,31.92,29.59,37.48,45.48,26.74,75.26,74.34,59.76,23.37,24.92
1784538547.9224977,65.14,73.96,32.99,41.27,40.13,78.6,53.82,27.14,24.91,52.17,24.73,65.65,22.56,30.96,20.03,40.41,37.3,78.4,51.29,69.54,28.0,63.2,40.87,27.23,55.58,35.4,70.57,71.58,75.25,56.65,20.08,72.21,44.54,52.07,71.92,42.61,21.01,39.31,69.71,26.0,73.96,67.65,25.99,65.8,29.65,77.15,64.28,74.98,43.91,52.85,75.12,65.24,77.09,35.64,75.07,27.21,62.94,37.28,77.39,26.38,24.32,36.5,48.0,34.83
1784538547.9327583,20.48,72.15,66.05,67.78,70.23,40.26,41.96,25.42,21.45,73.91,62.63,20.09,67.01,26.1,71.14,62.02,45.87,27.22,68.39,32.66,49.63,47.45,38.3,25.86,66.05,33.45,79.48,30.15,42.85,47.33,43.72,44.16,66.23,76.79,23.11,71.57,23.95,52.01,25.08,52.22,20.03,28.49,41.76,79.11,51.69,30.61,28.08,78.9,57.77,63.17,30.04,31.02,20.76,78.37,62.67,42.75,28.72,59.89,56.76,25.55,70.22,21.02,65.21,73.67
1784538547.9430385,66.74,59.38,67.93,35.17,46.29,44.14,41.32,76.57,59.98,64.77,37.64,39.5,51.91,49.62,57.54,65.25,62.46,65.07,64.53,44.91,57.61,67.45,29.69,44.24,23.79,73.81,52.74,32.52,49.0,41.54,38.81,79.15,47.47,63.01,53.96,45.38,35.18,51.01,74.02,28.67,68.05,65.87,43.66,49.12,35.76,23.93,64.51,30.26,25.43,44.81,27.99,25.11,33.73,43.65,47.59,76.22,31.56,41.52,58.78,64.97,24.88,74.62,47.95,20.88
1784538547.9533281,70.99,68.39,49.25,73.46,67.63,64.32,25.05,65.76,48.79,42.49,78.82,46.84,59.58,72.05,35.01,42.42,29.79,56.76,63.53,66.1,43.95,34.59,68.74,41.34,74.85,53.06,56.33,79.46,74.77,59.99,31.92,43.33,20.66,72.41,23.96,38.96,62.51,75.65,46.85,50.1,66.22,33.51,30.89,40.16,27.6,62.37,25.65,38.08,55.37,77.93,50.12,62.38,47.49,71.29,41.74,28.08,73.71,35.58,64.82,27.29,45.64,77.81,68.49,69.35
1784538547.96358,58.1,30.79,34.01,71.68,48.52,63.11,27.35,77.63,72.32,59.38,28.22,56.88,20.27,64.01,48.85,78.04,49.49,78.66,49.28,54.38,70.99,21.71,61.72,25.26,64.44,72.57,29.64,75.82,72.38,38.43,59.97,58.89,49.11,56.74,36.7,68.78,58.09,20.29,70.2,67.91,76.27,38.6,78.02,66.22,62.55,66.05,45.5,79.63,74.22,22.28,31.41,38.9,59.08,59.13,55.01,77.1,41.29,74.27,45.33,20.96,48.59,65.24,35.68,74.58
1784538547.9738343,58.31,28.51,53.85,24.0,40.08,49.94,68.69,36.5,25.4,68.98,69.04,49.06,30.79,40.22,26.0,30.69,50.13,49.43,46.39,67.9,32.36,67.75,53.5,60.58,76.74,39.99,75.57,26.74,79.43,64.44,66.97,68.55,56.0,51.71,34.92,26.67,36.5,79.31,47.78,28.34,65.65,39.36,23.71,24.01,37.79,35.16,52.94,52.85,57.79,73.38,78.78,23.06,52.65,45.66,29.73,64.82,36.13,25.95,22.09,24.19,46.16,78.99,50.83,77.98
1784538547.9841037,34.15,25.36,61.09,38.4,64.75,23.04,54.31,68.03,27.89,39.51,39.47,43.11,77.22,37.36,40.15,79.04,28.08,43.51,77.7,57.01,22.0,64.01,48.1,36.75,51.05,26.41,50.06,58.98,56.22,51.37,22.87,57.08,41.07,40.83,32.61,36.18,48.04,37.75,46.77,31.28,26.32,28.25,71.27,51.46,29.98,60.44,39.66,47.58,73.39,22.63,41.68,43.36,56.86,66.54,65.55,59.95,36.72,53.27,45.55,51.91,65.31,75.36,44.27,32.49
1784538547.9943693,28.09,25.66,35.3,27.44,67.32,60.14,79.58,28.5,51.99,41.93,45.51,41.77,28.46,36.06,48.98,30.49,48.22,75.59,34.32,69.98,47.03,26.05,41.99,36.1,32.45,43.79,48.25,72.74,38.81,73.77,50.19,37.11,76.85,25.71,74.09,75.38,27.88,21.1,45.11,41.29,22.78,48.0,76.71,31.75,48.5,72.42,28.2,22.6,42.61,50.78,55.99,55.49,76.03,40.21,63.19,70.54,31.63,25.6,30.38,49.21,49.27,21.32,57.1,62.93
1784538548.0046208,37.78,27.5,32.22,41.07,50.21,62.74,32.84,72.03,49.83,36.59,72.87,39.41,58.24,20.96,69.98,56.53,67.56,55.69,36.35,79.25,70.73,56.12,63.61,79.84,70.42,23.31,43.51,58.62,21.1,75.07,73.28,64.6,42.57,54.68,24.6,58.24,46.42,67.67,71.64,56.47,53.02,70.77,77.2,53.26,48.63,56.98,29.24,55.2,65.17,58.52,62.4,51.35,59.44,21.21,78.56,45.61,47.63,29.03,67.62,66.3,57.92,62.33,51.05,64.59
1784538548.014895,73.97,35.21,50.3,36.73,77.71,26.0,47.72,74.54,26.39,70.01,35.16,40.3,27.14,35.19,26.66,58.69,77.44,78.1,54.05,43.49,20.15,78.58,43.37,72.49,66.29,76.04,74.42,35.23,73.92,43.55,45.15,48.35,78.51,73.29,73.29,64.71,68.04,34.65,34.11,60.68,50.88,47.79,25.01,44.53,32.57,66.68,68.55,48.87,65.7,47.72,28.1,63.78,70.72,56.3,79.31,70.12,44.51,65.59,56.08,37.32,40.84,34.09,46.63,21.73
1784538548.0251167,69.63,43.85,46.44,49.99,73.48,21.77,76.25,33.18,69.61,66.54,21.5,26.39,22.65,69.32,50.06,49.95,26.31,28.64,55.33,33.37,56.97,53.36,32.52,26.03,35.22,23.12,20.48,66.85,45.67,49.64,41.21,56.31,21.41,62.92,47.22,23.67,38.05,70.61,45.78,71.91,53.37,70.41,31.88,51.01,31.27,63.09,42.51,49.57,30.22,22.38,24.7,55.03,65.12,74.61,66.52,67.24,51.32,43.52,40.2,79.3,47.14,53.8,57.41,75.93
1784538548.0353656,68.99,44.81,20.22,29.65,51.02,70.52,68.41,44.08,35.34,68.84,48.95,58.07,45.08,47.61,21.28,32.28,30.07,39.68,57.83,36.17,59.2,36.83,23.6,69.14,41.08,50.23,69.15,63.77,24.29,31.72,50.06,52.75,77.24,47.61,34.69,67.28,25.75,66.46,56.82,40.83,64.78,24.49,46.45,42.52,28.12,55.27,53.44,31.53,42.66,73.09,28.3,58.97,79.85,49.25,34.9,30.74,64.71,45.36,60.67,66.33,60.31,22.11,36.9,67.35
1784538548.0456192,60.36,35.26,28.73,66.6,47.35,34.54,67.88,29.34,46.23,45.13,24.48,27.59,74.07,76.65,28.54,22.8,36.1,36.09,63.45,38.59,40.3,39.51,63.4,73.8,64.41,60.66,41.47,73.87,64.85,41.56,20.78,42.54,56.7,78.29,47.56,55.7,52.77,50.22,31.5,21.61,58.74,20.15,71.72,53.31,23.54,38.61,60.65,50.92,48.98,44.72,26.97,75.79,41.81,34.73,75.61,63.81,33.74,27.98,48.58,29.55,21.44,52.62,35.26,21.24
1784538548.0558949,69.07,37.39,43.15,35.31,65.48,58.43,56.52,41.01,65.67,53.56,40.17,20.22,20.65,20.99,52.19,54.84,24.54,78.63,28.79,72.59,25.66,60.75,25.04,34.45,30.31,22.16,57.79,71.26,61.5,66.57,59.55,35.55,25.74,44.5,20.67,26.54,52.06,35.69,38.35,76.33,64.38,62.8,61.12,73.02,75.86,77.78,42.52,22.89,30.68,59.93,68.34,35.0,55.27,67.62,73.14,34.23,72.09,38.08,36.9,63.06,48.88,48.72,42.66,38.12
1784538548.0662174,72.56,23.72,25.92,21.03,36.26,41.63,59.3,59.87,72.41,20.66,44.59,78.45,78.9,38.36,47.53,48.04,66.43,46.93,62.85,41.62,53.34,69.01,27.42,46.55,50.74,43.29,29.41,26.46,40.67,39.69,64.65,75.14,69.0,49.52,70.06,67.18,74.62,38.12,21.25,71.6,46.78,27.89,67.65,47.42,57.35,62.98,35.71,58.4,20.31,34.13,37.07,72.5,35.6,48.73,48.0,70.45,62.19,32.33,58.58,22.76,45.0,47.62,44.75,28.66
1784538548.0765107,43.99,61.22,20.8,77.31,77.34,38.55,59.01,77.04,78.08,30.67,56.81,43.02,33.11,56.37,25.06,46.69,58.88,58.94,40.34,37.49,30.2,50.41,78.12,39.4,60.87,59.81,68.78,51.6,37.74,73.81,39.73,45.31,60.51,73.86,69.77,75.4,31.49,24.23,73.03,54.35,21.23,53.8,54.77,66.09,26.87,21.32,49.86,49.81,28.6,40.15,54.22,59.74,40.54,38.94,20.32,28.48,62.47,35.96,35.09,65.35,21.73,44.35,25.13,60.88
1784538548.086761,34.6,74.33,36.15,71.4,74.13,77.99,64.24,56.22,20.87,48.54,41.37,33.47,51.75,62.21,75.85,31.4,27.36,33.84,64.63,72.72,23.88,61.71,47.96,55.41,54.95,58.23,67.06,70.95,64.65,28.46,45.33,68.41,37.38,42.52,33.96,29.65,23.76,46.46,79.86,41.69,53.41,21.43,45.85,79.86,41.33,64.06,50.84,45.63,52.75,67.92,63.5,36.12,43.68,38.71,20.64,74.33,62.05,63.97,45.39,60.38,29.83,53.85,37.91,46.34
1784538548.0970297,29.09,59.04,34.95,51.58,33.28,32.84,62.44,70.05,52.65,31.64,71.61,38.42,37.1,71.73,72.13,46.17,74.14,26.26,21.31,51.38,30.95,24.87,57.26,22.03,50.15,71.24,32.5,22.31,20.6,40.98,55.12,24.53,62.88,25.81,30.18,64.78,57.04,64.64,66.5,58.33,75.93,28.92,55.44,54.59,59.53,52.38,75.86,67.09,73.08,45.28,39.05,68.5,23.41,43.68,31.77,50.21,57.24,70.91,26.47,74.16,65.65,36.49,49.93,64.19
1784538548.1073885,50.51,50.63,41.55,78.43,44.89,70.76,21.44,42.52,54.18,37.16,51.9,37.34,71.47,25.37,35.97,77.47,29.73,62.93,61.79,66.61,48.95,64.2,22.19,67.9,31.76,41.79,75.52,61.6,20.45,50.24,24.65,70.53,59.0,51.07,26.37,53.53,61.94,46.33,35.78,31.66,31.67,24.36,44.43,29.15,68.57,75.91,76.75,38.99,55.17,65.2,24.1,49.35,49.09,48.49,58.76,56.36,68.72,21.54,39.28,43.31,77.75,52.78,37.51,46.44
1784538548.1176698,32.81,73.86,36.43,68.03,31.93,73.68,66.39,74.77,21.84,35.13,30.56,73.45,22.64,44.24,48.42,51.85,42.25,44.92,71.08,23.8,47.78,59.56,61.99,37.11,43.78,44.22,26.4,49.81,53.26,39.28,32.31,47.55,53.2,39.88,42.15,25.81,41.97,40.86,58.85,55.14,64.66,59.73,57.75,65.84,34.87,32.87,63.71,61.78,59.39,75.62,44.14,52.49,33.91,70.12,28.79,61.13,59.34,26.49,70.23,78.84,23.02,63.54,20.97,30.3
1784538548.1278949,79.62,61.43,47.13,55.89,21.16,45.13,64.56,69.31,40.7,36.13,41.24,63.17,53.68,51.25,29.7,70.0,34.75,54.31,27.55,55.15,53.01,64.78,54.57,31.76,49.0,62.16,34.07,56.19,25.06,20.13,44.83,44.97,71.59,62.01,70.83,37.77,50.26,21.39,29.89,26.63,36.73,26.75,38.59,27.17,65.41,69.78,49.95,74.84,45.41,77.24,59.54,63.53,72.86,70.7,66.02,67.42,44.23,60.68,25.48,47.68,68.9,39.85,54.68,65.59
1784538548.1381302,29.77,62.17,55.73,28.13,62.48,55.89,62.07,32.95,26.17,51.04,69.33,69.5,53.05,31.98,23.09,50.72,77.63,55.63,51.69,33.22,74.43,38.22,26.8,60.42,51.54,38.65,48.48,20.82,38.96,79.64,58.26,42.47,31.37,30.43,40.39,54.3,43.08,67.64,69.07,47.51,60.24,54.86,56.5,44.09,70.7,39.75,48.08,56.41,53.93,30.53,35.67,72.66,29.92,74.57,51.45,44.98,72.18,49.68,20.73,41.94,65.84,48.56,32.09,36.15
1784538548.1483917,67.54,22.4,60.35,75.8,36.19,69.55,70.3,52.49,28.71,78.9,46.49,46.74,46.06,26.8,53.58,64.73,41.62,26.39,66.41,35.84,63.33,68.18,68.18,23.32,57.6,25.42,60.44,32.01,78.78,67.7,35.02,47.56,72.28,71.15,31.21,39.2,27.96,22.95,26.78,27.54,46.95,70.03,70.67,49.78,23.64,40.12,24.96,39.45,35.3,56.68,75.37,29.55,30.91,64.61,36.75,74.63,78.98,67.9,67.19,46.48,27.33,55.53,49.15,26.39
1784538548.1586418,55.0,38.86,77.56,44.47,72.62,41.09,63.64,77.27,45.67,64.19,57.66,55.99,56.39,59.21,33.49,42.44,31.19,35.06,74.71,58.04,31.49,49.51,67.88,38.46,51.53,57.14,23.77,54.02,46.19,22.08,73.67,37.13,36.47,79.55,42.03,22.75,77.03,70.41,62.72,26.66,47.99,27.0,53.14,51.51,57.05,28.49,63.91,50.26,31.3,56.74,29.3,74.89,22.25,75.86,53.5,54.95,47.47,66.29,38.58,66.94,53.1,61.47,32.17,61.32
1784538548.168897,40.14,69.33,32.94,56.23,67.87,20.74,75.71,20.7,79.61,71.0,53.44,32.71,30.03,47.57,33.55,73.94,58.98,65.41,74.15,28.42,79.34,34.72,66.12,25.35,39.66,55.53,21.97,50.83,55.37,75.54,63.95,32.02,23.94,73.9,60.71,65.98,60.49,65.42,27.9,47.98,30.35,58.96,43.01,55.12,68.02,45.25,39.58,46.47,29.89,40.21,27.78,22.64,27.67,56.26,63.01,69.5,65.26,42.6,50.94,78.75,65.86,39.67,33.01,30.46
1784538548.1791503,67.18,55.2,75.67,66.25,23.32,25.53,34.33,43.18,41.47,76.35,33.51,53.95,73.95,28.63,21.74,63.13,44.99,51.74,29.14,20.37,32.06,64.26,29.89,42.96,75.9,71.48,27.91,25.01,36.0,22.28,59.08,22.37,49.58,54.19,61.35,48.53,37.57,56.99,73.88,22.6,65.5,59.8,51.95,67.8,68.19,65.42,27.26,42.91,51.69,31.18,23.74,79.68,53.39,51.51,48.69,35.31,28.24,43.76,52.14,61.14,76.4,38.51,56.46,26.22
1784538548.1894174,47.34,38.91,68.54,45.05,43.41,78.25,29.83,74.91,46.6,73.37,35.25,25.58,52.66,40.39,79.98,43.37,62.01,22.7,51.69,68.45,28.41,62.62,51.18,22.79,63.67,76.73,38.22,53.41,67.09,57.25,55.27,74.85,58.92,41.57,37.8,33.35,73.14,52.49,62.6,55.8,41.31,45.97,38.87,77.19,70.45,37.72,72.83,52.65,63.19,50.21,30.99,41.87,27.85,42.88,45.21,43.97,28.83,75.18,57.96,29.75,46.85,43.4,72.52,75.07
1784538548.199688,72.23,42.94,53.45,55.01,38.54,38.42,55.97,75.63,77.85,53.64,33.49,37.36,74.25,63.46,41.52,65.85,63.84,65.84,28.29,60.97,71.14,40.55,52.16,60.47,26.14,25.68,29.66,75.66,31.39,42.06,23.7,46.59,20.1,73.48,48.19,79.04,54.92,43.03,41.86,61.54,51.36,28.7,73.41,27.23,27.05,78.82,64.81,21.45,71.73,57.3,56.71,25.31,66.13,30.4,76.83,45.55,55.71,62.37,78.28,78.79,72.76,72.45,70.42,44.71
1784538548.2099905,71.8,66.05,37.46,51.02,40.48,53.3,77.42,58.18,62.19,24.62,30.35,72.88,40.84,33.69,58.84,46.47,47.99,76.18,79.24,66.05,20.56,40.69,56.67,55.4,49.88,48.19,49.53,24.27,38.18,76.29,37.29,78.39,37.58,59.24,50.74,35.72,44.14,57.77,57.65,77.91,23.0,78.27,35.43,59.47,56.77,49.33,64.29,47.53,72.97,45.67,57.76,76.7,73.26,27.91,34.93,45.33,70.17,48.45,40.16,68.19,20.67,22.29,74.44,48.68
1784538548.220347,77.09,24.88,20.91,55.3,54.19,74.23,36.47,55.76,71.26,51.52,76.33,78.97,57.73,54.57,61.11,52.1,42.38,54.17,63.41,55.27,41.21,56.31,77.0,37.53,48.23,20.45,69.09,38.31,23.38,63.16,28.03,50.67,76.26,78.89,33.3,53.77,25.86,24.03,51.44,53.28,38.7,38.84,62.72,66.55,36.89,47.15,36.49,65.73,33.58,65.72,63.81,23.62,39.08,62.17,66.53,40.89,50.69,41.7,55.74,47.37,53.22,62.63,34.16,32.2
1784538548.2306046,36.12,52.5,60.78,54.54,41.11,77.62,76.45,74.83,59.54,27.78,37.73,43.61,65.87,75.73,43.51,56.1,74.04,49.47,54.25,66.07,76.96,34.89,54.19,29.82,47.1,37.14,45.36,40.79,65.76,25.16,38.43,44.68,57.31,76.22,65.08,22.96,33.43,68.72,35.43,45.34,40.99,51.16,25.06,66.22,29.81,29.31,23.9,77.28,73.94,69.86,34.67,68.74,53.57,53.02,71.05,34.05,71.9,65.24,26.92,66.66,49.16,53.84,59.07,68.54
1784538548.240877,55.24,21.6,41.99,31.29,42.75,70.93,48.11,60.48,50.88,55.38,55.24,24.7,56.79,72.25,22.83,62.3,69.1,56.61,26.48,65.17,22.18,27.42,24.65,42.34,62.7,57.82,45.1,30.1,77.22,56.7,62.2,60.24,59.21,42.79,78.64,45.24,55.46,68.63,63.17,23.91,62.59,72.75,55.92,53.42,49.06,57.57,74.64,34.65,53.82,22.52,48.43,22.77,42.95,66.85,58.58,55.3,44.24,34.04,65.08,55.99,25.68,38.45,31.97,49.7
1784538548.2511253,57.08,24.73,34.29,55.97,42.38,49.5,62.4,37.87,62.28,47.32,45.86,26.18,24.35,35.73,65.73,41.21,76.09,55.56,49.34,58.55,40.81,28.82,74.94,52.77,71.43,52.53,63.1,46.55,79.4,51.01,23.01,35.15,60.03,48.62,68.32,27.74,76.8,48.85,60.51,72.3,25.46,63.26,59.06,32.78,66.05,28.59,45.36,52.5,68.2,68.04,52.68,49.84,42.26,69.13,79.88,23.07,56.58,62.32,66.08,77.28,76.79,62.46,53.15,69.63
1784538548.2613761,49.1,31.11,53.57,36.35,37.78,60.55,49.3,72.4,60.73,50.31,47.58,49.76,28.01,56.74,72.58,51.38,51.24,33.34,68.95,65.48,49.84,20.09,45.08,69.68,65.59,79.14,52.56,79.98,44.76,23.55,20.15,25.81,38.39,74.63,49.83,20.12,32.78,55.59,77.47,26.92,70.41,36.17,20.24,35.86,70.52,62.99,67.01,42.63,38.52,39.11,52.15,24.62,68.39,55.86,24.36,39.74,35.4,29.36,54.01,45.55,41.19,64.72,39.85,70.46
1784538548.2717664,22.69,33.39,43.79,54.62,35.99,70.24,77.42,71.07,40.82,53.46,52.02,36.75,70.93,57.14,37.94,26.69,57.86,34.16,71.67,61.42,29.65,53.89,71.8,75.09,78.02,44.39,74.0,72.85,27.82,24.01,57.86,55.05,40.04,73.19,70.86,23.46,59.7,23.98,23.54,51.62,33.64,68.5,29.5,51.99,24.15,37.02,78.99,28.97,39.65,43.96,48.75,44.97,53.01,26.23,36.15,50.61,37.42,72.43,39.93,29.88,54.84,55.65,22.94,42.67
1784538548.2819958,64.56,36.4,59.17,53.81,31.81,29.7,55.62,44.34,74.49,43.07,30.86,48.03,78.95,38.53,67.6,62.09,21.29,49.0,29.09,58.52,27.71,73.15,53.45,41.41,47.51,33.84,37.87,61.26,76.63,31.8,52.98,51.05,68.5,61.0,42.67,44.39,66.94,43.2,62.61,43.21,50.08,47.02,23.64,66.49,41.4,67.33,25.11,44.86,49.65,75.19,43.78,71.21,24.73,56.5,49.32,68.19,44.18,43.11,58.96,46.57,62.32,72.96,25.38,79.11
1784538548.292305,50.12,21.73,29.99,47.43,69.92,57.78,50.5,65.65,56.96,54.22,60.64,37.54,43.68,64.65,66.33,51.68,69.13,26.09,21.44,22.89,52.48,67.05,38.49,61.01,41.58,31.47,27.85,73.94,68.93,51.15,32.96,75.69,31.61,30.25,46.61,35.27,20.44,54.71,32.03,74.07,52.33,58.68,65.44,57.35,34.06,77.5,54.18,26.15,59.68,33.42,41.52,51.09,53.3,45.58,22.43,64.33,27.95,64.44,64.48,28.63,47.38,69.53,75.93,74.74
1784538548.302565,26.04,29.64,57.76,21.0,45.69,43.57,50.23,47.69,71.59,35.97,33.27,31.69,70.84,21.71,77.12,40.2,57.04,38.02,64.91,41.63,31.56,75.17,69.48,42.44,50.45,22.51,28.08,65.11,75.4,44.07,76.89,48.96,55.56,46.06,63.61,36.7,30.71,57.42,48.38,29.86,24.35,62.23,36.55,79.57,36.49,76.51,54.35,50.52,32.98,65.41,22.09,63.85,24.22,54.6,70.65,30.66,36.31,49.15,67.41,66.47,38.88,73.31,30.74,67.74
1784538548.3128905,42.09,61.62,57.81,61.47,46.95,52.22,68.11,26.09,69.26,43.46,64.02,68.15,60.99,64.78,23.21,54.57,62.33,38.41,71.24,27.38,39.73,36.9,21.44,62.55,63.0,26.53,36.62,54.9,76.27,43.31,23.78,45.17,45.35,62.87,29.09,29.91,23.9,46.57,65.85,74.26,57.14,63.06,45.53,23.36,56.77,70.66,77.19,38.21,72.27,49.62,76.05,75.98,76.71,51.79,75.43,77.38,67.37,78.74,77.6,57.66,42.64,36.06,77.75,37.7
1784538548.3231556,31.63,78.4,41.31,51.31,60.93,72.32,60.54,69.99,28.26,76.35,62.38,29.37,64.8,26.15,75.85,45.47,27.75,57.67,55.01,51.89,58.22,63.12,61.35,43.74,35.04,40.41,27.51,38.04,51.71,46.53,22.82,44.16,73.29,25.02,37.13,44.12,35.11,64.14,76.09,31.95,47.38,49.26,46.56,25.11,35.95,73.3,70.93,78.52,56.44,21.21,56.65,42.95,26.71,54.56,31.86,58.92,32.74,52.96,59.45,37.67,21.98,65.48,48.58,77.63
1784538548.3334315,78.45,28.38,44.42,23.86,42.93,29.92,75.88,67.88,30.37,20.45,55.56,75.39,77.43,28.89,41.6,67.24,65.68,40.21,23.98,69.01,66.69,72.92,55.95,60.44,25.41,64.59,25.62,65.96,37.45,74.51,53.18,44.0,44.22,23.94,28.48,72.21,47.38,68.66,71.25,47.75,26.15,41.31,22.1,28.21,71.73,53.57,30.33,79.07,27.44,71.34,33.03,35.74,55.26,39.54,46.1,77.12,71.56,41.0,27.4,62.55,38.01,33.06,74.89,59.88
1784538548.3437104,78.57,26.48,45.29,57.04,57.45,21.3,37.51,66.44,33.85,24.74,28.09,74.38,69.58,59.28,55.08,58.94,63.53,64.54,50.98,51.98,66.67,76.25,55.19,44.84,31.78,61.73,74.39,29.78,69.36,27.26,42.27,67.25,36.04,61.34,68.98,50.56,57.99,25.69,37.77,59.51,42.07,77.15,51.03,31.34,65.19,41.07,53.32,53.17,42.72,31.04,63.63,71.72,49.12,35.75,31.97,52.15,39.18,23.73,78.79,69.71,59.93,22.07,22.1,41.52
1784538548.3539586,65.08,61.71,46.04,29.85,35.23,35.85,70.63,63.15,74.98,79.88,27.53,77.62,38.86,37.85,33.15,72.78,66.24,54.67,53.08,74.52,53.28,38.79,38.66,61.19,48.64,66.26,34.63,39.05,28.21,63.64,32.02,37.67,46.01,74.15,45.57,30.87,49.84,72.79,36.28,36.18,79.45,25.97,21.02,74.51,74.68,73.7,43.93,39.05,23.64,55.29,51.61,36.81,36.18,23.18,39.5,77.61,20.92,58.58,68.09,40.32,63.56,69.27,52.83,41.76
1784538548.3642151,40.71,69.5,21.22,36.27,24.07,78.87,32.55,43.75,63.43,26.53,79.44,63.82,66.08,68.69,68.26,40.75,62.8,46.73,32.69,71.53,48.61,52.59,22.99,53.26,72.81,32.03,63.78,63.46,47.49,29.59,21.49,25.54,54.84,27.74,51.43,52.2,68.45,38.65,38.38,20.23,60.88,24.74,38.59,75.35,71.4,53.18,66.65,60.48,62.55,24.31,44.05,66.27,25.95,40.36,50.08,65.46,60.02,53.82,42.7,24.41,39.28,50.46,70.06,47.41
1784538548.3744993,78.04,31.38,34.68,46.72,44.99,57.08,25.08,24.07,71.1,31.47,31.82,27.49,70.56,20.73,20.45,76.52,44.35,20.21,65.55,64.98,23.86,30.78,38.96,37.12,62.65,47.24,61.02,65.7,44.06,27.99,40.69,33.71,48.08,67.61,73.73,77.71,77.79,36.84,78.06,70.15,73.21,60.51,42.61,52.48,36.37,65.65,76.49,47.06,77.76,60.9,42.95,37.58,41.94,23.78,55.75,73.9,24.68,63.46,69.12,34.94,48.94,23.78,53.92,46.66
1784538548.3847365,24.27,80.0,75.88,28.24,32.61,24.1,58.9,65.48,23.53,22.01,42.1,42.32,67.94,58.44,74.54,60.76,45.63,57.32,51.83,51.25,69.38,65.21,41.03,50.95,42.74,27.08,50.09,27.7,32.18,30.97,73.88,37.46,30.41,75.79,51.56,28.72,41.75,63.11,45.21,61.75,58.24,28.16,26.89,39.18,67.34,27.01,39.02,55.92,20.84,70.73,54.09,59.54,79.72,35.11,24.72,31.98,55.36,41.33,51.43,49.12,43.26,42.99,33.88,47.83
1784538548.3950152,47.02,76.01,65.66,61.07,48.99,44.68,63.04,58.11,28.78,58.09,45.12,67.33,73.97,39.84,60.2,63.05,34.48,53.81,51.8,30.4,71.19,74.51,41.43,78.1,50.53,62.42,44.31,36.65,26.55,65.34,40.81,49.61,67.05,29.6,32.99,74.6,27.2,27.19,76.05,41.05,36.47,55.14,76.46,41.61,34.29,58.31,69.33,72.81,77.92,31.81,75.11,31.69,21.91,27.8,39.6,54.55,73.63,43.4,32.87,36.52,77.12,71.53,48.39,47.16
1784538548.4052925,36.63,32.93,36.55,25.3,34.8,55.62,70.96,54.58,40.02,32.75,43.0,45.8,38.27,63.9,53.6,42.33,66.23,68.03,60.16,57.76,42.86,74.03,62.33,22.79,55.73,62.04,45.72,41.93,23.22,42.39,44.46,26.62,35.7,32.62,29.12,65.21,24.32,36.6,69.76,41.85,24.42,33.21,67.25,64.42,75.29,32.58,67.51,40.09,58.54,70.33,27.7,38.73,53.04,38.87,62.57,23.15,51.47,64.22,38.25,27.56,70.49,61.69,48.11,28.19
1784538548.415566,70.42,44.56,54.49,34.61,66.54,60.63,46.94,36.7,30.18,39.36,35.52,72.98,68.98,23.06,61.27,48.38,58.22,63.54,70.31,64.3,66.92,46.16,67.04,78.76,45.91,34.14,26.36,26.57,38.59,54.87,44.56,30.36,20.84,31.07,43.3,40.34,57.5,21.51,72.07,30.25,37.99,20.01,28.75,63.24,26.09,28.21,44.15,29.34,60.97,71.5,22.93,56.19,26.32,67.85,34.22,31.75,66.46,30.24,38.92,56.46,59.89,40.97,32.6,62.2
1784538548.4258118,27.87,53.06,73.14,49.73,34.87,39.51,56.55,57.73,32.76,77.11,21.01,52.59,21.6,30.67,63.49,21.87,50.82,30.01,58.27,28.96,34.12,49.0,65.08,57.05,41.73,62.68,33.43,46.37,29.81,20.09,24.77,55.53,49.77,40.76,68.53,33.01,73.18,32.84,64.96,75.55,54.11,46.05,66.22,35.47,43.24,72.46,23.44,71.1,68.89,34.47,30.78,77.13,43.05,41.33,29.73,44.58,53.41,32.61,62.45,31.54,22.37,59.62,45.4,37.52
1784538548.4360845,76.97,51.14,57.98,39.76,28.43,49.55,46.2,58.91,46.09,22.53,79.65,68.45,73.53,55.71,68.14,20.05,67.12,48.79,58.03,52.24,79.27,73.2,39.33,32.18,59.75,60.17,48.39,70.78,24.45,52.81,76.24,37.14,24.13,48.97,22.71,57.47,65.5,48.35,55.8,35.13,64.89,76.95,72.96,33.53,60.26,74.55,55.0,36.75,65.63,27.28,29.22,28.89,22.71,76.69,47.22,69.71,63.44,68.69,39.05,60.27,21.3,59.66,57.3,56.58
1784538548.4463527,71.37,74.44,70.85,41.74,45.42,24.13,64.5,29.7,61.46,62.31,33.48,32.68,60.33,25.3,66.66,48.19,54.82,24.73,26.71,60.9,68.11,43.03,33.59,79.35,26.42,58.93,48.93,72.62,26.01,22.74,61.55,73.99,21.3,57.68,34.36,70.89,40.99,76.23,53.74,41.84,61.04,48.6,46.03,72.76,26.86,29.68,25.44,66.97,44.51,66.79,48.86,22.2,27.25,35.68,21.18,39.97,43.04,62.47,79.59,46.3,31.38,71.39,73.54,29.02
1784538548.456619,20.71,42.82,56.83,65.16,65.12,21.63,71.58,44.96,50.77,45.33,42.8,30.54,75.38,51.09,51.16,45.46,41.63,60.67,22.81,61.82,57.16,38.8,36.58,42.38,78.95,40.75,31.66,75.07,30.86,29.89,43.6,26.7,62.34,70.68,69.84,48.25,24.9,75.67,41.81,43.06,38.52,74.95,78.22,79.02,49.73,28.36,40.37,61.18,43.69,54.78,79.39,29.19,22.88,37.06,39.51,70.63,42.17,63.41,68.2,28.62,63.31,42.36,57.86,41.98
1784538548.4668963,57.51,32.55,53.14,25.76,48.79,60.76,26.38,77.99,21.14,48.84,71.94,72.07,23.16,32.44,53.22,32.34,60.21,37.62,21.55,33.13,67.66,57.88,37.51,26.71,55.98,34.01,26.96,59.33,28.41,62.97,34.18,39.74,55.15,45.85,73.15,79.54,36.67,70.83,79.49,79.73,20.42,62.17,25.71,31.18,30.99,46.77,78.46,58.67,31.08,51.04,32.02,38.07,62.26,24.92,67.36,47.49,26.58,76.26,26.86,77.96,41.36,57.53,79.58,68.13
1784538548.4772077,20.1,44.6,77.39,42.24,67.73,79.52,22.99,38.64,40.41,55.18,23.09,34.99,28.71,54.18,23.46,20.77,71.7,20.16,53.3,36.62,62.21,55.25,23.79,79.56,46.92,63.07,38.52,49.85,56.49,67.3,29.58,28.55,27.96,21.59,71.42,47.93,68.5,61.43,37.01,32.75,53.06,75.65,60.39,20.96,62.17,58.66,29.48,32.08,78.11,40.91,25.96,51.21,72.02,79.05,73.72,72.55,60.93,74.3,51.79,51.09,44.64,37.05,72.58,66.32
1784538548.4874768,63.04,66.98,75.85,35.83,45.46,65.26,59.11,57.83,57.13,50.8,74.87,21.04,29.04,50.88,26.72,53.57,74.49,38.66,66.79,20.39,26.93,52.08,64.38,69.72,36.55,40.71,70.35,56.95,62.24,22.68,34.36,66.56,30.74,49.7,25.19,58.19,46.48,22.17,32.2,21.16,37.66,59.76,43.59,31.27,62.94,46.62,63.84,74.81,67.82,42.13,37.27,74.15,62.1,78.46,76.63,39.17,76.07,37.1,31.35,22.11,21.58,44.95,38.77,46.95
1784538548.4977992,45.22,23.61,54.09,21.96,62.47,67.39,53.6,49.11,63.5,51.9,23.51,25.6,49.61,77.96,61.47,57.72,77.42,21.75,36.53,31.3,54.58,43.27,62.41,66.54,45.49,63.09,35.1,79.57,23.17,65.94,47.23,36.41,27.84,55.29,35.53,25.74,45.03,44.62,58.74,37.87,43.45,75.28,51.84,26.94,75.83,20.34,61.03,69.14,22.45,71.77,22.17,44.24,57.77,67.35,25.21,33.86,28.92,27.31,74.38,65.87,54.73,37.12,30.24,65.19
1784538548.5080445,43.22,79.49,47.35,41.7,60.89,31.62,41.42,75.08,56.54,41.63,42.92,69.84,35.59,35.29,57.34,65.22,50.56,51.45,36.88,29.37,29.05,71.97,45.9,54.53,50.96,20.93,48.28,58.35,21.46,39.47,67.04,33.43,22.7,63.09,55.04,70.17,25.02,21.51,76.37,69.88,37.97,25.04,53.24,34.62,42.05,50.51,23.19,72.41,45.25,29.85,42.48,40.7,74.02,50.02,41.71,63.43,23.69,68.96,70.99,27.52,54.13,41.81,78.28,56.33
1784538548.518331,66.45,59.38,48.9,72.03,49.44,40.78,27.55,61.1,44.38,56.5,58.21,68.29,77.15,75.71,28.86,78.67,77.64,51.6,60.3,77.54,65.47,22.51,62.6,46.47,49.34,35.42,67.39,30.15,35.52,59.31,61.31,72.16,47.09,68.52,40.98,36.44,72.47,75.34,69.47,63.24,59.8,37.02,65.51,67.25,46.09,67.76,32.07,26.01,43.4,63.72,41.81,70.04,49.69,28.92,27.96,30.98,74.94,58.58,71.41,29.08,67.91,62.55,56.78,28.55
1784538548.5285792,30.88,45.07,61.12,55.21,64.92,56.53,42.1,64.94,25.43,56.74,61.98,52.88,22.96,38.76,77.86,20.45,50.05,56.74,78.12,41.03,75.34,22.58,58.81,22.15,20.48,24.31,36.21,54.83,20.54,30.58,61.26,53.92,28.49,48.85,45.75,68.78,54.36,28.83,73.55,25.84,35.13,34.39,29.88,39.44,55.9,37.53,38.85,34.13,32.35,41.32,67.22,22.22,40.99,45.46,55.33,29.73,73.79,28.63,38.64,35.83,41.92,35.23,32.12,44.04
1784538548.5388448,35.57,76.64,36.41,26.18,27.35,58.32,64.27,33.18,75.86,51.66,29.76,53.19,31.39,38.33,79.06,25.42,39.48,29.27,78.24,49.43,61.46,63.05,75.07,44.68,79.72,26.35,62.32,64.58,79.96,74.48,35.11,30.6,49.19,21.63,24.04,60.58,67.63,57.64,57.11,78.87,63.12,77.44,24.22,74.79,72.4,44.3,34.08,20.07,66.65,63.53,31.0,45.99,49.47,51.7,32.75,78.57,65.31,58.58,76.97,71.87,50.93,44.04,51.5,23.58
1784538548.5491095,43.52,40.76,60.01,72.93,66.03,75.64,20.63,48.85,47.22,73.43,63.62,32.5,63.73,69.47,63.08,59.99,49.8,52.93,32.7,22.69,70.46,70.84,64.12,39.66,57.97,56.07,46.53,71.26,24.71,26.13,67.35,62.71,22.84,22.28,43.82,31.18,32.5,25.31,27.27,76.29,70.25,72.26,20.58,71.47,63.02,54.53,66.77,24.3,37.92,71.7,61.67,23.1,78.72,28.01,71.96,22.13,30.71,42.66,21.49,35.75,56.26,75.92,24.07,29.47
1784538548.559379,46.54,45.0,48.61,33.62,48.11,76.7,79.55,50.76,34.29,69.43,75.5,28.95,54.91,29.7,66.98,52.29,43.79,37.78,71.03,22.96,63.36,31.94,31.9,69.88,52.85,46.09,73.81,57.62,70.53,20.59,24.0,73.74,75.57,47.46,41.47,69.02,26.53,76.98,37.93,25.9,24.8,65.37,37.6,76.91,45.41,66.7,29.22,41.11,21.76,75.29,53.99,59.98,57.71,42.25,30.88,56.56,21.92,22.24,53.54,20.03,67.57,32.54,70.13,45.02
1784538548.5696747,45.93,74.84,41.67,24.33,66.02,57.69,56.16,34.39,26.1,25.76,32.48,65.48,41.32,48.32,73.18,79.31,58.98,78.16,51.03,39.59,71.58,66.67,73.43,23.25,51.0,39.02,26.06,66.63,30.29,64.96,27.67,66.07,47.68,44.84,63.09,68.61,69.14,75.36,73.86,43.89,79.04,74.34,34.81,55.97,37.58,61.15,22.71,73.2,36.42,40.63,22.13,49.2,48.3,64.82,51.38,49.26,26.37,50.47,31.84,26.25,35.07,45.31,67.84,42.11
1784538548.5799909,47.98,32.64,30.95,74.61,68.28,34.4,55.52,64.09,35.44,73.39,31.46,28.72,64.68,31.95,31.4,28.46,60.42,25.01,50.73,75.15,76.45,26.48,70.58,35.06,40.47,50.43,67.56,59.84,78.2,61.79,37.41,39.9,43.13,73.47,54.06,77.95,25.69,75.38,64.44,39.83,33.67,34.29,45.65,72.67,25.21,21.8,78.39,66.41,24.3,65.17,75.42,74.29,70.88,74.76,21.13,78.93,36.45,21.87,49.63,44.1,61.02,32.33,55.83,34.11
1784538548.5902662,67.99,79.42,38.31,27.35,20.22,73.15,61.81,21.46,46.84,66.89,63.97,67.03,67.99,73.06,77.32,65.93,35.36,45.74,47.63,42.25,75.95,72.73,32.34,20.86,72.7,42.26,25.84,21.16,79.6,24.4,63.99,28.42,28.51,22.3,73.42,46.97,57.14,24.68,50.99,45.04,49.55,60.38,38.53,44.18,31.68,40.41,63.04,68.96,76.42,63.73,28.69,50.39,34.12,67.02,20.13,54.91,78.81,49.05,74.74,27.47,38.08,43.74,52.27,75.31
1784538548.600526,51.99,61.95,38.05,45.69,22.29,64.77,76.73,74.74,79.82,52.46,66.86,52.46,45.71,60.53,66.58,62.79,29.32,34.48,48.62,28.68,66.15,38.46,62.11,32.12,23.53,68.17,41.34,31.02,64.59,42.94,40.1,29.69,61.0,32.81,34.09,26.55,76.73,50.45,69.2,67.28,78.74,72.98,77.62,35.17,43.67,71.25,58.85,45.53,39.39,38.03,79.77,68.25,20.54,66.19,20.53,27.49,62.69,57.86,69.63,44.9,56.78,39.42,30.06,65.93
1784538548.6108172,24.75,63.87,55.15,57.78,20.09,35.01,50.96,21.74,21.33,40.84,45.29,39.3,73.16,59.44,26.66,64.02,48.68,74.78,49.03,39.68,23.35,65.54,29.92,31.45,74.72,66.51,24.45,68.01,37.14,75.86,37.32,76.62,65.25,24.19,54.49,68.96,74.44,63.24,75.03,70.95,67.82,24.08,46.21,76.04,33.51,34.1,63.77,51.87,20.1,26.65,25.23,41.33,52.87,73.12,26.42,35.71,66.41,40.63,64.47,64.9,44.09,53.82,55.35,42.37
1784538548.6210535,57.85,57.26,44.88,78.31,55.86,30.84,39.05,43.01,44.49,35.57,39.98,31.25,70.62,59.68,46.45,75.28,22.12,37.09,38.13,42.81,65.71,71.06,46.39,65.43,34.72,77.41,38.87,70.74,30.35,32.44,20.09,22.16,59.12,67.25,37.8,65.16,53.16,68.82,63.0,77.79,30.28,32.87,38.76,70.34,40.57,71.35,32.69,41.05,32.68,22.83,60.59,38.89,62.32,62.28,51.27,37.6,43.47,31.39,36.78,53.79,44.49,25.19,23.85,76.97
1784538548.631412,20.01,52.82,78.14,21.86,46.35,66.54,25.35,76.96,63.12,29.56,38.51,66.65,22.22,42.86,66.01,78.99,65.86,55.21,36.82,64.43,28.58,67.21,65.24,25.97,65.88,61.05,77.62,47.12,43.16,49.44,36.23,76.63,78.17,63.06,30.07,22.69,48.43,39.07,37.27,67.61,79.08,72.94,39.86,49.11,47.76,40.09,32.04,73.37,73.36,40.06,71.34,78.91,51.03,77.13,60.67,74.47,32.21,33.78,34.05,27.21,56.1,27.51,39.59,46.05
1784538548.6416395,62.93,61.42,71.3,52.24,38.92,50.81,59.62,48.89,70.43,36.37,23.83,40.41,42.9,46.02,39.96,78.71,48.68,33.47,56.2,70.68,76.03,79.22,40.43,23.67,24.45,24.83,39.98,43.05,23.0,39.53,78.56,45.39,70.15,46.32,25.61,51.84,50.79,47.63,78.17,30.34,56.6,70.91,71.23,68.39,65.95,23.15,62.91,47.72,30.11,29.68,20.4,77.12,33.78,62.73,26.05,32.26,57.23,61.94,21.85,58.07,65.89,61.12,36.72,24.13
1784538548.6519065,55.54,21.59,44.1,65.97,24.14,62.23,67.37,76.64,41.64,41.02,48.57,23.49,31.01,26.7,74.97,23.33,38.31,46.67,65.21,48.3,30.46,41.07,32.02,79.03,46.32,27.93,50.13,38.16,26.36,77.69,70.01,49.03,27.86,66.39,51.86,33.49,55.93,41.02,52.56,41.54,24.24,72.18,31.67,54.12,43.17,36.48,52.59,39.05,61.52,66.7,60.66,64.56,55.1,22.29,42.24,47.21,28.1,49.67,48.36,67.35,56.38,53.75,62.36,34.82
1784538548.6621823,41.34,23.05,72.19,27.93,62.23,21.69,52.48,52.6,65.93,57.66,42.02,75.11,61.99,23.33,71.37,24.0,70.42,53.13,20.17,48.31,77.52,42.67,51.08,58.12,67.34,43.65,62.68,21.09,47.8,79.93,69.88,39.25,70.52,36.85,73.53,31.83,27.87,40.18,61.77,53.54,38.14,25.36,24.32,33.58,25.68,67.96,32.09,22.65,54.79,36.41,44.03,32.79,77.8,61.52,23.01,41.66,70.67,67.7,66.12,30.96,42.65,21.86,26.71,66.85
1784538548.6724615,67.75,41.3,25.16,68.75,73.48,22.8,39.37,63.54,71.25,59.16,28.27,77.93,52.29,67.9,47.02,26.4,76.21,75.27,46.74,71.33,34.96,67.79,47.42,40.62,45.11,33.65,28.17,72.18,67.98,76.97,22.16,59.46,65.2,36.97,64.79,33.6,32.05,26.89,40.71,54.82,45.67,65.41,74.97,36.53,45.56,29.53,32.06,58.39,41.61,38.16,58.47,50.02,50.91,49.56,69.75,71.71,79.18,38.73,43.67,69.49,59.88,27.43,73.16,44.55
1784538548.6827996,64.68,34.9,40.98,75.58,55.94,45.57,25.24,75.0,77.72,74.14,52.79,44.35,43.42,29.24,62.25,55.15,77.49,41.16,46.71,34.07,44.85,28.21,55.44,47.34,50.13,76.72,58.9,50.21,40.23,58.99,32.83,79.7,46.84,50.67,49.63,78.64,48.09,57.16,35.02,29.89,45.17,52.8,75.5,36.58,56.5,47.53,41.12,55.91,70.67,54.0,29.4,52.17,77.24,66.75,39.62,53.97,58.36,30.43,61.28,71.62,22.36,33.78,24.87,58.87
1784538548.6930494,74.21,44.65,37.39,54.42,65.37,56.97,23.37,67.13,25.71,53.64,57.93,63.94,40.95,73.32,27.03,28.56,33.91,77.99,32.76,70.71,32.84,34.48,71.07,47.83,27.62,25.41,77.14,41.77,77.1,67.84,47.09,72.52,57.39,68.2,29.2,50.23,73.05,69.45,78.95,71.3,52.81,52.65,70.74,21.49,73.61,22.04,25.17,45.48,72.52,56.13,25.37,66.58,72.61,51.98,47.45,29.43,21.52,79.92,77.05,35.31,55.67,51.07,22.47,22.8
1784538548.7033544,48.54,74.6,66.6,56.81,24.69,36.28,52.26,74.25,29.22,37.0,54.41,51.83,25.91,31.88,51.65,28.67,35.23,76.56,65.46,67.6,44.21,66.55,56.5,77.74,51.29,56.54,24.41,47.3,62.79,33.72,33.14,56.87,43.06,59.02,62.89,30.39,41.89,22.81,63.44,67.19,31.24,77.29,62.61,26.31,66.39,33.74,68.14,74.83,73.95,41.58,32.39,37.72,67.41,49.33,56.03,44.4,32.82,76.22,52.76,75.7,59.82,31.02,77.41,31.48
1784538548.7136176,48.64,68.17,24.15,21.26,49.45,60.17,79.4,48.16,75.61,49.46,63.58,36.31,58.17,51.22,43.28,71.99,40.04,67.79,54.64,37.94,58.24,29.39,23.86,78.54,33.2,30.47,34.63,68.52,33.38,61.57,44.87,30.2,52.75,62.25,74.21,44.31,78.98,79.1,74.54,35.94,69.75,42.5,68.68,62.44,57.9,65.6,43.16,47.1,61.56,71.98,58.98,29.06,52.34,65.7,51.98,21.33,53.74,70.72,36.05,56.06,69.84,53.88,22.99,69.56
1784538548.723979,68.72,58.75,63.14,24.25,31.43,58.04,59.84,73.7,49.4,66.28,20.35,59.78,56.23,46.51,73.64,26.03,30.38,63.11,22.04,61.06,67.73,59.02,72.71,46.04,56.79,30.5,33.15,51.7,76.53,75.17,71.53,34.78,65.82,46.28,22.32,78.59,67.48,32.95,43.52,28.15,78.19,52.14,67.83,25.91,77.06,47.35,50.17,23.15,74.5,32.14,24.0,39.62,61.1,64.12,50.81,67.82,35.74,48.6,46.74,35.7,51.7,32.96,30.04,39.6
1784538548.734413,36.48,65.44,57.63,60.68,62.62,30.45,33.02,23.81,38.35,43.0,61.13,61.47,32.61,78.23,61.13,69.46,76.97,42.78,45.53,63.76,60.29,50.65,48.28,73.74,25.78,63.41,43.45,41.67,31.72,54.65,75.92,46.12,37.05,63.28,63.16,21.35,22.88,73.97,44.27,21.87,61.64,49.01,73.01,55.23,37.14,54.7,78.45,29.42,29.5,22.33,62.01,22.42,35.57,27.02,64.31,61.04,33.79,41.64,61.57,31.38,28.38,41.33,64.53,30.28
1784538548.7447195,75.36,55.13,70.49,55.72,39.72,20.99,34.96,23.86,25.85,29.32,29.07,51.44,45.52,31.54,70.3,29.94,21.21,33.98,64.95,45.15,76.91,54.02,29.34,39.86,41.49,70.37,60.28,27.49,68.82,47.05,33.86,77.55,49.79,49.85,26.42,79.83,42.4,62.0,27.09,60.97,68.22,72.49,25.43,32.74,41.48,61.68,77.5,44.38,52.88,61.47,20.66,26.74,39.55,54.49,64.29,39.49,72.89,38.51,45.76,79.84,65.81,61.49,24.06,33.53
1784538548.7550263,76.47,47.1,28.86,21.75,70.96,20.55,27.4,70.91,29.58,72.8,61.31,54.13,58.31,60.3,68.27,31.87,52.64,45.86,63.16,74.03,27.53,49.82,79.75,63.85,26.71,77.09,64.11,52.32,36.05,53.55,78.82,23.25,46.22,39.95,57.24,42.58,78.09,33.3,22.71,42.85,25.22,75.32,59.49,78.23,79.54,66.57,69.51,44.46,59.71,74.81,37.64,78.08,70.08,33.77,32.67,33.18,37.78,79.65,26.42,47.3,63.0,42.22,60.67,70.06
1784538548.7653153,39.62,72.49,63.76,66.95,76.64,46.89,61.74,68.96,79.95,24.19,79.53,47.75,48.68,23.75,60.37,52.41,68.88,41.65,65.78,73.68,62.82,76.77,25.83,68.1,77.62,26.72,45.54,32.54,77.13,78.68,58.71,38.68,37.24,33.58,36.22,68.42,40.14,69.08,49.37,46.08,60.34,72.14,43.3,27.85,76.69,27.33,57.03,46.82,62.38,20.97,38.36,62.49,49.77,35.18,79.65,64.39,36.61,56.5,34.02,74.79,42.03,30.2,29.51,24.41
1784538548.7756035,60.63,68.97,49.32,26.0,50.96,54.0,35.23,59.23,25.7,30.55,30.81,39.6,24.4,68.89,29.46,63.18,47.89,41.47,61.7,73.83,59.07,39.91,31.41,51.34,64.02,42.49,71.78,31.68,71.66,60.34,46.36,67.16,59.44,71.05,71.03,29.98,67.55,32.11,23.49,79.34,76.39,76.86,75.58,70.03,57.11,66.27,57.19,60.35,65.21,28.71,32.37,72.35,63.91,39.45,39.25,73.26,57.78,33.51,66.9,47.46,52.06,57.3,70.87,68.52
1784538548.7858686,78.04,23.58,37.96,65.73,62.7,49.37,78.42,26.2,71.67,66.6,41.4,48.7,67.38,40.44,29.18,60.21,20.6,69.14,44.06,51.12,67.42,23.59,76.03,25.59,59.06,24.18,41.82,30.55,40.74,30.58,58.91,59.87,47.66,67.1,40.97,64.12,22.05,74.0,55.69,22.15,44.83,23.12,22.74,72.4,49.02,20.01,28.72,26.97,48.72,50.19,79.44,40.87,77.04,63.43,40.67,46.94,29.33,25.0,71.98,35.37,22.1,21.33,47.19,61.69
1784538548.7962043,71.23,37.59,55.09,73.61,39.65,61.78,53.28,64.37,23.92,23.33,73.28,30.12,41.56,48.06,23.73,55.44,25.83,39.14,69.7,71.61,47.83,57.86,59.21,57.06,46.99,24.21,28.08,40.72,26.85,72.24,35.74,73.24,63.99,22.34,60.0,26.61,48.88,66.37,68.58,46.53,75.16,65.41,40.17,53.97,42.78,77.05,26.32,35.99,34.27,64.05,56.36,34.77,47.92,55.21,78.6,55.77,48.6,77.18,22.6,31.45,38.37,64.67,43.02,21.19
1784538548.806469,63.45,60.42,23.91,38.25,39.0,48.12,32.94,33.97,21.06,59.45,51.27,37.58,25.44,76.85,64.03,59.58,47.31,42.62,64.3,47.34,28.39,61.91,52.07,43.18,38.97,33.71,32.45,36.7,35.99,60.0,68.68,79.07,79.19,22.9,56.15,46.51,50.5,73.09,72.35,77.1,39.15,78.63,57.06,66.01,77.6,60.51,20.81,20.41,72.06,63.41,21.9,44.51,75.9,69.18,78.31,40.62,34.61,55.35,52.91,32.18,23.81,47.67,36.46,73.92
1784538548.8167255,53.46,50.96,23.3,56.35,26.75,69.19,52.45,39.08,39.88,34.61,22.3,74.69,55.91,52.49,32.57,37.81,68.52,33.8,22.15,76.98,26.78,39.89,41.2,58.33,77.73,52.04,38.46,26.26,67.56,58.76,64.94,64.76,73.43,53.28,48.38,46.15,53.06,73.54,21.13,23.86,70.46,76.64,77.11,54.94,56.74,78.04,68.79,20.66,23.33,46.14,27.89,49.31,43.14,54.42,61.08,44.41,43.15,68.74,78.56,27.63,35.0,69.03,54.37,74.6
1784538548.8269515,34.15,41.54,78.04,49.38,39.8,26.81,42.59,78.71,72.96,65.09,45.44,75.84,57.63,30.25,44.73,21.92,46.14,77.51,29.89,41.9,49.78,73.49,28.88,79.47,74.19,65.68,39.1,45.4,38.66,20.43,66.86,51.05,33.83,46.79,67.31,34.95,73.53,54.97,35.14,72.04,38.32,59.1,71.23,27.78,79.75,25.65,51.43,65.61,20.73,55.68,22.13,69.4,79.84,47.21,28.07,77.18,70.36,61.08,63.6,36.91,34.28,44.93,74.38,21.49
1784538548.8372552,49.5,21.29,45.41,25.21,66.7,32.69,59.04,55.82,20.82,53.36,67.34,39.06,21.04,46.75,69.66,21.76,55.38,44.64,64.98,49.05,45.85,46.7,34.13,37.09,47.55,26.82,79.97,35.89,58.17,62.35,57.65,61.48,77.26,42.92,46.09,32.41,71.68,54.62,37.34,46.25,71.25,22.16,49.31,34.89,22.07,72.06,37.37,31.44,59.36,21.21,37.23,64.5,55.88,21.77,63.97,78.8,41.91,35.58,78.78,64.61,28.16,78.28,26.71,64.57
1784538548.8475773,38.78,41.25,71.53,76.38,78.48,33.89,67.63,76.01,32.6,47.46,62.8,78.45,56.06,25.43,68.2,44.28,55.79,76.39,41.36,60.81,70.59,61.44,20.32,55.98,37.7,54.51,52.39,51.95,50.67,74.93,25.76,30.22,65.18,49.45,77.42,41.05,76.98,53.73,61.59,67.14,45.95,53.47,55.53,43.23,39.62,52.55,62.21,69.42,74.53,67.32,40.07,28.58,60.63,44.23,50.22,31.7,58.62,25.62,40.26,32.7,48.37,30.82,40.18,70.53
1784538548.8578663,27.2,66.67,68.32,33.52,37.99,64.44,53.06,59.31,35.18,31.6,45.37,66.15,42.53,79.75,32.43,28.79,20.55,62.72,28.88,31.95,69.7,52.49,61.08,37.62,79.81,53.76,34.17,66.0,62.81,54.23,48.22,34.62,63.36,24.28,34.22,59.11,36.21,64.45,72.18,37.04,45.24,77.45,32.53,21.98,52.83,55.17,67.5,42.47,69.19,52.28,56.77,33.91,57.89,40.07,47.77,65.62,47.17,61.65,63.04,58.74,29.24,32.45,29.96,57.69
1784538548.8681395,47.3,27.53,31.94,61.79,50.17,80.0,56.05,67.65,30.94,52.4,46.67,28.74,47.71,65.14,29.24,56.17,26.66,65.49,30.14,36.2,38.74,76.89,41.64,58.86,43.58,23.11,35.53,53.13,73.54,53.18,65.09,66.22,73.86,65.05,22.31,26.45,25.23,60.84,56.64,58.14,55.27,57.49,77.76,76.21,21.28,20.67,28.46,74.53,29.04,79.74,72.38,29.04,32.27,67.74,51.53,72.79,45.02,77.92,31.33,25.71,33.23,59.49,73.73,27.29
1784538548.878449,43.81,47.0,47.57,52.35,54.87,55.95,79.45,76.8,77.27,73.83,72.36,42.3,58.32,65.01,75.79,64.83,47.04,50.54,62.44,44.28,79.48,57.36,79.01,26.05,41.04,69.88,22.19,32.58,68.17,62.69,44.5,61.11,73.27,58.13,21.17,43.17,59.17,43.97,71.54,26.15,43.56,46.93,40.47,70.46,71.31,46.67,60.79,68.64,67.71,77.53,24.3,75.39,34.43,28.7,53.61,50.05,46.96,69.62,55.43,42.84,75.94,63.59,22.41,64.69
1784538548.8887396,37.28,28.96,56.73,36.8,71.9,61.35,65.82,72.51,43.72,23.19,60.1,28.71,72.75,73.07,29.13,61.79,50.19,69.07,76.76,36.43,65.09,68.24,51.1,20.66,67.72,24.47,66.62,34.69,46.42,74.52,69.19,37.8,63.51,68.51,22.59,77.59,67.77,39.57,54.97,56.32,42.24,29.76,23.09,55.19,44.12,34.67,28.31,41.32,34.57,31.94,33.2,68.73,25.01,21.0,78.64,50.27,76.04,50.83,33.62,63.71,51.7,49.7,36.58,40.67
1784538548.898971,68.48,78.92,42.94,40.12,67.14,48.8,56.76,65.26,45.88,65.57,41.31,66.0,55.93,65.6,36.63,53.86,66.92,57.02,53.84,40.15,35.39,35.25,35.63,58.26,73.56,41.84,49.29,22.78,33.88,47.2,56.49,60.97,50.11,39.71,40.9,71.44,77.68,42.84,69.52,36.9,23.67,33.83,23.6,68.52,41.62,60.84,50.15,36.97,33.91,59.34,72.72,79.24,21.96,55.73,66.65,49.11,35.04,35.37,20.74,77.27,77.34,66.81,50.05,79.4
1784538548.9092615,62.46,73.41,76.49,50.47,46.53,56.64,25.14,46.11,67.14,55.95,52.8,63.94,34.89,39.0,77.5,27.02,41.45,52.2,61.55,29.52,31.49,49.79,24.22,35.99,60.86,38.33,64.47,24.81,35.75,41.3,45.84,39.17,38.51,24.02,77.42,36.41,72.25,62.51,41.78,61.74,62.54,53.7,71.32,57.95,63.16,55.5,55.51,34.04,53.72,23.38,57.69,74.91,40.11,24.3,40.8,29.25,78.1,33.57,51.0,38.28,69.34,40.98,75.81,24.01
1784538548.9195182,48.34,67.09,59.4,64.61,68.78,54.01,67.42,46.55,25.16,52.02,29.52,73.06,37.85,27.34,52.94,52.91,71.68,72.98,68.57,51.61,53.31,62.85,54.82,34.88,45.43,77.9,68.18,35.57,49.78,66.82,73.49,55.81,27.47,49.55,68.21,55.5,51.3,48.19,74.08,77.42,21.68,56.54,50.29,52.63,39.03,47.64,60.75,57.14,53.42,21.42,56.56,37.96,53.38,22.52,61.04,36.74,28.91,49.41,53.65,46.68,57.71,69.67,36.2,43.48
1784538548.929747,60.83,43.14,48.85,24.84,76.14,49.29,50.1,37.42,60.9,20.29,49.28,59.62,28.22,54.85,72.23,52.33,72.76,44.41,52.5,75.92,31.49,50.23,59.22,40.06,26.66,73.48,30.49,77.59,68.68,77.34,77.28,76.21,43.0,64.25,38.09,49.68,52.57,20.79,68.87,74.79,33.46,71.54,57.39,57.54,27.73,46.78,60.6,76.44,45.73,58.07,22.3,58.25,24.44,59.36,26.34,26.93,39.65,31.83,55.27,67.1,57.51,33.43,41.64,45.13
1784538548.940017,40.12,31.2,21.21,67.1,52.08,55.39,66.24,22.9,42.97,75.08,33.64,53.1,38.18,72.03,57.65,43.59,27.71,26.15,49.32,26.52,54.03,74.3,34.82,53.71,70.48,36.37,63.31,71.09,26.1,39.11,46.28,78.66,47.57,43.41,31.56,35.92,21.64,79.83,58.51,20.27,26.88,51.88,48.91,65.33,77.43,63.18,62.67,30.87,38.95,24.66,67.73,50.01,56.78,60.72,62.31,61.95,63.16,77.12,76.66,57.18,21.32,42.88,39.71,39.13
1784538548.9503515,62.16,40.43,32.44,66.21,62.59,62.45,36.67,50.98,28.51,66.94,74.52,44.07,48.56,26.59,41.73,50.08,59.46,34.02,70.63,64.8,47.77,27.74,64.95,45.81,42.72,59.56,41.35,44.75,21.93,39.33,54.76,24.61,23.24,35.0,31.55,22.16,27.44,49.68,69.01,43.19,34.07,45.98,23.49,30.18,62.38,74.09,42.76,26.13,64.0,52.24,53.19,30.89,51.6,32.23,20.63,73.85,35.91,27.7,59.77,39.77,37.46,79.02,28.25,66.27
1784538548.9606102,79.19,43.15,39.6,74.61,33.07,50.34,25.67,64.22,47.04,22.37,66.47,34.86,71.22,63.79,69.41,69.65,69.99,36.36,35.22,28.39,35.04,41.13,28.54,68.66,73.19,75.12,43.93,60.72,42.06,77.29,63.92,79.23,56.89,56.87,69.53,54.47,40.36,78.12,39.93,70.31,59.85,28.98,53.7,59.01,77.57,71.29,66.27,69.76,56.99,75.63,25.25,34.13,56.64,57.55,29.17,51.05,51.4,42.88,67.31,76.75,70.49,58.77,26.04,53.1
1784538548.970843,66.12,78.52,71.72,63.77,46.75,73.2,63.3,24.09,51.24,29.1,49.97,20.51,34.12,51.89,71.97,24.45,24.96,66.35,56.18,63.11,55.89,72.18,72.61,55.42,75.36,23.69,62.24,40.51,43.98,66.73,46.15,38.7,33.19,32.01,73.52,73.36,20.63,71.59,32.65,46.62,40.12,66.66,42.05,20.53,23.42,45.93,32.87,63.01,35.15,56.98,30.65,52.25,56.43,36.6,47.95,28.39,37.05,38.57,28.94,67.12,28.06,24.02,69.97,67.19
1784538548.9811716,70.37,25.06,60.8,73.97,28.93,40.04,26.0,51.13,47.25,41.47,53.26,73.39,61.91,36.34,41.95,67.12,33.35,64.5,21.76,60.34,60.39,64.95,59.87,50.9,64.57,52.58,49.42,57.16,30.74,55.44,23.25,27.08,51.06,64.91,60.52,62.98,51.46,31.48,54.95,46.76,75.08,25.31,30.01,24.87,60.34,51.63,21.4,66.99,21.89,25.34,48.84,45.63,65.36,40.71,35.22,24.93,65.3,60.33,33.7,53.75,42.26,39.12,77.29,25.84
1784538548.99148,30.31,69.7,40.31,39.12,22.98,45.42,33.18,52.36,44.2,71.72,79.36,57.13,55.66,46.56,67.23,56.63,35.67,67.83,61.87,64.0,22.96,70.34,66.41,36.11,52.14,45.44,34.96,23.35,41.18,20.43,35.02,44.45,59.21,39.37,57.81,46.85,60.57,34.27,77.83,20.75,77.62,31.26,47.91,29.3,76.51,58.76,35.58,23.94,33.37,52.22,55.29,49.58,51.66,41.65,39.79,69.09,73.55,46.27,64.4,24.22,79.39,76.02,64.76,49.73
1784538549.0018163,50.8,29.07,38.72,43.04,25.15,23.64,70.51,79.69,32.5,39.22,77.93,21.74,71.49,27.82,40.52,62.37,69.52,33.77,68.57,51.63,27.59,69.13,24.24,36.33,22.92,60.89,70.18,25.0,22.76,59.99,44.63,44.19,73.32,70.97,53.58,58.21,53.83,27.76,23.5,28.71,48.01,43.03,22.75,59.91,34.87,22.42,36.25,79.0,71.12,24.83,71.64,70.96,43.73,29.38,55.49,48.0,79.16,65.55,44.75,72.68,48.85,26.99,70.36,65.55
1784538549.0121045,39.73,21.36,48.35,41.11,64.72,62.86,29.2,57.89,54.6,54.66,26.36,50.66,68.28,25.5,62.87,55.74,24.59,36.6,35.14,79.15,58.41,79.2,50.08,29.95,34.16,64.57,55.7,32.68,44.45,69.78,49.14,70.0,27.57,23.71,52.5,47.34,21.91,65.77,53.26,40.02,72.56,55.52,35.79,33.16,33.64,68.65,23.87,27.84,53.5,50.45,43.45,30.27,37.11,50.28,39.88,32.66,23.47,42.04,62.58,38.92,59.15,66.02,22.38,67.54
1784538549.0223627,47.57,72.14,74.36,50.74,51.32,46.29,23.16,20.24,59.4,63.74,41.73,43.59,24.15,63.63,77.4,54.66,35.37,77.01,49.24,43.11,50.08,34.81,29.4,21.8,74.56,42.75,54.73,64.61,21.55,75.38,53.04,30.28,72.0,31.11,32.73,70.14,41.17,59.19,42.3,51.38,61.75,29.84,32.91,20.17,41.6,26.39,60.71,20.06,44.98,62.13,49.57,55.64,31.71,66.83,65.5,34.85,57.29,50.9,26.52,42.43,27.7,34.73,44.44,53.12
1784538549.032677,48.41,59.19,73.75,48.02,60.33,60.47,22.64,47.08,32.38,37.15,49.7,22.35,34.45,29.49,63.32,59.08,43.29,67.2,71.26,52.44,68.82,59.53,29.52,45.98,37.81,77.42,28.98,34.24,31.5,26.86,39.01,73.68,28.27,54.93,45.9,44.23,54.4,75.24,63.96,39.47,50.97,52.37,59.19,65.48,74.4,50.44,38.23,49.17,23.18,53.05,60.89,78.24,50.89,43.91,25.35,38.73,46.39,36.44,41.14,46.18,78.97,58.21,25.36,41.58
1784538549.0429504,21.96,61.35,34.48,21.4,39.41,27.66,51.21,66.88,34.48,68.72,79.99,64.52,34.99,60.81,26.88,65.55,67.57,79.4,46.16,27.63,71.2,71.24,57.1,29.12,64.92,36.87,34.88,70.46,60.57,26.61,41.36,21.71,57.94,44.01,45.43,53.22,47.52,29.17,20.89,57.26,31.4,63.75,29.72,39.61,40.24,23.77,35.52,78.87,43.07,66.14,25.88,37.86,63.08,35.52,32.02,66.46,39.55,36.18,30.9,69.17,69.16,66.86,60.81,54.51
1784538549.0531971,53.53,75.37,55.94,54.51,25.0,20.48,63.74,65.33,38.32,77.74,37.15,52.29,24.46,70.38,65.82,31.79,48.71,77.88,40.18,58.44,67.21,68.07,40.09,41.67,62.07,21.4,39.83,43.06,40.65,56.86,75.2,55.96,29.11,50.72,23.58,35.01,35.81,34.73,47.09,35.48,28.25,47.92,59.81,71.21,59.07,43.52,38.9,45.93,40.16,26.91,48.4,61.68,21.97,49.7,27.95,42.8,26.85,34.3,65.93,66.16,44.07,79.26,78.32,74.44
1784538549.06346,35.56,59.57,30.5,76.22,47.85,28.25,28.01,79.68,76.32,38.47,27.17,34.52,30.79,54.93,45.63,43.11,21.84,57.39,46.47,78.33,70.38,69.94,76.11,25.82,63.19,71.91,38.35,67.82,68.86,49.35,78.08,64.24,28.96,21.43,27.35,61.99,59.13,76.1,54.41,49.87,66.44,27.81,67.0,59.35,23.66,48.91,33.34,66.2,42.39,24.86,75.31,33.61,36.89,63.31,59.88,27.69,70.71,42.69,61.04,31.32,30.4,26.67,66.18,55.13
1784538549.0736873,56.8,72.96,25.52,75.92,69.2,75.07,65.0,44.5,69.32,62.96,28.58,25.45,41.49,36.0,51.59,62.74,41.95,60.6,57.12,58.36,34.51,47.13,44.48,51.56,79.62,20.89,61.3,75.26,52.44,30.26,52.06,60.96,23.3,75.03,47.02,31.58,74.67,43.21,24.69,34.83,38.75,48.17,27.96,30.63,30.36,75.24,23.9,40.95,74.83,34.97,59.72,58.8,37.01,24.17,41.47,62.86,48.55,61.03,51.58,72.98,73.05,63.22,33.38,35.81
1784538549.0839636,46.06,32.94,64.65,57.45,44.46,59.4,51.15,37.17,23.63,37.59,46.93,77.51,78.86,53.93,31.4,23.46,41.68,42.68,54.21,74.08,25.37,50.74,60.0,66.91,44.79,51.67,49.54,48.66,70.51,76.33,58.39,63.28,38.05,60.9,67.9,58.95,49.37,34.94,52.79,65.17,42.22,66.44,77.87,55.77,41.77,43.76,59.76,20.19,79.57,59.92,65.33,61.01,66.03,48.92,50.17,38.27,67.6,34.58,32.58,52.32,46.29,28.02,25.14,58.8
1784538549.09429,69.74,49.05,30.1,22.03,37.91,56.39,28.65,68.11,49.95,40.74,71.5,68.12,22.44,49.79,71.6,27.02,60.02,44.99,26.01,50.88,61.91,61.82,63.16,62.86,38.73,23.64,71.05,65.53,22.4,31.02,39.7,40.68,69.04,53.37,54.9,27.62,23.75,73.96,47.5,78.41,36.02,58.04,60.82,20.32,33.98,67.39,28.36,62.33,73.1,47.55,30.92,75.82,30.81,61.67,56.81,21.21,42.41,49.49,21.15,22.2,62.97,48.95,20.86,20.44
1784538549.1045408,63.83,38.15,57.99,79.05,58.98,54.64,56.67,65.85,28.32,57.11,35.12,36.64,77.81,23.15,47.42,32.74,65.25,37.68,71.02,63.72,52.26,59.94,36.37,57.13,30.01,63.3,31.92,64.13,73.24,55.34,56.63,21.99,64.05,32.38,31.55,30.34,48.02,68.41,56.13,59.67,68.36,55.01,65.41,38.46,48.7,63.84,32.41,45.45,36.13,73.11,62.61,68.31,44.36,48.32,24.92,44.25,45.91,30.43,31.87,78.17,50.19,22.33,30.46,54.33
1784538549.11479,57.19,27.52,58.84,57.36,21.2,42.85,64.75,65.98,31.22,67.34,59.26,71.04,67.02,69.84,65.06,23.24,56.35,21.29,51.46,40.04,44.8,39.8,46.85,58.99,32.1,39.04,22.99,23.69,63.42,71.62,68.81,37.02,37.38,23.83,56.61,70.34,47.14,72.93,40.79,79.35,48.71,20.79,23.48,72.59,66.53,61.12,23.11,56.38,68.39,25.04,22.32,51.93,49.62,65.7,20.89,57.81,62.73,40.47,75.34,36.66,76.58,23.87,33.89,37.86
1784538549.1250226,76.07,60.14,28.59,39.74,58.06,36.34,68.58,74.38,27.36,46.68,40.35,25.95,71.46,67.13,48.78,42.42,75.79,73.24,39.98,62.29,63.97,48.08,56.59,47.65,76.54,32.58,37.87,37.81,29.64,34.89,56.28,58.88,31.55,61.5,58.8,54.96,44.89,43.41,29.18,76.05,57.1,72.83,51.14,56.24,72.24,27.93,38.2,33.32,73.69,59.81,57.97,37.3,72.8,76.78,68.78,62.98,39.46,31.07,29.45,26.87,64.76,42.25,37.51,21.55
1784538549.1353955,46.09,44.94,25.45,72.47,72.63,55.84,51.27,73.5,33.1,76.64,77.29,31.24,37.72,41.81,60.42,46.72,33.73,46.57,27.12,72.81,22.09,46.77,65.37,27.4,51.18,44.4,25.58,24.43,45.19,78.02,30.92,64.65,53.41,36.97,32.87,48.86,32.92,35.6,48.44,56.32,47.86,45.77,46.51,69.37,52.7,21.62,28.3,39.02,74.56,72.46,46.45,48.49,69.52,34.06,46.62,78.45,33.25,38.9,56.65,74.7,44.42,58.46,35.43,39.02
1784538549.1456974,64.57,20.82,35.1,72.86,43.48,50.21,69.71,32.56,29.01,49.61,73.37,38.47,20.17,71.24,76.95,68.32,76.18,21.32,58.91,40.55,43.19,66.08,28.24,67.33,52.99,51.01,57.7,59.08,26.89,59.23,62.0,78.36,41.21,71.83,51.02,38.62,62.14,79.17,73.98,54.58,23.47,45.6,52.02,55.69,46.1,39.85,41.77,66.34,59.97,51.95,64.48,72.57,66.09,28.44,25.12,48.23,22.78,71.01,79.1,54.55,39.23,62.93,70.32,24.02
1784538549.155972,73.42,32.04,73.35,67.21,73.87,64.03,27.71,20.8,47.06,45.28,63.9,22.49,70.59,48.25,39.52,59.08,29.75,43.64,60.66,48.01,75.69,49.93,38.54,60.36,52.37,38.57,54.32,61.81,73.57,54.6,68.65,49.78,34.26,65.1,55.17,76.76,44.0,49.65,61.25,55.67,40.88,44.07,45.02,52.09,41.32,21.26,36.33,22.93,61.86,73.75,55.37,77.17,73.08,72.38,57.02,20.46,60.36,56.41,48.38,35.72,78.7,39.8,70.18,69.96
1784538549.1663294,43.22,28.1,59.46,43.62,62.44,70.09,41.69,61.11,61.01,39.23,37.26,42.58,23.38,49.84,72.19,68.47,41.95,52.47,32.7,21.15,68.05,71.84,67.58,25.77,29.65,57.85,42.96,62.69,53.17,77.66,69.35,39.26,22.99,75.9,37.25,51.75,77.64,77.5,43.43,66.4,20.83,60.75,61.48,25.35,60.21,31.16,54.84,31.84,30.98,67.51,37.91,57.07,47.31,31.97,54.55,41.34,69.4,73.88,22.41,36.48,63.07,21.68,34.45,61.41
1784538549.1765966,21.61,65.47,33.82,61.46,59.03,75.96,43.26,24.38,40.06,57.4,74.19,54.9,71.28,78.34,43.28,32.61,23.49,26.17,37.35,49.64,53.8,65.97,68.32,57.31,28.08,69.22,55.09,50.77,79.28,67.31,45.41,75.9,47.31,30.07,61.54,41.95,68.51,60.15,36.61,44.27,35.4,21.86,51.99,69.51,30.82,39.63,24.24,20.45,59.37,65.38,38.11,47.0,44.41,36.3,56.51,72.75,76.73,65.49,72.72,72.56,69.52,48.38,67.85,24.15
1784538549.1868787,47.68,65.41,65.2,29.12,77.92,74.96,78.05,68.22,55.79,42.89,63.3,58.23,71.23,62.2,61.34,71.62,38.36,75.47,46.12,44.69,75.53,20.52,54.14,52.67,72.98,50.45,53.06,42.64,67.28,58.29,47.31,52.18,39.74,72.3,30.76,49.7,45.24,39.75,57.95,39.13,43.72,37.96,39.35,46.46,66.04,35.13,63.86,59.19,38.27,40.27,50.37,57.86,61.17,37.82,77.17,73.32,41.61,42.17,27.29,64.02,49.16,69.06,43.83,40.23
1784538549.1971633,37.14,34.24,78.15,36.81,49.19,74.11,41.24,55.71,30.02,75.22,23.89,74.72,76.43,72.56,25.9,41.88,45.79,35.01,32.41,22.06,79.97,21.95,39.86,67.3,55.86,37.38,75.88,29.67,61.75,54.62,71.19,50.63,27.98,68.21,60.44,22.15,53.35,23.3,26.47,64.07,78.47,24.93,68.67,44.44,48.57,26.16,69.1,72.29,31.29,25.86,35.02,47.4,71.27,46.39,72.0,61.19,79.68,44.37,38.27,40.7,48.58,24.69,28.23,23.32
1784538549.2074971,52.62,20.74,51.71,20.77,30.07,68.52,36.69,50.09,33.97,49.94,79.73,78.25,32.79,29.74,57.03,62.57,41.47,33.62,56.12,56.87,37.02,59.38,61.04,66.71,24.59,29.15,46.23,24.28,40.66,23.27,27.19,35.32,49.91,30.34,56.08,28.3,21.78,24.7,35.08,44.56,48.47,36.15,38.95,25.2,54.8,70.28,60.24,47.79,39.14,45.39,33.99,37.36,71.06,39.66,43.0,48.1,57.43,68.81,76.76,76.3,64.25,38.47,51.47,52.59
1784538549.2177198,48.79,60.23,59.7,52.85,24.66,21.12,55.29,50.78,57.01,76.38,36.45,72.41,61.65,58.06,50.01,61.92,56.55,47.24,75.28,46.31,77.03,72.48,51.58,56.62,67.74,30.24,60.59,29.41,37.42,62.85,56.12,74.23,59.21,77.15,52.61,64.18,61.62,27.58,36.34,72.54,67.95,43.19,26.5,66.74,30.43,33.2,68.53,68.04,52.22,38.38,54.51,75.73,55.27,50.85,56.75,60.43,42.47,59.18,23.71,75.86,30.28,37.94,65.88,51.91
1784538549.2279272,45.76,74.75,67.51,22.89,59.45,54.88,66.16,28.66,68.31,26.59,25.81,24.48,24.85,65.33,55.62,74.84,37.42,24.26,66.19,22.88,34.15,42.5,35.25,21.4,52.42,61.82,63.64,77.78,30.08,27.38,21.29,40.08,54.37,34.15,26.04,47.14,54.69,57.29,53.39,44.2,57.38,47.75,68.33,32.48,25.2,61.06,54.55,48.4,31.59,61.46,30.45,34.78,65.94,26.91,20.21,42.88,38.6,48.55,73.74,40.47,43.93,74.72,69.99,24.8
1784538549.2382026,45.31,35.9,38.04,69.0,27.57,56.04,22.28,27.44,42.13,74.52,42.88,57.39,70.03,42.95,22.13,45.15,32.82,61.67,53.0,35.66,73.44,39.4,35.83,71.14,63.4,52.35,33.15,62.83,47.13,46.48,34.41,44.13,34.78,38.36,66.67,43.46,68.67,48.42,72.51,72.59,37.1,66.13,45.86,48.86,37.27,41.0,33.84,48.77,32.68,56.31,23.36,42.27,64.01,67.56,38.76,33.69,79.4,31.8,37.54,20.43,30.78,42.63,62.47,64.18
1784538549.2485015,31.91,32.45,79.79,59.84,28.36,20.58,58.3,74.94,43.36,61.18,50.92,50.18,57.7,39.57,62.93,56.89,50.27,50.51,28.17,67.68,73.35,20.39,24.24,30.4,64.24,32.72,31.56,73.92,47.87,58.5,52.64,62.68,70.36,70.42,68.4,40.64,32.14,55.92,26.85,64.49,42.8,63.43,52.96,20.81,25.42,23.11,73.79,75.81,50.28,25.03,36.72,64.07,77.67,53.92,62.52,30.68,67.42,26.15,31.38,43.06,65.51,30.0,56.96,37.8
1784538549.2588475,75.36,29.5,77.94,79.97,42.59,54.48,45.82,78.03,37.79,25.41,24.88,24.29,49.66,47.29,51.06,66.92,62.43,76.01,79.89,37.38,24.28,77.33,27.24,60.17,71.31,39.35,25.67,24.16,27.05,54.23,37.48,77.53,45.87,59.5,38.1,54.83,20.18,31.78,20.01,22.35,39.88,23.96,50.93,27.86,41.98,23.59,74.92,79.57,77.53,69.22,40.12,20.15,44.99,74.52,55.55,51.87,44.24,64.48,71.15,55.37,68.78,59.73,22.14,50.88
1784538549.2691798,23.18,79.52,25.82,35.39,33.23,60.8,28.21,37.39,20.99,57.01,37.78,37.52,22.56,39.96,39.14,55.54,33.7,54.87,52.53,26.71,68.29,63.6,68.88,71.53,62.48,69.29,65.66,49.97,67.79,24.61,66.73,20.92,49.44,39.4,30.65,40.9,68.93,30.87,55.91,30.2,54.9,71.47,37.0,39.5,30.36,54.14,26.14,57.45,51.09,64.31,48.88,52.78,47.59,54.98,60.88,69.99,47.43,66.16,42.32,51.41,57.68,39.89,56.91,25.14
1784538549.2794392,50.72,58.91,41.71,30.13,79.38,35.39,77.88,25.73,36.12,52.43,53.08,23.95,62.04,21.4,20.57,31.1,79.28,48.73,28.14,71.95,29.48,67.42,69.11,78.66,67.73,38.78,47.42,29.68,41.31,37.58,26.16,40.98,52.95,30.21,52.68,40.89,51.44,36.18,20.57,58.54,59.82,48.71,79.64,48.61,37.41,60.77,76.84,70.46,39.47,66.21,63.07,76.14,79.1,54.76,60.76,36.01,24.45,69.49,27.43,47.89,48.92,61.56,21.09,77.52
1784538549.2897077,66.87,31.9,31.41,71.64,23.5,32.75,25.64,66.7,51.76,34.58,28.23,40.71,44.4,25.2,24.89,22.39,45.14,31.86,34.04,35.62,24.42,24.16,60.67,32.44,69.39,60.27,47.62,73.38,78.31,62.2,55.62,60.42,53.77,78.04,47.08,27.36,40.33,37.83,26.15,66.47,64.59,56.04,26.37,57.02,54.59,68.47,70.75,29.44,65.84,74.16,21.72,40.53,70.95,75.85,77.32,31.45,52.86,72.96,20.97,55.85,49.28,20.99,78.15,60.14
1784538549.2999945,35.5,40.66,23.89,56.55,41.14,42.23,52.52,56.5,51.73,59.96,24.4,20.8,26.02,25.53,31.06,77.4,48.39,30.61,50.29,32.53,40.43,70.71,20.53,47.94,59.31,54.25,28.18,23.46,28.34,47.46,27.69,47.52,59.28,41.94,54.03,38.02,68.49,65.41,47.1,64.96,76.09,50.07,79.61,55.88,28.02,52.26,36.34,48.95,26.83,50.3,61.4,39.5,59.63,48.95,40.5,28.77,32.84,37.32,65.23,71.85,65.1,40.87,28.8,75.29
1784538549.3103073,27.16,71.12,46.28,57.37,58.05,40.14,59.28,70.65,52.5,76.39,54.01,74.69,64.81,70.92,73.75,26.57,38.98,49.94,70.43,39.41,70.33,25.04,21.84,34.55,56.17,40.53,56.35,69.34,64.9,68.26,76.68,62.25,36.33,65.23,56.37,56.05,39.95,35.64,45.91,49.75,74.35,24.2,47.17,21.87,69.15,46.8,66.17,29.72,47.23,47.91,34.32,31.32,52.62,62.61,45.29,37.16,62.65,38.19,47.79,39.64,35.4,73.93,61.79,57.99
1784538549.3205829,31.72,47.32,48.24,65.18,21.57,28.08,52.85,45.04,57.75,68.21,35.3,21.78,48.38,70.07,71.12,57.78,46.74,30.57,79.54,46.17,54.29,24.32,61.91,29.58,62.13,53.8,37.06,68.93,50.84,31.23,63.63,29.85,47.13,45.68,72.55,49.69,46.52,71.59,49.97,74.62,71.51,68.33,25.37,41.38,44.09,20.46,79.94,66.51,29.27,45.05,57.59,49.23,70.75,41.98,20.98,79.66,59.14,73.87,75.26,50.99,43.04,33.54,70.21,47.53
1784538549.3308501,24.27,42.58,52.9,36.11,75.87,60.42,74.13,57.48,68.03,22.21,34.08,30.07,74.67,69.75,24.29,40.72,23.2,75.12,59.63,41.37,60.97,24.77,78.83,78.28,50.01,52.67,43.21,32.16,57.94,68.22,22.14,76.16,67.69,26.95,73.86,73.09,21.57,32.44,44.16,32.21,25.62,34.1,55.04,71.75,31.03,59.48,71.43,57.67,77.77,57.0,25.65,26.61,53.68,38.03,41.69,25.67,38.48,27.84,43.35,51.31,46.65,36.06,46.16,50.98
1784538549.3411033,45.79,39.58,64.67,23.57,48.91,30.54,22.19,57.43,41.02,67.86,38.06,33.12,73.58,76.27,61.08,74.95,44.04,53.78,71.23,26.12,64.78,21.45,68.93,69.84,72.31,63.64,37.38,47.92,78.2,30.21,31.45,64.74,21.63,44.15,58.04,45.28,45.18,39.72,53.26,41.23,73.61,40.3,24.76,61.24,47.95,62.52,71.19,68.37,46.96,65.84,47.9,28.3,29.52,43.99,69.09,61.4,39.06,50.61,55.1,68.86,21.43,61.23,74.32,35.46
1784538549.3513558,46.59,79.08,52.63,40.24,32.07,23.92,31.78,65.61,27.28,46.95,39.74,33.3,78.9,29.53,42.03,46.39,64.51,77.09,45.89,37.7,51.07,48.94,70.82,52.4,42.96,51.45,45.33,79.16,48.15,24.61,55.75,66.37,34.45,69.66,62.14,44.87,45.22,29.99,47.57,44.9,36.02,67.28,22.64,79.3,22.0,45.84,79.89,59.79,32.8,35.18,24.59,31.96,64.52,63.79,44.57,30.56,36.65,74.12,38.26,29.93,37.75,31.36,46.55,46.24
1784538549.3616238,65.04,70.67,79.28,39.89,27.33,20.81,66.79,28.24,64.75,39.74,45.43,48.25,62.05,22.58,37.85,24.39,62.52,73.18,67.91,71.87,76.46,42.37,55.25,57.19,59.43,63.6,32.41,25.46,73.83,30.4,54.31,78.36,42.56,25.21,48.54,36.03,25.93,51.39,33.99,63.58,43.72,40.67,38.35,47.57,73.09,43.75,53.1,73.6,75.26,55.46,49.8,22.99,50.77,61.39,54.89,70.75,28.02,77.19,55.87,63.58,36.05,77.22,56.06,23.8
1784538549.3719444,41.79,60.61,47.49,58.91,76.58,55.3,53.15,27.05,21.66,53.5,34.55,58.78,43.6,63.48,75.96,59.79,30.74,65.49,25.51,24.53,68.7,76.59,30.41,36.81,74.11,78.54,47.73,77.73,70.92,26.69,41.25,51.86,31.68,50.22,26.81,62.61,72.83,43.61,43.6,44.61,76.82,57.98,42.73,56.98,69.37,57.21,71.05,47.04,64.99,36.29,78.36,29.4,43.49,63.12,34.17,38.35,21.8,77.1,39.35,28.57,27.49,65.46,23.94,22.81
1784538549.382189,62.74,65.88,35.37,66.8,38.99,41.6,60.38,25.95,65.54,20.62,41.74,44.62,37.97,42.57,68.56,41.09,74.7,63.95,30.24,61.99,52.77,61.01,46.62,39.15,47.29,62.69,49.22,52.45,28.77,68.89,74.19,46.2,26.33,59.28,23.39,70.61,72.5,52.99,74.14,41.01,54.42,62.28,27.17,50.55,34.74,48.42,66.68,78.96,31.49,67.61,28.81,35.26,46.0,29.35,42.73,56.01,33.14,29.52,23.69,44.6,64.74,69.08,48.54,64.59
1784538549.392453,31.89,31.72,61.82,59.88,69.94,71.42,57.4,65.41,32.49,75.21,73.39,38.39,50.63,64.91,25.52,28.0,56.45,29.69,32.74,65.75,77.9,43.6,35.54,52.82,45.8,48.52,46.62,28.53,69.22,44.32,34.1,32.99,69.02,44.63,41.94,56.62,76.36,64.72,71.76,38.65,23.76,30.45,57.98,57.61,63.03,51.48,70.68,58.33,57.5,62.85,70.18,72.57,59.01,42.28,61.0,51.0,79.51,47.92,48.54,55.29,76.94,20.05,54.94,35.1
1784538549.4027064,52.67,34.55,22.66,36.88,36.07,20.93,59.9,37.73,61.61,74.99,79.81,22.51,36.26,75.31,68.24,73.34,30.68,68.39,22.76,77.12,61.93,42.57,54.97,21.43,70.48,62.64,33.43,75.71,71.46,58.35,40.62,30.56,64.79,73.34,66.7,23.97,23.19,79.47,39.03,68.7,37.98,26.03,47.63,58.38,53.43,70.9,45.56,67.99,72.66,76.41,54.85,37.94,37.15,71.96,69.13,24.62,41.6,45.72,66.24,21.65,59.44,79.06,75.7,27.45
1784538549.4129403,34.2,49.51,72.67,33.3,67.44,57.84,37.73,66.14,21.84,57.38,70.69,73.92,54.67,20.94,77.9,65.12,50.66,57.3,74.47,44.96,66.43,53.45,20.32,61.57,78.89,25.42,47.8,55.23,66.75,74.81,44.85,58.17,51.09,27.34,37.29,55.18,74.28,66.95,27.08,57.12,72.45,43.12,53.57,59.05,21.01,51.61,60.5,22.92,26.65,34.11,46.55,30.26,55.54,76.43,79.03,73.77,65.86,29.71,71.58,79.31,65.19,53.62,43.68,26.74
1784538549.4231856,70.05,55.51,27.34,24.29,21.39,70.38,40.68,67.05,76.11,43.16,56.72,43.67,58.46,47.65,32.66,27.35,71.24,43.64,54.7,47.32,49.83,40.57,39.11,30.54,36.86,71.89,67.88,31.06,51.11,77.6,33.76,43.42,23.95,61.43,63.61,53.14,38.66,26.78,26.82,25.99,58.83,75.09,29.63,44.39,35.88,55.2,27.01,47.27,57.65,71.67,35.67,64.08,65.05,32.92,53.94,25.68,75.27,63.28,60.89,72.45,72.26,21.13,26.94,51.24
1784538549.4334407,38.93,41.76,23.75,76.28,61.1,77.23,45.76,41.84,34.44,55.66,68.9,29.44,68.75,46.18,58.42,73.6,31.81,66.14,24.94,43.59,76.41,63.35,58.22,22.86,24.08,65.72,24.87,35.63,49.93,70.21,75.63,69.79,66.37,53.64,43.01,36.63,48.56,57.51,63.95,29.67,56.61,34.76,34.01,35.08,63.57,50.86,77.14,27.13,64.52,42.15,37.7,75.87,33.48,62.01,49.98,49.65,61.5,72.48,24.47,78.49,71.23,34.58,38.06,78.22
1784538549.443697,79.74,57.3,42.9,23.26,65.08,22.17,50.9,46.13,52.35,30.85,44.9,32.41,79.22,33.33,44.6,28.17,61.31,55.81,77.55,36.28,42.57,79.25,26.01,29.24,23.62,57.47,76.43,65.75,27.95,75.07,33.79,60.77,47.56,25.34,70.97,71.06,26.27,57.1,78.43,79.92,42.43,65.53,32.72,75.62,35.99,62.26,71.51,28.43,76.32,47.42,77.13,42.14,36.87,49.09,77.4,68.89,71.34,36.92,70.62,74.99,62.72,62.18,64.7,63.5
1784538549.4539304,64.68,23.16,71.68,49.71,70.38,44.04,78.93,26.74,56.39,42.19,45.37,21.24,71.94,75.16,78.88,35.85,74.75,59.41,24.62,22.63,72.06,69.51,57.79,45.58,32.71,39.39,51.54,40.89,33.85,74.09,72.14,59.08,38.0,40.4,66.5,57.04,72.39,36.72,74.52,68.81,45.89,52.94,71.62,35.66,28.09,29.81,49.58,49.92,43.76,71.16,24.52,48.05,45.52,29.29,57.26,34.37,35.48,71.34,54.77,73.13,27.85,26.92,48.52,65.86
1784538549.4642036,61.77,59.9,65.3,72.25,77.75,56.06,69.6,32.47,28.16,45.87,73.82,26.01,37.23,79.55,47.2,66.94,78.53,68.75,77.09,42.6,33.59,70.08,28.48,28.13,58.85,63.07,22.53,33.47,28.77,76.88,24.43,40.81,31.69,54.36,39.31,47.95,44.25,67.83,52.2,67.26,45.13,72.85,32.16,67.77,52.11,38.12,57.45,56.06,62.62,33.55,46.09,46.76,28.35,73.17,55.02,41.99,67.19,71.35,49.78,62.26,64.5,50.02,70.63,35.66
1784538549.4744508,53.83,62.16,65.31,29.58,28.42,49.39,22.3,45.97,20.84,57.43,56.84,75.68,30.6,63.54,34.77,37.95,35.33,72.68,41.97,55.14,47.4,73.89,33.25,48.53,22.31,68.99,60.66,64.26,44.28,73.3,33.66,26.21,33.29,31.7,59.01,58.32,22.6,35.62,53.43,50.02,51.79,55.86,79.19,31.17,32.97,70.51,21.72,66.82,52.82,30.45,35.81,22.53,50.49,75.47,55.18,31.79,22.96,24.88,29.73,74.96,53.21,73.53,57.83,39.56
1784538549.4847155,32.06,49.13,78.87,29.34,62.74,55.12,40.81,38.37,22.57,61.33,26.83,50.87,29.86,69.48,57.63,50.73,42.15,61.03,67.29,43.49,54.54,63.81,56.09,20.26,70.19,22.92,68.49,41.43,54.13,75.2,38.91,54.04,50.87,39.8,46.79,72.23,74.85,52.58,50.18,63.87,38.12,38.52,40.9,66.32,74.61,52.62,62.41,67.53,73.84,25.99,39.45,40.04,64.66,40.04,57.24,24.19,66.13,79.45,71.38,69.71,74.13,61.94,65.25,71.09
1784538549.4950252,75.14,50.43,45.0,37.54,67.0,28.26,32.38,71.65,62.87,76.97,45.43,34.99,31.76,28.34,47.7,50.82,25.53,65.01,30.73,75.55,27.12,53.71,47.7,63.66,56.69,69.03,71.95,71.8,33.12,63.62,59.17,38.98,40.49,45.36,56.31,26.12,73.76,78.13,43.22,66.7,48.98,59.69,68.49,56.19,49.86,25.18,47.09,27.38,79.95,30.6,35.29,53.15,49.56,59.78,47.35,20.45,21.1,76.78,44.42,21.67,67.19,31.02,55.86,35.76
1784538549.5053732,79.85,77.02,65.39,54.07,56.12,50.74,77.28,29.31,62.07,40.04,77.46,28.36,27.4,27.51,34.24,71.57,34.54,61.2,26.88,68.46,27.83,43.04,46.39,63.74,42.48,33.45,39.85,33.68,56.02,61.47,47.61,55.32,30.63,51.11,29.6,28.31,25.43,24.96,51.48,69.25,68.69,37.41,46.6,37.46,35.48,76.27,46.58,52.44,76.67,30.17,56.24,63.79,70.21,24.9,40.64,32.84,48.49,49.62,25.38,29.11,64.34,66.05,46.13,70.27
1784538549.515704,66.45,20.82,64.21,20.86,47.13,45.52,74.45,40.52,46.31,45.83,53.29,71.94,75.48,68.99,36.71,54.88,41.02,41.66,41.14,43.83,23.99,29.1,72.26,38.94,48.33,76.83,79.63,28.14,79.36,25.94,25.94,29.73,54.27,45.27,47.29,24.1,47.54,36.1,52.16,59.68,42.22,46.84,26.03,60.42,78.24,53.33,29.22,21.46,29.5,55.04,46.29,73.43,75.27,40.69,21.81,35.37,66.14,43.0,47.61,71.79,38.52,52.99,46.61,61.56
1784538549.5259523,72.89,66.99,73.98,58.22,56.71,73.44,75.0,61.15,77.17,34.65,55.44,57.49,69.95,67.42,61.1,68.18,52.72,66.58,73.81,56.58,68.86,78.84,44.72,62.25,63.67,44.65,35.86,77.6,77.65,38.68,66.62,20.84,59.04,38.83,78.65,78.84,77.52,31.48,61.34,35.39,62.44,31.7,26.79,43.68,23.78,34.02,23.05,57.98,55.56,38.5,65.99,40.61,60.14,25.96,31.37,30.5,56.02,56.39,38.06,76.68,73.82,38.09,67.27,51.09
1784538549.53624,27.97,66.82,57.51,37.55,62.04,32.4,45.07,70.89,60.14,77.83,74.34,51.95,39.91,73.42,26.54,24.68,71.51,79.55,41.89,57.54,60.3,71.23,42.9,74.33,60.55,71.02,41.96,49.91,33.85,78.09,69.17,35.49,60.97,65.79,56.38,42.76,40.18,65.14,79.75,71.51,53.82,48.85,74.95,41.43,42.1,78.94,48.93,33.09,59.66,48.11,73.46,52.32,25.86,32.08,51.48,65.8,75.77,48.91,40.43,68.33,65.56,26.81,79.39,78.05
1784538549.5465229,67.19,33.55,73.51,36.93,39.22,38.22,64.35,33.26,54.66,57.46,42.91,41.71,51.13,49.5,39.68,46.82,23.43,56.59,27.16,21.15,51.58,78.18,65.13,42.82,64.88,63.47,51.33,47.84,43.24,37.15,49.09,53.67,37.21,74.29,23.35,44.33,31.39,34.88,45.39,26.99,35.62,72.84,60.22,58.64,32.56,34.17,48.75,61.71,38.21,62.14,24.28,78.88,59.03,29.04,23.6,50.27,30.94,62.89,62.82,30.27,51.08,49.73,62.5,48.07
1784538549.556847,71.69,71.38,69.25,27.21,27.93,64.57,35.0,65.81,47.31,49.26,34.6,32.62,20.03,74.48,30.84,56.6,36.93,47.96,39.88,57.63,52.6,31.69,39.51,26.23,23.49,47.06,39.76,56.13,77.1,35.91,31.97,67.69,76.29,67.24,21.07,68.58,28.76,62.08,64.51,54.07,68.54,63.72,69.73,72.93,77.81,61.34,25.52,77.06,38.5,64.49,70.15,55.9,28.68,75.99,47.14,43.01,45.75,21.08,23.01,61.0,21.89,33.81,46.25,74.63
1784538549.5671086,32.31,61.74,36.86,51.15,55.12,64.14,53.39,28.57,45.07,52.13,64.6,37.66,25.92,29.63,20.74,62.72,28.71,56.64,65.35,25.35,33.04,30.85,70.6,57.98,21.87,71.66,20.87,54.58,40.52,49.67,65.06,42.12,44.13,55.81,28.84,37.28,66.13,46.76,23.29,56.75,51.09,60.55,30.0,33.38,65.71,63.63,64.06,38.88,56.56,70.23,41.61,71.85,37.09,72.9,40.21,41.5,29.49,22.61,45.23,67.84,37.62,43.6,57.35,76.01
1784538549.5773404,37.28,33.51,51.39,55.11,29.06,58.38,23.54,23.26,52.55,76.58,62.69,57.07,34.68,33.46,38.32,78.93,72.24,57.71,67.22,73.27,38.82,33.87,76.27,69.86,66.21,25.75,39.83,41.56,35.95,32.34,46.24,50.24,68.92,67.33,74.82,53.21,60.23,58.52,70.19,41.26,42.83,57.75,28.49,58.24,41.8,31.71,23.72,70.75,47.62,66.68,59.37,68.01,50.25,68.26,41.38,40.86,46.08,33.84,32.18,51.14,26.44,56.29,26.99,44.26
1784538549.5876253,73.94,37.84,44.57,46.84,21.3,27.34,66.85,66.05,58.68,78.81,48.47,40.52,36.21,27.62,26.84,71.72,22.57,26.0,63.49,62.06,53.21,75.1,22.15,50.89,64.02,53.62,46.26,21.57,63.96,69.55,69.92,47.65,69.17,77.56,39.58,75.04,27.51,55.33,25.81,35.85,30.54,25.7,36.25,46.48,63.09,29.7,51.55,76.12,48.5,79.78,29.33,76.73,61.21,47.84,32.03,25.11,50.4,76.18,53.28,54.07,67.27,69.43,29.22,23.32
1784538549.5979116,46.54,74.15,21.87,35.37,42.2,35.24,38.65,49.41,79.7,64.86,69.38,73.2,35.86,37.58,44.97,66.42,54.25,31.28,76.27,50.86,69.86,64.59,73.61,77.35,49.55,68.27,27.78,54.59,65.81,74.65,36.79,24.73,40.74,51.27,23.04,67.29,48.05,68.34,61.78,26.16,22.17,42.93,77.21,46.43,78.86,31.13,47.43,43.12,20.82,29.51,54.99,69.05,57.2,34.87,77.41,64.41,27.85,62.38,48.83,62.7,63.7,24.72,48.32,61.74
1784538549.6082013,36.72,51.61,63.6,23.01,57.25,26.41,22.47,34.31,41.84,35.43,47.69,21.45,36.38,37.98,65.12,47.65,73.87,71.22,74.33,69.62,39.19,31.19,62.69,21.02,34.28,48.27,22.36,60.65,59.23,20.69,24.28,54.86,31.0,26.53,72.78,33.59,71.26,38.94,52.3,43.98,34.2,59.84,61.55,48.99,70.49,31.88,73.17,26.08,58.78,54.34,38.54,79.12,70.62,43.83,53.22,65.61,69.72,71.39,39.63,70.84,52.27,74.83,20.07,64.05
1784538549.6184876,61.34,60.01,66.73,56.07,76.13,24.16,23.84,78.59,47.87,29.97,49.83,78.03,29.07,49.77,62.56,26.2,23.43,76.7,76.81,71.15,31.25,37.61,56.39,34.76,67.22,71.97,30.44,25.0,46.65,57.05,52.55,35.53,50.3,25.41,29.74,51.14,21.88,54.16,36.11,34.56,42.83,54.38,47.32,74.01,57.49,34.4,40.62,42.16,22.92,67.01,71.8,27.65,30.15,59.72,31.21,51.91,59.11,60.62,69.88,66.51,77.43,44.19,42.38,39.83
1784538549.6287827,43.1,28.73,25.04,50.07,61.55,20.61,72.96,48.4,42.58,71.57,68.37,41.12,53.76,57.93,62.74,66.36,56.37,53.37,43.15,49.19,71.33,41.5,46.9,56.22,62.53,59.19,66.5,22.26,76.83,48.6,70.5,72.66,71.53,74.19,45.61,58.77,67.04,35.6,36.1,71.21,58.48,58.91,62.3,52.21,33.89,32.42,46.94,23.62,58.52,20.68,61.41,37.1,67.82,63.17,39.52,63.52,75.88,69.57,36.81,76.63,44.58,48.88,36.98,66.49
1784538549.639082,33.26,76.04,59.01,75.75,51.39,75.15,72.37,59.5,75.85,31.79,78.62,43.83,58.36,72.67,42.14,42.57,65.81,62.55,24.94,34.19,46.88,54.62,45.71,57.71,25.36,27.12,23.22,55.52,66.92,50.16,63.46,71.16,38.86,49.69,34.33,50.7,41.83,34.54,24.7,39.39,60.12,36.36,52.14,77.15,43.05,78.8,68.67,26.73,21.88,49.07,45.06,27.93,44.28,34.06,29.99,67.59,48.52,64.89,47.59,23.67,22.32,70.12,28.93,76.43
1784538549.6493459,55.51,39.61,67.68,30.11,36.46,34.63,62.24,62.51,74.24,25.32,48.02,74.07,35.6,57.7,21.3,55.76,49.46,66.28,74.63,73.45,43.37,31.51,40.55,45.47,56.79,24.27,38.22,25.9,53.07,55.7,29.23,58.34,21.18,74.09,65.96,54.21,20.17,25.41,63.69,62.47,71.82,49.81,30.64,25.74,38.84,53.31,46.15,46.8,45.61,70.74,39.42,76.77,42.87,64.04,71.78,39.06,74.4,72.98,37.59,34.67,56.54,56.67,27.44,76.12
1784538549.6595836,58.43,72.94,62.34,27.23,54.17,26.13,55.33,79.77,64.01,36.53,66.3,75.06,37.71,58.39,42.51,77.83,27.36,45.55,48.42,31.0,56.54,63.11,39.19,47.7,58.46,26.11,50.3,55.17,28.61,35.57,45.37,28.17,75.21,56.44,44.77,51.91,37.49,25.05,51.49,65.38,21.57,27.27,74.89,59.07,71.44,37.79,62.43,65.78,62.61,57.18,28.22,61.14,37.52,73.1,69.79,77.79,68.36,72.93,62.64,76.07,56.85,54.23,68.91,74.65
1784538549.6698933,47.57,69.75,39.2,42.99,61.44,72.93,47.21,60.07,69.91,53.44,72.49,78.04,67.3,75.61,33.98,72.51,69.03,47.39,58.05,28.6,44.25,54.52,22.1,54.36,23.26,48.72,42.94,77.39,66.45,60.28,43.97,44.65,79.19,71.19,63.31,76.57,43.05,38.69,78.69,69.65,44.22,36.77,42.16,79.98,52.93,74.66,67.02,40.02,20.26,54.35,20.19,54.54,38.73,52.12,28.84,38.05,36.16,47.94,56.0,36.59,47.18,28.66,64.32,70.28
1784538549.680202,54.3,79.96,46.88,74.94,51.03,48.79,64.19,66.56,36.02,45.98,22.73,64.74,49.32,21.47,58.52,62.09,72.79,74.52,72.17,61.75,52.07,49.97,46.56,41.35,31.35,69.91,42.85,61.93,79.59,20.96,32.07,58.16,32.15,21.64,20.91,51.71,41.0,77.27,43.61,63.52,25.04,49.41,78.16,34.46,55.41,71.49,30.34,78.74,40.53,65.66,27.85,38.68,53.23,22.81,47.39,28.29,57.95,74.34,41.57,49.29,65.92,26.94,25.66,69.51
1784538549.6905506,35.98,33.2,21.32,61.28,41.92,36.43,57.36,36.5,30.2,78.05,40.93,35.44,72.07,77.18,50.31,72.0,36.52,64.9,31.96,70.16,47.21,62.86,27.16,51.15,27.9,79.32,22.92,74.26,58.14,70.2,50.67,72.83,44.62,75.26,34.2,30.28,51.79,52.29,36.48,73.09,57.44,61.27,27.52,29.38,71.97,68.32,73.89,36.3,70.84,21.59,66.13,57.3,74.67,25.41,57.91,40.95,30.1,67.99,29.51,40.03,52.59,40.24,53.99,77.78
1784538549.7008705,53.35,74.1,53.36,28.62,65.97,43.65,35.36,76.91,41.88,31.01,79.63,48.98,63.18,63.56,57.91,54.75,22.97,34.53,46.45,30.96,47.74,50.78,57.93,41.89,35.35,65.08,37.18,36.88,75.94,64.27,39.22,77.38,69.5,43.41,43.12,60.97,50.35,27.75,42.05,66.48,79.9,72.14,41.89,51.17,65.78,73.31,63.9,57.93,20.93,50.06,79.93,36.34,77.81,27.7,70.08,66.46,75.86,31.2,41.71,65.05,30.0,53.55,48.18,27.46
1784538549.7111995,35.33,72.36,34.18,75.18,38.22,75.66,36.18,31.67,75.58,21.89,61.55,70.68,65.87,62.0,57.33,37.13,44.35,68.51,37.64,75.88,35.72,43.3,76.41,27.25,56.08,20.15,25.24,57.71,70.82,51.19,51.73,67.07,48.06,74.86,31.71,37.26,66.49,60.54,36.88,48.44,21.82,42.42,71.3,43.2,37.81,58.5,60.92,27.28,68.03,74.77,52.38,26.88,78.49,34.27,36.02,64.04,24.26,41.0,49.51,34.76,37.87,25.75,21.56,73.33
1784538549.7214699,43.98,37.92,53.25,37.19,68.15,31.47,64.08,79.4,58.91,39.47,21.44,55.67,63.23,65.28,39.64,78.34,20.94,67.0,49.03,41.57,55.69,71.74,30.12,53.56,51.96,63.63,44.71,29.27,40.73,62.42,69.79,28.64,43.22,26.39,49.34,64.69,70.79,50.64,45.24,68.88,64.47,40.51,23.93,24.43,50.55,35.88,67.97,77.52,75.92,58.23,21.62,42.49,38.42,78.54,46.98,58.1,45.9,46.3,77.02,61.41,43.34,20.1,29.65,43.55
1784538549.7317555,38.55,27.02,49.94,52.06,52.3,26.22,25.97,77.86,43.44,79.41,36.68,56.66,46.26,62.26,30.1,61.9,53.42,62.86,42.15,46.39,79.02,55.89,42.39,35.24,54.73,62.41,29.09,47.15,44.79,75.97,76.33,56.9,55.77,21.78,61.82,39.42,32.37,46.99,47.61,69.37,64.03,65.91,54.85,36.51,42.33,58.9,23.28,62.85,34.68,55.34,23.8,25.3,35.72,74.31,63.15,44.77,66.71,47.34,55.05,51.21,53.39,36.84,47.7,44.46
1784538549.742084,78.84,78.01,22.26,28.53,54.92,60.84,60.63,42.6,61.45,71.88,33.74,29.83,65.63,77.55,34.86,50.72,58.0,46.64,79.4,57.12,78.95,71.91,49.96,69.04,66.72,22.51,45.22,39.56,55.43,38.21,28.01,23.14,69.05,25.75,53.84,29.08,21.09,50.8,38.39,69.76,47.32,27.87,34.62,30.88,77.36,72.7,47.65,79.36,59.07,27.9,52.85,20.89,44.85,30.21,26.1,68.58,31.96,62.04,50.85,53.1,73.34,26.13,57.78,44.42
1784538549.7524042,68.44,67.93,73.9,29.58,79.42,28.52,47.52,36.37,73.62,31.92,42.5,70.34,31.62,39.45,57.6,30.46,24.16,71.36,62.62,26.22,70.95,62.54,59.62,52.83,24.95,41.76,71.71,25.49,61.24,57.49,47.94,22.71,51.95,71.76,64.51,68.81,48.34,57.23,58.88,76.32,38.4,76.48,38.14,50.14,37.25,74.12,45.95,50.28,72.29,48.99,40.78,32.17,70.44,35.23,31.7,63.59,55.93,24.39,54.57,29.55,66.07,33.15,62.33,28.12
1784538549.7626724,60.92,35.46,65.93,65.04,37.04,61.23,32.4,75.84,36.79,67.4,42.54,62.04,25.32,42.99,27.38,20.74,26.04,57.54,33.27,46.43,66.79,66.38,63.68,23.76,32.64,74.96,52.38,76.83,67.03,57.15,36.25,23.15,75.58,61.52,69.35,26.69,51.72,34.06,76.94,74.34,37.39,48.39,47.46,79.76,58.59,42.91,78.47,36.19,31.0,30.46,53.68,30.3,20.05,57.65,54.35,34.93,76.77,73.02,78.84,38.62,61.87,28.34,54.22,23.55
1784538549.773005,26.82,78.44,51.06,75.78,67.85,40.51,56.97,60.34,32.73,75.77,36.55,52.67,68.43,73.52,65.44,61.21,49.68,75.04,60.02,21.99,39.6,34.41,60.38,68.04,33.75,33.49,51.02,60.08,46.65,67.01,61.58,37.74,68.73,53.07,27.68,73.75,51.65,65.74,67.84,73.44,22.84,22.7,36.04,30.12,70.75,64.43,47.7,71.73,27.38,20.24,57.94,31.84,74.67,67.28,57.38,49.89,44.43,45.5,70.39,36.32,33.46,46.0,65.63,23.02
1784538549.783356,44.81,29.19,75.01,69.19,44.81,65.86,56.31,33.9,65.95,28.98,66.04,33.7,26.21,43.86,62.83,53.96,62.7,51.88,38.46,21.78,40.73,59.01,25.9,22.65,25.36,27.4,71.2,71.18,58.51,74.12,25.07,20.61,52.03,40.1,37.12,42.36,37.75,21.42,53.86,45.69,57.5,69.22,27.65,23.15,39.47,43.32,27.05,71.95,45.22,27.32,31.99,22.69,52.37,53.58,36.78,66.35,39.62,21.49,78.08,39.89,25.71,79.4,68.57,37.74
1784538549.7937014,69.45,74.49,71.09,48.79,65.2,23.12,68.73,62.98,41.72,41.0,26.67,37.02,46.45,42.59,64.06,33.57,76.38,59.53,74.9,61.32,51.94,67.12,63.4,72.09,24.92,77.32,27.13,40.83,28.29,43.04,78.8,77.25,38.87,37.88,30.6,79.01,54.42,43.94,60.16,27.04,46.17,20.46,51.33,20.96,68.07,74.54,62.07,53.53,63.04,70.3,41.5,69.62,66.13,20.51,55.9,52.09,41.57,66.81,72.42,25.94,23.7,79.15,52.38,48.77
1784538549.8040972,75.92,24.78,45.73,49.17,49.55,69.36,27.7,20.81,50.26,25.52,56.81,31.77,27.56,58.65,61.83,27.32,77.98,27.81,50.09,53.46,55.3,70.21,77.27,35.33,23.66,38.51,39.64,75.52,22.54,52.46,74.64,59.51,46.5,74.68,53.0,67.15,70.81,57.14,57.79,75.42,32.12,71.49,71.32,54.38,22.48,75.1,39.93,65.91,23.89,62.56,69.74,25.98,45.29,45.22,55.27,39.27,75.18,47.05,77.34,57.3,39.77,45.59,74.57,67.93
1784538549.8143413,31.97,77.93,44.68,73.98,41.63,28.46,47.88,20.53,53.57,68.51,31.82,45.88,48.36,57.91,35.03,52.36,49.34,48.57,74.81,75.36,66.91,21.5,72.16,78.68,54.16,56.98,48.21,40.45,54.96,50.23,51.53,40.02,62.84,58.53,68.18,43.16,75.48,24.08,78.69,51.77,47.64,75.13,33.74,72.6,33.7,23.3,35.88,38.24,29.82,30.36,32.22,47.66,41.11,40.16,60.57,50.41,74.18,46.45,54.59,26.44,40.37,30.27,66.78,32.82
1784538549.8246613,36.29,58.47,52.85,76.8,35.84,46.16,26.16,38.7,31.1,71.96,61.77,24.55,46.36,78.02,71.4,52.84,79.55,26.1,33.73,38.12,23.85,46.8,30.28,76.21,57.72,74.39,59.29,36.99,47.45,71.11,39.23,37.08,32.89,78.93,78.76,20.32,64.95,49.67,51.32,25.19,78.18,43.91,40.81,67.19,67.66,73.32,61.69,40.66,37.5,21.84,71.63,30.44,42.97,22.62,69.18,21.47,63.05,68.32,71.57,40.27,40.65,53.42,39.34,40.3
1784538549.8349123,55.59,75.33,51.08,36.69,51.94,31.67,67.81,71.17,56.92,60.2,54.11,58.21,47.72,62.2,25.44,78.96,67.61,57.85,37.29,41.54,73.39,28.65,65.64,59.02,59.03,74.47,27.66,25.87,27.49,76.95,50.29,59.36,50.47,44.14,61.98,78.76,29.47,31.25,33.37,58.98,34.46,50.17,76.71,24.77,59.39,65.04,40.57,32.38,66.02,30.84,44.56,30.55,44.67,24.67,71.73,57.0,68.49,65.09,46.57,37.4,54.03,35.52,77.09,28.84
1784538549.8451426,56.24,31.97,47.51,76.52,71.27,64.41,57.56,36.55,61.57,64.28,65.45,77.45,74.23,61.88,49.02,38.93,35.65,26.56,59.66,74.52,40.3,48.12,39.73,56.79,41.3,24.32,32.2,54.59,22.55,62.82,75.39,59.89,40.4,22.8,71.9,79.97,59.13,25.98,55.17,24.58,74.12,30.06,70.16,30.58,47.4,67.95,30.79,52.81,62.74,46.65,40.26,29.2,35.88,22.91,54.65,47.69,68.86,31.23,63.3,29.67,67.35,76.73,23.22,21.57
1784538549.855385,78.65,28.22,78.41,43.72,48.25,24.23,36.48,75.89,78.86,69.82,37.51,61.56,23.36,58.43,39.2,70.39,48.35,75.13,68.94,74.99,60.87,78.19,54.31,38.16,66.01,36.21,57.04,62.51,22.89,51.36,76.99,61.18,44.8,38.89,60.46,30.4,23.39,22.63,23.21,39.59,72.72,59.52,42.05,37.99,44.34,42.51,75.06,53.62,31.32,70.66,29.2,33.27,75.05,32.92,72.52,34.76,26.08,63.61,68.68,22.7,46.76,78.7,66.49,30.87
1784538549.8656237,52.38,52.76,67.47,35.0,77.01,45.73,55.69,63.17,52.68,36.63,59.94,47.02,66.27,53.6,47.55,58.34,20.34,43.13,38.89,37.82,25.31,78.96,40.11,61.34,60.79,61.55,68.09,21.96,53.28,65.56,43.78,64.13,74.77,56.82,39.98,31.47,51.51,52.7,28.12,53.96,74.34,66.06,25.47,74.15,32.28,72.54,44.35,70.02,44.79,51.22,56.86,25.34,21.63,33.45,64.67,71.51,56.51,60.44,53.99,34.41,62.92,28.11,48.35,68.43
1784538549.8759367,27.22,59.42,45.66,59.32,23.94,62.49,76.66,37.6,68.55,50.97,40.0,26.33,55.15,72.54,55.19,75.68,43.74,22.73,29.12,64.13,57.9,46.27,69.2,55.71,61.59,55.91,38.64,24.53,57.22,60.36,74.93,56.92,60.32,52.25,32.55,64.29,70.8,23.99,55.41,47.6,64.77,26.89,66.66,47.27,59.11,25.98,54.94,32.14,77.92,49.13,33.74,28.28,34.32,31.7,38.02,22.94,26.35,29.28,73.17,29.9,70.58,54.04,36.85,43.16
1784538549.886227,70.45,32.55,27.4,29.95,49.89,22.18,46.27,45.43,74.97,32.54,57.49,29.16,58.01,26.68,74.68,59.14,43.82,26.81,33.91,66.26,51.51,64.91,46.5,38.2,27.93,22.22,56.73,46.23,60.98,66.63,67.15,65.01,56.98,40.72,40.58,26.63,28.25,34.99,31.29,68.58,45.78,42.71,28.83,47.13,58.62,28.27,44.61,37.46,45.31,46.53,45.37,43.63,28.44,37.36,40.61,69.55,35.35,57.16,73.62,52.07,69.79,75.94,38.28,50.14
1784538549.896475,37.86,79.53,26.93,73.46,64.66,77.57,52.81,54.0,43.37,30.13,52.94,44.16,43.73,56.07,33.88,32.0,42.22,47.35,30.76,27.86,50.45,77.65,32.34,68.52,69.78,26.94,62.6,72.12,47.9,38.44,20.72,58.25,29.95,77.21,64.01,67.32,61.22,48.09,21.07,31.24,20.87,67.76,74.2,60.2,26.44,47.41,26.86,74.73,73.38,65.97,70.7,75.58,21.43,64.99,26.78,24.75,42.34,66.99,72.97,36.03,73.43,30.84,78.51,78.03
1784538549.9067752,54.57,35.08,25.81,60.23,41.09,46.57,44.9,70.42,61.57,42.23,25.03,52.78,38.63,21.53,32.26,31.76,77.79,72.92,52.43,78.77,20.13,57.46,24.07,35.82,47.15,77.89,77.27,35.37,66.21,33.68,78.11,52.2,58.7,38.04,63.51,75.38,41.75,45.09,69.93,64.69,71.75,66.33,77.72,47.41,43.32,29.49,22.59,60.69,45.2,72.4,73.36,36.53,39.43,68.41,28.8,70.95,79.8,20.87,29.02,60.01,39.36,72.45,62.65,71.18
1784538549.9171193,71.39,56.54,72.17,35.72,24.78,59.77,72.04,56.59,55.57,69.91,37.13,75.43,39.24,39.33,47.5,52.0,67.82,20.73,69.33,68.67,77.5,22.73,51.01,35.66,26.63,65.4,61.76,62.89,57.44,58.01,72.67,26.24,49.73,46.56,79.37,79.74,36.09,62.8,54.34,50.83,35.63,48.55,76.98,66.66,64.78,76.75,64.34,65.45,27.55,71.78,36.13,68.87,72.31,53.37,44.64,26.53,26.72,22.69,45.96,48.88,41.84,52.96,64.22,56.3
1784538549.9273508,43.32,37.36,59.09,22.7,62.0,22.97,72.34,46.52,53.64,76.86,41.98,32.36,35.65,35.01,49.08,31.8,23.46,76.91,67.71,56.54,68.89,54.69,51.85,43.9,28.69,53.17,49.78,54.36,70.32,57.72,43.79,65.58,67.96,30.67,69.28,70.4,32.13,40.09,75.18,45.95,72.44,74.36,38.39,49.3,34.18,36.02,49.07,45.65,65.77,68.33,45.0,60.57,62.18,24.21,39.32,60.66,63.73,68.09,21.89,50.33,79.7,34.91,21.04,51.96
1784538549.9376657,27.81,41.3,66.39,36.86,51.82,43.98,60.83,47.75,39.04,44.1,37.66,66.16,69.38,34.18,40.88,60.28,71.76,58.83,31.64,41.12,67.39,75.35,37.89,63.35,54.09,22.74,52.21,42.24,79.44,44.46,32.98,43.63,68.84,40.68,38.45,21.9,51.87,22.18,57.43,30.31,49.36,46.25,58.83,70.59,27.68,57.8,71.2,73.3,57.58,70.45,44.06,77.01,22.94,61.09,69.65,63.93,49.74,67.56,39.71,56.77,24.94,64.71,29.47,67.13
1784538549.9479797,67.34,69.27,64.78,29.06,43.31,50.25,67.35,64.51,36.32,20.67,48.4,28.51,58.94,32.67,44.84,25.49,26.61,68.21,36.14,77.2,75.24,39.25,35.35,71.28,41.24,44.25,23.79,30.98,31.51,33.07,45.22,27.57,47.34,55.03,40.93,21.25,53.21,35.95,47.34,71.28,51.31,49.26,55.17,40.43,57.73,27.51,76.13,77.38,76.44,48.24,50.38,75.08,38.89,61.42,54.61,35.94,61.05,73.37,23.42,66.32,44.18,30.78,48.66,33.71
1784538549.958334,60.07,23.7,58.16,38.97,72.99,26.46,54.86,30.18,31.98,44.06,33.28,41.48,42.79,27.2,38.51,45.65,74.06,77.57,36.29,35.19,62.74,66.66,21.21,48.58,68.56,69.11,23.87,76.7,63.67,79.96,25.1,60.81,65.07,66.95,60.15,38.68,60.09,55.04,35.45,51.86,23.57,71.96,60.09,43.94,78.01,71.75,27.05,65.74,65.59,42.83,35.88,43.1,70.56,50.54,24.17,75.84,29.35,37.9,75.31,39.31,73.23,27.13,38.76,70.47
1784538549.9686704,22.1,55.11,35.55,30.13,21.85,34.29,69.77,62.28,78.73,56.98,29.39,35.68,25.26,29.38,46.64,25.41,65.7,71.3,43.54,52.04,74.46,38.42,47.42,37.08,49.25,74.26,76.89,29.89,71.98,33.15,57.38,20.78,74.61,51.39,67.43,72.59,73.33,29.87,26.84,75.99,42.15,22.28,73.58,36.52,66.15,22.99,69.85,72.65,28.58,51.54,27.42,49.21,63.12,79.01,54.49,77.43,33.16,79.21,38.78,23.81,26.56,54.23,57.0,75.12
1784538549.9790149,24.95,57.23,65.12,47.14,21.97,54.91,20.8,48.29,46.81,31.62,26.73,67.33,61.94,49.58,43.49,25.35,74.15,73.06,46.08,73.07,58.01,58.04,75.22,65.74,48.52,27.27,71.83,54.37,53.8,63.45,31.97,44.78,61.97,69.4,42.44,79.75,64.58,64.1,79.76,78.0,63.67,41.15,30.25,66.99,65.99,57.52,71.29,66.76,43.09,46.95,39.35,46.71,74.05,62.54,27.88,48.92,35.04,30.09,61.79,50.35,51.52,48.46,31.27,66.42
1784538549.9894185,24.23,31.78,35.59,67.59,27.49,61.58,51.66,53.54,31.16,62.72,47.86,28.39,32.75,59.34,65.22,75.64,54.46,77.94,64.5,33.28,54.5,59.53,49.55,49.44,38.88,36.13,59.24,26.44,48.05,52.05,55.2,74.37,78.25,53.94,31.02,53.4,32.67,74.44,54.8,71.9,51.02,20.33,50.01,74.02,52.85,27.87,25.76,55.96,48.29,38.19,34.08,56.95,60.27,72.44,50.26,47.81,31.0,53.78,52.69,68.76,78.62,58.76,21.99,57.04
1784538549.999723,70.8,75.64,66.19,41.79,26.04,72.4,75.69,49.92,43.72,46.86,39.4,57.81,36.82,68.16,58.7,73.81,26.53,24.35,25.49,73.03,59.76,21.35,21.87,68.89,24.28,26.92,34.62,52.93,46.26,64.26,63.26,57.53,71.31,77.48,49.26,36.62,51.43,35.96,48.53,55.51,47.95,50.24,43.07,66.7,49.47,41.54,45.46,78.27,57.1,45.78,77.99,79.16,76.85,61.81,37.07,36.16,48.29,49.2,61.43,73.43,20.33,64.64,77.17,35.94
1784538550.0100899,77.13,57.59,21.76,40.85,37.54,37.74,72.74,30.06,76.33,22.19,32.26,45.95,50.11,24.51,59.23,29.49,71.66,31.16,73.81,68.92,68.81,29.91,42.34,78.34,43.41,32.95,63.28,72.28,66.37,64.37,58.88,61.61,45.45,21.87,37.35,73.36,69.76,72.33,77.28,22.75,71.17,54.18,65.93,37.36,30.39,70.27,79.33,46.59,47.31,46.65,52.3,44.45,66.07,61.19,26.65,56.73,63.91,69.49,60.85,72.99,29.2,31.24,35.97,42.55
1784538550.0204046,66.37,27.79,53.07,65.15,59.27,21.91,75.74,43.59,23.55,44.2,68.3,40.94,62.97,23.76,53.53,47.17,49.94,38.68,65.81,70.14,35.05,53.49,52.73,75.62,78.37,62.58,59.58,41.01,66.78,60.56,72.39,22.86,29.53,28.34,20.32,44.43,45.76,22.2,47.81,52.69,31.93,79.78,26.13,23.75,43.88,52.77,65.0,63.57,50.44,51.4,55.61,21.84,75.29,36.0,79.9,49.62,53.01,77.4,60.06,29.49,66.2,36.22,63.6,38.53
1784538550.0306976,54.46,42.25,21.76,42.4,79.65,45.41,71.62,62.37,62.0,21.9,77.97,53.26,70.81,78.25,41.51,71.08,55.46,34.92,77.09,52.48,79.53,61.51,56.21,74.29,48.81,79.53,49.86,58.61,74.72,28.81,57.21,70.73,56.57,50.12,50.15,24.19,49.81,62.59,47.47,63.01,47.39,29.77,45.55,34.38,60.56,64.96,79.86,45.79,41.03,33.54,29.79,62.58,57.34,41.72,25.22,47.99,40.47,48.19,49.86,20.91,40.14,23.48,72.7,49.4
1784538550.041006,67.85,54.25,49.93,76.22,75.2,60.07,42.75,79.19,61.68,24.75,39.95,27.93,33.65,62.1,22.27,66.32,71.77,50.85,33.29,44.74,46.04,67.11,46.29,78.43,24.15,60.78,76.19,47.65,57.3,71.06,29.81,70.06,66.2,58.31,75.61,73.73,37.59,55.28,45.64,76.83,79.97,49.97,20.4,24.8,47.42,40.17,30.37,68.67,32.64,61.34,72.44,51.79,44.17,37.35,29.48,20.15,69.45,50.69,52.49,51.44,53.27,45.33,74.66,79.87
1784538550.051313,27.85,50.26,43.69,62.19,66.81,59.2,67.74,71.53,60.06,73.3,28.07,29.56,41.87,35.97,71.58,21.53,75.94,47.03,31.45,46.98,61.27,26.49,79.49,46.95,43.39,66.01,61.46,57.02,41.75,35.47,77.83,53.6,59.8,54.14,21.68,29.02,62.2,22.66,61.34,34.34,44.87,78.72,42.46,58.3,66.24,49.37,34.22,79.06,70.29,73.46,40.28,62.88,62.29,20.12,48.98,65.22,21.1,34.23,38.43,71.77,25.83,37.8,62.31,27.31
1784538550.0616007,30.72,63.83,72.8,34.96,37.02,31.55,47.44,74.88,54.18,33.83,44.64,69.12,29.96,30.09,49.3,59.0,21.56,43.46,61.51,30.22,64.16,60.99,71.87,76.57,59.75,27.6,43.53,49.89,53.88,22.59,60.07,73.37,27.04,63.13,23.17,53.94,41.19,79.08,75.37,35.34,78.28,70.72,64.11,45.1,47.26,34.25,27.96,33.08,57.27,43.26,27.63,72.38,32.28,76.14,34.6,39.64,22.24,25.84,72.08,65.39,72.37,65.21,59.16,25.58
1784538550.0719087,23.46,72.08,76.43,59.4,39.9,24.91,72.49,30.18,55.4,71.06,44.08,25.69,60.43,60.18,34.79,40.62,40.01,59.19,30.6,20.88,27.51,69.85,44.2,45.81,67.87,29.14,50.72,77.51,64.39,42.28,20.52,59.85,61.93,26.66,34.57,30.72,33.45,53.45,65.25,68.93,58.34,69.88,57.73,72.99,59.4,61.56,68.99,46.23,51.99,76.1,22.81,30.53,55.12,21.18,49.71,69.18,42.7,42.83,75.81,54.87,74.09,69.31,55.58,65.77
1784538550.0822308,41.4,41.83,42.14,35.02,20.54,42.68,57.49,64.88,43.54,28.14,45.49,48.41,58.52,25.52,60.57,43.97,24.36,71.09,55.68,72.58,21.11,71.04,78.06,34.8,73.4,47.56,45.3,57.78,68.67,79.17,59.62,24.88,70.0,29.75,67.28,66.94,35.57,46.35,72.49,78.61,50.98,53.91,67.71,28.25,38.91,55.58,60.08,55.95,22.46,52.81,25.48,77.24,57.66,49.63,75.36,51.16,38.23,26.33,56.77,78.43,37.3,52.72,49.3,69.68
1784538550.0925112,77.35,60.28,77.45,35.64,50.94,44.5,29.21,77.52,76.1,67.26,69.29,25.51,62.15,53.45,45.88,41.31,31.08,25.37,79.82,61.69,76.47,35.74,79.37,50.11,70.62,64.75,63.42,25.91,78.24,65.66,26.85,51.07,22.7,22.38,67.51,35.11,26.45,39.25,55.81,23.31,43.94,64.5,53.11,78.73,78.25,66.66,37.67,39.88,72.34,68.32,47.08,20.48,42.22,42.17,35.52,63.32,63.04,26.13,76.37,56.09,38.84,56.42,63.71,56.96
1784538550.1028237,65.64,32.63,71.08,22.28,21.25,60.81,45.48,29.56,68.06,30.21,58.58,68.76,26.7,47.89,51.43,42.32,54.29,27.74,46.83,60.73,72.22,24.33,27.66,26.24,64.75,76.99,62.56,47.81,69.27,32.33,29.38,76.54,73.78,58.45,64.65,63.79,63.81,23.63,36.89,56.97,77.22,50.46,66.84,24.93,63.58,65.62,30.85,50.06,28.03,78.29,36.08,24.63,36.84,29.94,53.78,59.62,50.61,37.54,70.35,60.99,20.47,24.41,36.23,50.96
1784538550.1131318,47.43,65.72,37.08,36.85,46.04,72.56,70.41,69.76,22.29,46.56,49.0,73.64,42.8,63.47,73.51,24.24,66.57,36.44,62.13,64.89,63.85,60.46,67.85,60.52,45.77,70.77,78.92,39.32,25.39,57.94,66.32,40.12,79.57,70.0,32.03,27.39,37.45,28.76,46.14,56.22,48.7,63.57,60.41,34.1,61.58,76.68,33.75,53.17,64.8,59.42,41.11,64.28,20.04,37.33,56.81,34.49,24.37,50.95,51.52,67.84,26.46,78.3,27.21,39.25
1784538550.1234457,57.83,28.6,74.44,32.56,46.9,27.35,52.31,50.9,36.75,30.58,33.65,71.55,68.91,42.08,33.38,33.53,31.68,77.44,58.41,34.7,50.15,70.47,33.48,55.03,73.56,44.72,29.87,50.28,56.16,44.27,68.68,45.07,57.46,37.98,52.59,76.43,34.21,30.39,49.79,75.35,58.0,60.46,37.06,78.32,48.81,60.75,49.89,57.18,52.58,50.23,53.0,27.09,71.63,70.94,31.88,56.22,32.49,36.56,71.19,74.32,38.22,48.66,70.85,54.82
1784538550.1337724,33.85,48.86,51.33,44.77,28.26,50.85,34.44,63.82,21.84,55.28,49.95,27.73,36.09,56.66,62.23,33.54,32.39,21.48,75.79,59.76,78.1,63.13,48.31,22.51,30.79,31.87,46.33,58.72,56.5,49.25,67.76,34.54,34.19,62.24,63.03,74.16,33.62,75.8,20.64,38.28,71.99,71.72,37.58,75.11,37.77,28.06,51.37,52.07,53.62,61.85,59.34,58.7,79.78,76.81,64.79,41.53,27.56,59.33,54.98,23.16,75.26,62.54,35.53,48.16
1784538550.1440933,79.1,57.66,36.52,29.06,53.16,48.01,70.24,27.73,67.9,66.43,52.86,29.32,23.08,52.07,58.45,27.73,66.42,55.68,39.53,27.77,71.35,21.62,42.22,34.32,50.06,79.34,56.22,28.18,76.75,48.35,77.27,53.33,51.48,63.67,31.56,50.53,29.23,50.36,21.8,40.64,33.93,53.14,25.76,76.14,48.47,49.33,73.0,64.59,44.75,56.31,20.77,34.2,39.85,26.8,39.89,68.34,67.96,60.43,67.31,68.54,66.42,50.87,35.18,67.06
1784538550.1543844,21.52,35.1,55.04,45.25,60.09,38.25,74.62,72.69,28.63,31.4,21.57,62.83,25.39,54.44,55.2,72.04,25.09,47.0,41.38,27.23,70.91,57.99,60.24,39.04,51.45,78.65,37.72,25.04,44.4,33.01,68.52,53.43,75.66,64.82,45.9,34.47,51.38,46.41,25.83,62.82,72.12,58.94,59.97,73.93,37.67,77.84,46.81,64.89,21.49,62.15,32.91,55.38,21.45,21.47,53.49,22.45,63.36,59.54,75.33,67.97,51.04,40.29,20.13,73.02
1784538550.1646752,64.74,55.89,74.33,54.59,59.13,79.92,20.9,33.23,27.22,74.82,67.16,53.84,48.06,24.64,26.45,57.36,68.38,23.14,72.33,52.81,64.38,77.93,38.25,32.49,56.93,35.89,43.71,70.66,68.9,51.92,69.55,62.31,71.78,44.82,55.18,23.8,25.19,35.79,70.97,65.24,34.58,66.65,38.93,39.65,39.63,26.88,58.7,30.86,33.52,79.06,51.62,46.69,74.34,42.22,38.15,67.4,34.1,40.22,76.29,40.79,61.62,55.08,31.83,68.93
1784538550.1749532,37.4,76.93,39.01,62.01,56.1,77.4,46.87,54.4,37.17,71.75,50.22,40.62,57.44,45.9,64.76,41.29,33.93,45.75,53.67,75.91,43.97,62.62,36.94,32.08,48.04,49.56,31.44,38.31,28.61,21.82,76.2,28.04,57.32,27.09,39.02,38.17,65.85,30.9,28.56,38.49,75.08,36.41,23.7,73.28,49.02,52.31,65.12,79.83,21.48,35.3,57.93,36.8,23.77,47.74,49.04,46.39,30.78,43.15,40.0,49.83,43.09,79.99,56.51,48.78
1784538550.1853077,25.54,64.21,40.35,77.77,62.91,48.82,79.3,25.26,67.53,26.37,41.31,64.83,23.47,28.24,37.64,26.7,33.02,67.25,57.72,75.07,21.99,29.49,45.09,66.37,44.26,77.48,40.57,40.03,54.48,59.85,47.28,78.08,65.57,55.64,39.2,74.66,76.19,78.0,51.68,60.82,78.7,43.33,72.75,59.24,52.33,21.77,74.27,48.29,52.85,31.7,75.24,49.75,54.82,41.74,58.08,53.41,35.34,59.28,58.03,58.23,40.89,64.3,74.51,22.91
1784538550.1956136,64.14,48.61,56.83,21.01,72.59,53.06,64.89,75.42,30.53,28.68,78.23,32.04,26.2,62.56,65.17,49.83,48.73,23.25,49.8,36.84,29.88,71.04,30.37,56.72,51.1,24.42,71.77,30.23,50.19,69.39,75.99,51.43,67.61,62.17,54.06,59.37,57.55,58.58,50.44,20.24,66.13,46.94,58.32,29.19,54.18,61.89,44.39,35.03,66.26,67.06,64.51,23.59,44.52,51.47,30.5,59.9,41.99,22.76,50.62,67.22,33.23,34.46,22.52,45.9
1784538550.2059085,72.4,46.3,42.04,50.86,69.71,34.2,61.85,58.39,66.86,46.19,71.59,73.91,30.17,53.02,25.95,51.19,39.01,66.76,28.93,78.79,71.11,32.22,79.86,21.59,47.65,27.69,27.11,69.84,73.0,55.72,54.6,64.46,42.33,33.03,55.23,44.77,50.99,47.83,33.07,62.71,57.46,54.41,64.68,38.72,38.92,34.73,37.17,22.18,29.91,46.04,75.92,21.64,41.75,37.38,72.65,42.65,72.8,76.73,47.11,30.06,38.79,42.68,38.76,51.25
1784538550.216202,23.19,67.39,65.18,20.23,50.81,77.81,31.18,56.92,72.13,77.82,40.72,51.69,67.82,38.55,40.42,58.56,37.89,44.36,45.35,43.39,27.02,51.67,54.71,65.73,26.32,21.92,26.38,67.11,36.6,74.12,75.03,20.29,27.56,39.61,57.55,60.48,78.03,40.9,42.59,44.32,26.94,72.77,29.8,43.19,60.83,38.91,39.36,45.7,61.92,50.74,41.74,51.55,77.16,71.16,52.02,30.28,28.78,78.76,28.55,37.19,37.79,71.98,22.69,31.63
1784538550.2264812,21.82,74.85,27.72,64.62,23.34,28.9,38.31,36.58,32.78,59.41,34.6,45.49,74.76,31.76,30.67,47.14,28.56,64.26,79.39,77.85,53.47,76.93,51.15,65.84,41.82,29.73,64.79,43.24,46.18,34.3,26.51,59.8,36.05,24.19,36.1,22.16,74.18,65.69,77.01,58.69,69.11,42.09,68.65,39.35,54.3,36.89,58.2,25.03,66.96,30.55,57.92,54.3,31.35,53.41,58.04,36.81,35.88,26.53,35.07,28.31,25.62,66.17,56.64,79.45
1784538550.2367697,55.73,65.62,68.13,25.74,50.87,58.36,30.46,47.22,67.09,65.34,70.38,21.22,65.61,59.4,46.44,48.17,48.61,78.92,51.39,64.32,71.85,33.59,54.77,42.41,37.6,73.06,58.63,68.27,61.94,28.76,27.23,62.82,53.77,57.03,52.75,67.8,79.12,23.65,44.15,22.04,31.1,70.62,32.44,40.76,21.7,79.3,40.96,25.74,61.76,28.15,51.82,20.32,68.56,75.94,39.77,58.95,33.91,63.03,70.78,39.16,27.84,22.0,44.44,68.69
1784538550.2471178,23.83,57.26,63.03,33.25,36.55,50.83,68.52,76.22,49.61,78.24,22.22,34.33,23.29,26.02,67.49,63.59,40.38,24.47,22.3,45.78,70.01,66.8,42.36,23.68,58.25,55.94,52.99,76.45,41.98,57.2,71.29,56.17,49.02,33.46,20.59,23.07,43.63,62.02,24.98,61.94,70.77,32.31,65.53,53.99,55.5,75.52,76.68,40.66,48.8,42.95,36.16,79.45,69.09,43.92,26.57,21.96,44.16,52.53,46.05,78.9,29.0,39.81,76.61,29.82
1784538550.257432,58.78,76.92,28.43,24.42,64.37,32.1,36.7,33.68,78.9,44.06,26.47,27.27,57.94,24.56,21.78,25.12,40.6,57.32,32.34,61.14,34.66,31.51,26.23,66.42,39.78,58.23,70.36,24.51,27.62,31.84,31.68,55.12,30.89,66.97,66.55,28.23,67.29,27.25,49.78,70.63,79.44,34.83,39.92,34.26,69.27,38.37,74.07,71.7,49.29,59.27,53.74,43.9,46.56,40.41,26.43,31.27,43.9,26.2,77.32,66.67,46.65,73.77,20.25,21.27
1784538550.2677217,54.81,31.62,72.44,78.48,25.62,43.63,52.03,42.54,47.74,49.66,36.67,38.33,50.88,71.42,29.65,46.02,32.8,23.97,44.36,40.34,70.69,61.49,28.55,71.48,76.1,50.06,37.64,26.39,52.51,41.11,69.46,75.33,38.2,79.23,60.94,25.37,61.66,30.08,76.07,33.85,58.65,72.02,78.88,40.11,32.42,79.7,61.38,23.58,69.36,67.66,66.6,78.74,54.76,69.15,35.56,74.84,58.52,54.83,61.24,50.03,27.46,58.03,74.41,49.48
1784538550.2780132,38.06,53.19,38.05,52.63,43.54,31.55,65.34,75.88,54.98,62.64,74.68,46.55,58.66,54.37,34.55,32.9,33.61,74.13,24.11,42.95,52.06,58.72,36.31,71.41,68.98,57.15,43.53,29.91,32.67,46.77,52.72,57.06,69.92,29.65,69.78,44.02,69.71,75.86,74.57,74.48,63.19,66.2,42.11,35.32,79.86,75.13,51.2,21.81,51.07,31.4,62.4,31.35,51.13,50.23,77.49,48.07,56.44,59.67,50.34,51.25,51.86,78.92,46.41,39.79
1784538550.2882564,49.97,24.15,68.01,76.55,34.09,66.43,66.03,44.23,70.15,42.76,54.33,55.8,64.27,30.36,31.2,40.35,75.18,38.09,76.43,25.7,28.38,45.68,39.43,51.59,68.93,78.18,43.37,74.67,57.51,20.89,51.14,73.53,36.28,78.0,36.79,52.17,62.0,79.96,34.66,52.42,64.07,38.7,37.54,58.89,40.98,39.5,58.7,75.07,56.93,33.72,61.77,70.2,56.18,61.06,56.15,61.09,40.55,70.99,22.97,31.64,61.24,66.11,58.86,70.7
1784538550.298545,55.37,63.07,55.26,60.0,60.29,52.19,50.54,69.16,78.06,38.26,71.23,26.65,62.47,48.72,41.62,68.64,26.76,48.72,42.28,44.85,75.79,44.6,25.61,58.4,54.81,76.52,20.21,70.47,66.2,29.29,53.58,37.39,70.76,34.04,67.39,56.65,40.71,52.53,31.5,51.66,40.95,45.87,67.69,79.93,76.37,35.93,61.89,54.27,76.73,38.82,51.28,26.42,71.86,33.62,43.34,58.95,57.1,45.7,79.17,67.35,75.15,48.4,65.29,67.16
1784538550.3088923,72.53,22.29,33.83,78.89,45.94,33.31,79.26,56.22,44.17,65.83,39.26,30.26,69.52,42.77,24.81,24.25,44.45,30.62,50.56,43.54,25.2,51.56,49.3,26.67,33.78,45.35,25.4,53.92,27.08,34.99,62.9,68.47,29.02,74.81,56.86,68.88,43.36,50.14,67.3,47.19,51.16,23.91,28.77,63.66,43.89,59.11,59.92,35.46,45.36,27.07,44.55,52.85,39.37,79.89,22.23,54.32,23.42,62.51,32.52,26.66,21.05,60.39,71.96,32.09
1784538550.319144,50.86,58.87,65.23,78.0,27.86,55.19,38.46,58.05,37.78,55.48,26.46,54.5,70.45,72.58,55.38,20.8,61.37,59.52,64.65,54.01,32.71,23.34,31.11,41.48,20.86,41.98,71.87,37.39,63.63,74.64,33.7,58.74,37.21,77.24,51.73,68.89,75.76,63.17,28.78,57.12,50.65,25.36,21.66,70.84,78.9,70.23,24.43,38.18,59.91,20.45,70.64,74.25,70.57,47.81,48.05,29.27,77.92,20.58,36.54,39.66,58.61,46.15,69.61,40.91
1784538550.3294742,75.09,34.44,42.47,32.3,48.76,56.67,30.52,65.38,20.87,39.87,77.56,31.03,57.03,76.26,48.64,76.08,56.94,57.67,79.37,23.65,78.1,42.83,27.71,39.02,63.49,79.93,42.41,30.22,59.1,59.08,76.35,57.06,73.5,39.07,65.86,64.75,69.6,52.83,49.1,28.2,33.85,23.51,54.86,23.14,64.54,68.91,58.25,62.97,44.25,29.35,29.85,77.99,42.51,33.38,45.19,45.23,61.26,60.94,37.61,34.4,79.31,77.32,62.61,65.62
1784538550.339719,48.37,73.05,42.23,79.87,66.8,33.3,36.91,26.98,73.79,42.54,78.9,74.72,52.28,25.64,54.39,65.32,41.24,33.33,61.17,44.07,69.73,61.81,71.72,58.91,45.27,39.49,78.61,74.94,66.44,47.55,43.66,42.57,51.13,68.11,29.63,55.67,50.1,53.7,44.23,50.76,58.15,31.99,46.27,79.23,58.74,78.71,28.41,53.62,33.61,23.46,60.74,69.57,72.7,34.18,72.29,27.38,35.08,50.05,34.92,66.34,70.78,46.1,47.57,34.35
1784538550.349999,31.96,29.6,43.94,41.99,37.37,58.9,31.92,44.79,56.72,65.84,45.44,35.84,48.3,66.76,30.22,31.48,34.45,25.6,28.1,32.38,65.94,42.74,31.84,64.08,38.19,70.34,53.92,56.73,36.64,65.22,25.63,26.65,25.38,76.99,52.04,36.64,43.33,61.69,69.95,56.42,60.71,70.4,60.56,42.78,65.98,58.78,45.28,54.73,78.38,54.41,21.27,38.53,25.52,56.4,64.86,28.42,40.71,33.39,67.83,46.02,35.55,70.58,60.33,26.07
1784538550.3602896,35.46,74.88,20.11,73.24,39.37,58.24,40.55,60.34,49.07,77.82,75.92,64.25,57.91,71.29,40.26,76.99,52.79,79.17,63.62,63.54,35.66,32.38,32.35,52.78,60.17,24.95,63.48,63.7,70.24,43.04,60.31,31.99,35.73,52.78,67.5,67.24,37.25,63.87,67.84,23.86,35.71,76.84,39.33,59.61,50.75,71.07,77.14,38.71,40.92,75.67,35.51,46.57,61.21,55.6,50.24,46.7,55.06,64.53,32.84,66.25,44.03,39.85,60.82,77.4
1784538550.370525,22.92,35.67,28.33,78.24,51.53,40.89,49.45,70.21,46.34,59.96,57.16,72.43,70.26,74.29,47.57,47.83,73.81,43.16,56.1,41.93,51.87,58.68,67.48,50.02,36.36,67.64,61.94,32.86,52.02,32.76,59.06,52.68,51.63,56.18,25.78,77.5,70.08,46.93,26.16,39.5,71.88,28.97,61.1,47.78,38.73,38.49,77.76,72.98,47.22,75.91,47.07,66.14,29.39,30.88,50.0,22.51,53.81,21.98,62.18,74.44,43.82,42.46,42.71,55.87
1784538550.3807557,79.75,72.59,28.89,20.45,73.71,23.9,34.74,79.69,52.56,56.54,20.67,71.9,25.18,56.16,69.79,28.51,56.7,78.49,23.37,61.85,21.99,62.21,56.76,57.72,59.46,59.15,70.11,41.2,28.42,45.15,51.57,28.6,41.8,76.23,67.17,74.48,78.1,43.11,64.02,72.74,77.17,48.34,55.77,68.02,43.97,51.89,68.94,21.43,24.7,25.56,29.83,69.61,33.5,49.54,47.04,54.13,26.69,50.8,47.54,34.48,62.91,41.7,70.48,66.69
1784538550.3911088,43.52,28.18,52.77,26.79,43.14,43.44,35.27,61.37,70.88,66.7,53.09,68.53,33.83,59.33,75.49,28.04,74.54,67.19,52.55,48.37,27.19,22.94,73.55,61.09,20.24,34.66,59.13,33.88,58.72,55.86,32.73,46.94,79.33,48.38,47.51,72.9,31.07,59.94,35.14,29.63,40.39,42.79,69.9,71.44,48.17,39.48,20.23,55.48,51.6,42.61,51.43,43.71,75.75,31.76,63.03,44.61,33.03,67.09,65.15,54.46,76.48,20.03,79.17,68.8
1784538550.4013996,25.56,43.15,74.1,24.38,69.18,56.39,69.33,32.58,27.74,38.16,64.48,74.43,78.31,63.75,33.56,34.36,33.85,47.51,64.29,70.72,71.96,65.73,32.67,42.73,50.85,59.17,67.5,46.24,49.46,70.56,52.73,26.04,66.51,46.17,24.34,71.12,66.23,40.53,73.11,43.06,72.05,40.37,62.15,58.82,65.47,33.7,64.59,69.3,34.72,21.97,72.74,28.42,27.48,54.67,57.53,59.66,35.01,67.42,48.17,32.02,22.72,44.39,43.58,47.24
1784538550.4117193,52.0,45.54,46.24,46.83,45.37,77.08,51.8,61.97,48.22,69.72,63.92,78.44,76.39,60.69,72.49,39.66,78.8,44.38,64.32,62.5,65.4,38.53,43.37,45.77,28.9,36.52,56.78,70.88,75.82,75.42,41.97,30.99,32.86,26.9,62.04,77.09,73.62,50.15,74.66,47.17,77.85,28.26,57.84,48.13,43.73,49.16,34.32,39.66,32.04,66.99,62.77,53.78,39.39,74.59,23.47,46.67,67.21,72.74,28.09,77.52,37.5,29.72,47.4,48.03
1784538550.421965,49.73,26.91,76.28,46.44,59.58,48.26,37.52,79.77,73.48,39.16,49.73,40.76,38.36,59.52,77.22,20.18,64.89,51.6,45.73,33.55,63.17,67.0,67.74,23.63,28.44,48.53,21.92,41.77,76.18,30.15,62.71,37.89,72.62,27.63,60.75,65.72,59.25,75.15,44.67,65.71,59.52,72.92,21.06,37.88,45.23,65.01,56.42,32.5,47.26,30.62,27.1,44.67,24.61,46.41,57.52,30.93,40.81,53.0,37.48,52.64,47.63,51.86,22.82,71.33
1784538550.4322145,24.21,74.62,48.13,75.18,27.48,71.94,53.81,76.8,41.91,65.58,69.89,22.58,71.41,78.37,37.36,29.87,21.66,23.44,20.04,43.49,66.75,41.47,79.31,47.57,70.67,25.33,64.3,56.23,62.97,50.59,52.58,64.26,60.19,33.4,75.98,53.51,41.04,61.46,78.06,60.92,63.62,50.2,49.74,74.44,56.48,21.04,62.07,78.32,29.06,27.74,52.43,50.45,47.8,23.51,76.86,35.86,69.22,72.8,25.38,72.96,77.54,31.54,55.77,41.17
1784538550.4424636,58.24,47.01,68.62,74.07,65.57,46.58,37.91,31.33,48.17,74.06,73.64,40.31,65.9,44.87,35.06,32.86,41.54,26.33,71.83,51.95,20.52,72.87,30.07,53.45,41.1,66.91,61.02,33.14,58.69,63.12,37.16,76.68,32.45,45.78,23.7,35.77,75.79,33.56,26.59,55.82,38.37,75.94,30.24,23.81,53.93,59.54,22.61,54.82,41.19,35.84,43.89,43.49,74.67,30.61,55.77,57.9,48.94,50.04,68.48,71.23,77.85,76.67,30.44,31.1
1784538550.4527845,38.39,45.68,23.11,31.67,74.11,24.89,50.73,42.02,57.22,37.04,53.15,27.69,32.95,72.65,26.19,26.09,31.69,77.4,58.17,32.03,42.33,39.03,47.74,27.86,65.79,61.7,33.51,61.69,69.21,21.88,64.03,45.84,75.36,72.53,47.47,44.49,62.48,70.71,49.71,70.63,72.1,50.63,39.66,59.25,59.65,47.52,33.9,26.81,49.48,57.32,78.67,46.11,20.19,55.44,68.48,46.34,49.38,61.89,59.47,59.77,56.29,42.5,39.25,61.84
1784538550.4630275,67.76,53.47,22.33,59.67,32.33,51.19,24.65,33.82,22.18,65.56,30.79,41.35,58.7,52.79,55.46,59.31,25.08,60.11,24.94,79.4,49.27,50.55,33.68,65.95,22.59,29.64,52.6,33.43,21.59,79.66,74.3,49.47,33.12,68.43,31.26,76.04,29.97,41.43,78.41,67.61,56.92,53.93,34.78,78.33,67.73,74.32,23.9,67.81,53.53,40.53,39.68,68.0,26.31,55.01,41.13,54.17,75.7,29.55,60.03,56.15,37.14,20.24,71.8,66.06
1784538550.4732819,35.54,49.12,24.93,60.68,24.99,26.85,75.17,37.59,77.34,29.24,52.99,64.96,28.5,65.82,33.17,20.52,45.8,73.97,36.75,37.89,37.11,37.69,47.42,28.67,37.03,35.77,35.14,41.39,29.95,25.34,70.28,48.74,42.02,38.83,71.35,38.16,45.05,53.4,41.19,45.72,77.16,46.81,30.6,70.82,75.13,21.06,34.66,39.9,51.22,71.54,20.91,60.77,34.33,47.52,43.66,56.69,36.13,72.44,72.27,37.37,30.09,73.78,72.14,63.01
1784538550.483591,71.84,30.27,48.87,59.28,34.57,29.1,31.92,36.01,66.22,22.17,27.41,23.2,32.3,77.46,44.74,79.23,52.08,78.25,59.49,70.65,79.26,51.83,68.22,53.56,39.4,36.42,47.77,48.37,69.2,46.58,27.49,36.48,20.39,58.19,76.16,50.94,73.44,46.86,51.04,26.58,71.81,32.68,31.86,73.49,48.82,53.93,33.51,36.63,53.44,31.72,57.74,25.41,62.12,63.21,65.24,78.16,31.33,46.51,64.06,78.07,77.42,31.87,22.37,56.82
1784538550.4938648,47.97,53.53,64.39,27.08,38.01,53.1,34.04,49.06,66.76,47.19,62.75,45.71,51.14,33.33,45.46,75.02,40.57,37.68,26.1,76.32,77.09,24.06,26.68,50.77,39.98,33.99,68.11,32.76,78.52,25.05,52.89,46.15,75.73,71.02,68.32,61.64,64.53,32.13,39.77,40.43,50.9,77.44,44.61,69.6,64.24,79.58,47.78,72.81,63.02,48.12,47.8,21.33,20.81,60.62,62.43,73.33,42.76,68.1,49.92,27.24,35.85,33.17,38.88,45.5
1784538550.5041068,75.45,75.17,52.34,61.02,63.96,43.19,52.18,42.93,57.22,30.3,31.38,39.82,70.89,45.2,28.99,54.12,75.97,51.17,38.82,68.03,66.14,38.51,54.17,62.59,72.83,68.93,51.43,30.5,54.37,76.93,21.83,51.83,44.72,75.72,74.97,32.96,37.97,73.49,41.66,78.15,60.19,50.31,20.07,69.64,60.7,38.84,59.49,63.32,60.49,33.3,25.85,23.14,72.41,52.65,58.34,75.25,52.51,73.2,22.46,55.34,31.08,46.57,77.78,75.82
1784538550.5143862,55.56,50.52,73.36,62.9,72.87,35.37,60.51,64.08,51.38,30.7,34.03,28.34,64.8,37.92,29.25,21.17,20.36,37.82,56.68,40.64,39.48,73.58,27.52,71.52,75.71,48.58,54.02,76.7,53.47,65.95,60.17,64.7,46.36,30.18,54.2,26.34,64.54,61.49,30.19,25.39,38.4,22.25,74.52,37.97,62.37,56.48,61.76,25.85,76.44,30.43,70.3,67.16,38.18,34.68,22.5,36.29,31.14,48.78,26.09,20.71,21.28,65.94,63.72,72.58
1784538550.5246506,76.41,54.12,57.46,53.83,41.26,70.24,53.55,71.32,38.99,78.52,41.94,48.66,56.82,37.87,41.28,31.95,47.62,56.26,36.14,47.4,50.31,69.71,47.56,37.05,69.34,43.7,73.49,67.04,79.39,67.75,60.64,38.24,34.01,55.7,67.03,44.82,78.63,21.21,22.91,73.58,37.37,77.47,25.88,53.13,61.64,35.21,55.37,20.0,75.47,47.5,31.9,74.48,31.4,25.52,35.31,28.25,27.84,55.31,38.31,51.0,39.48,30.35,27.14,44.79
1784538550.5349865,69.75,68.96,73.17,77.35,34.39,24.29,33.69,79.57,57.69,39.31,75.07,22.6,76.51,67.98,29.76,35.13,60.82,69.79,20.34,59.39,23.63,67.25,59.82,33.04,52.2,55.71,24.12,49.36,66.49,29.99,27.99,56.07,72.2,45.28,68.95,77.56,45.64,44.59,47.45,78.0,78.07,25.12,20.8,43.69,45.23,42.6,44.93,36.04,74.03,65.23,48.94,60.59,39.65,46.32,35.36,63.76,55.03,47.83,44.5,48.47,27.1,41.89,28.91,53.13
1784538550.5452666,76.73,31.49,47.79,28.41,24.44,39.64,41.78,37.21,63.84,63.59,49.89,47.29,53.04,65.47,51.58,67.07,45.93,28.84,49.5,25.71,56.3,22.45,56.97,54.41,35.95,47.82,34.93,71.35,34.88,34.15,74.3,38.21,64.95,74.56,52.6,22.31,60.42,26.76,70.44,49.82,25.18,41.52,25.88,33.96,21.41,49.98,51.39,62.74,46.75,68.55,26.41,73.44,27.75,38.29,72.41,65.28,59.28,34.02,46.54,24.14,51.0,54.72,69.84,49.52
1784538550.5554976,62.64,46.47,76.39,52.35,28.75,78.87,42.48,30.69,28.96,32.92,69.11,34.44,29.23,61.4,61.28,79.04,57.06,36.86,49.18,77.62,41.28,49.35,21.44,50.03,44.37,73.34,42.74,29.12,58.32,51.98,21.21,45.84,32.43,30.48,63.53,48.32,34.13,27.35,46.79,53.82,65.73,77.72,69.89,68.79,71.5,44.54,27.05,23.22,66.38,27.67,52.6,62.64,66.53,51.2,76.76,56.58,50.69,48.21,76.21,22.06,26.65,58.57,41.39,69.21
1784538550.5657518,41.25,51.32,73.6,51.32,27.53,61.35,74.45,38.26,49.06,24.94,79.16,67.83,56.96,34.07,61.68,61.72,50.42,72.7,71.46,78.05,57.61,45.64,24.19,62.82,72.85,36.35,42.03,26.18,21.52,48.64,20.09,65.02,30.52,32.66,78.46,27.82,76.57,66.64,43.11,36.95,50.81,37.2,27.64,27.59,65.98,27.6,35.57,23.4,71.63,69.1,69.57,42.99,60.06,69.6,76.1,39.62,57.04,79.01,69.79,50.95,54.39,22.86,74.02,66.07
1784538550.5759954,57.7,24.85,29.79,32.79,49.47,26.38,58.97,35.14,46.56,32.59,68.64,53.09,46.92,51.86,57.2,58.58,36.18,54.87,47.21,61.5,64.84,47.28,71.36,33.14,41.4,38.47,34.2,50.62,25.15,74.01,61.66,34.77,68.26,52.58,45.59,77.74,72.72,39.87,22.84,37.44,77.99,33.61,23.11,38.9,48.69,77.09,55.7,69.16,63.81,65.24,22.44,56.65,69.79,39.45,65.66,33.54,34.11,73.37,20.05,34.71,78.77,42.84,27.52,59.64
1784538550.5862122,62.6,30.46,51.91,67.4,71.8,76.28,74.04,52.63,25.19,26.06,40.23,73.66,34.68,75.07,30.59,66.3,77.49,50.94,42.35,60.13,58.0,58.82,63.51,33.69,31.99,69.77,68.36,42.28,54.83,75.63,37.08,48.84,23.59,59.25,28.62,23.31,64.15,57.6,41.5,40.83,38.94,79.44,27.71,59.24,73.41,70.02,46.91,72.91,29.72,21.92,78.08,31.59,22.97,70.7,55.86,52.17,73.34,51.25,43.52,23.97,48.38,31.39,39.95,49.21
1784538550.5965047,66.82,21.33,26.84,56.21,22.71,23.82,49.43,70.27,64.22,55.11,62.75,61.4,51.9,42.47,30.05,35.87,27.5,73.47,64.68,68.46,28.53,26.88,73.39,77.95,22.63,20.21,59.74,44.51,53.24,58.82,62.19,44.36,75.92,56.94,48.3,55.84,75.22,25.74,24.15,55.62,68.27,64.75,50.02,20.1,25.79,40.96,58.38,54.82,48.86,23.46,24.46,76.85,47.9,39.41,70.66,68.86,21.53,39.51,55.04,26.25,50.76,40.44,49.86,64.4
1784538550.6067545,74.61,34.47,76.11,46.71,79.03,68.06,59.83,22.29,75.71,54.45,33.9,42.73,55.3,56.66,54.37,41.63,73.58,32.5,73.97,28.96,61.46,60.27,32.51,63.17,21.45,38.3,38.91,55.43,58.51,27.91,25.44,66.39,26.63,51.19,47.18,50.4,48.0,24.86,43.55,79.32,39.06,68.99,72.4,20.27,57.83,53.51,27.15,66.69,59.63,31.08,35.5,37.32,51.62,32.82,55.97,78.39,39.36,23.69,68.09,77.26,31.3,29.38,79.91,66.11
1784538550.6170988,79.84,46.69,39.07,25.32,65.26,51.15,67.09,77.19,78.34,49.15,71.77,20.04,45.05,36.09,29.42,78.52,71.12,40.67,32.99,70.34,57.45,59.51,60.63,63.21,30.38,44.3,56.72,77.06,73.69,33.36,75.24,35.22,78.82,53.4,76.24,63.66,41.76,35.67,49.09,45.78,41.65,78.64,21.56,67.57,37.74,52.9,78.52,36.64,65.27,42.01,75.07,29.04,30.91,72.36,38.97,36.74,62.91,51.81,38.13,77.55,25.24,64.38,31.45,58.94
1784538550.6273682,21.32,43.09,61.9,48.66,23.73,49.3,26.83,71.51,22.33,61.56,23.94,76.45,33.7,28.03,77.43,68.61,76.9,72.12,67.22,35.98,69.51,27.58,36.88,60.88,58.31,40.4,75.27,22.42,36.08,57.53,34.84,38.37,73.24,44.01,43.14,70.71,77.26,31.59,34.96,63.0,22.34,44.48,74.97,30.61,32.21,53.59,28.26,73.15,34.54,30.34,72.5,40.5,67.77,21.09,31.5,68.11,36.13,72.9,55.34,57.15,37.84,39.45,31.78,79.78
1784538550.6376498,55.09,32.07,41.81,50.48,27.46,79.05,38.08,66.3,55.91,67.67,53.71,36.82,56.51,74.11,22.74,71.4,64.26,35.02,31.58,20.64,20.88,61.14,38.07,48.12,57.38,34.1,20.12,57.53,64.29,67.34,42.64,50.12,44.04,67.36,65.67,72.37,70.09,24.92,66.17,32.6,37.25,34.42,46.31,78.72,78.81,52.81,55.09,71.29,78.05,43.75,74.55,39.91,44.62,55.31,26.86,65.54,50.96,58.32,29.73,20.59,69.14,58.17,70.48,63.91
1784538550.647922,74.44,42.2,29.33,53.97,61.07,63.34,25.47,68.5,25.18,27.2,49.97,52.56,63.22,71.85,37.11,66.99,66.31,48.42,74.7,33.84,32.38,56.67,61.12,32.43,29.98,40.45,71.43,37.03,38.42,43.46,61.05,22.9,25.0,65.92,29.48,77.68,56.0,62.95,58.11,56.47,74.17,27.49,51.41,35.06,54.63,20.12,73.96,23.53,54.91,74.26,56.38,75.82,56.27,74.93,75.76,79.79,51.1,54.17,21.52,39.58,64.73,30.54,35.68,22.37
1784538550.6581807,32.9,77.49,62.59,29.54,66.01,22.48,71.48,64.6,79.35,65.69,44.77,78.36,46.12,61.04,72.52,34.45,23.86,42.73,37.41,61.73,33.86,61.32,79.11,59.76,53.71,63.17,60.72,37.41,43.65,31.93,31.21,55.67,54.51,42.28,70.15,34.79,39.37,23.73,39.98,22.35,35.94,24.43,32.54,78.81,44.0,77.23,61.86,62.31,44.65,70.75,26.24,42.73,42.52,67.9,22.11,56.29,41.25,67.94,39.97,24.5,53.11,23.82,44.22,31.51
1784538550.6684165,40.92,32.45,20.04,34.89,69.24,24.26,37.04,45.27,70.67,30.07,39.45,27.8,71.86,40.18,77.41,58.79,35.99,48.1,51.11,77.44,43.15,40.87,24.79,38.56,67.25,49.07,24.64,64.91,27.6,44.95,21.95,61.87,47.86,64.77,68.77,30.83,53.71,38.26,61.52,73.97,52.34,35.74,22.54,30.27,29.68,65.23,34.29,43.99,43.13,33.59,63.81,50.93,41.39,60.61,58.81,66.77,47.42,42.13,28.32,66.74,63.12,39.95,42.12,40.07
1784538550.678667,74.19,75.13,21.97,69.87,31.02,44.1,30.14,20.05,34.98,67.91,63.1,42.57,74.75,26.02,25.08,43.64,78.85,64.74,62.53,62.47,29.73,48.87,21.4,36.03,39.39,62.77,53.49,58.56,38.87,46.8,24.81,44.07,57.21,58.07,27.89,63.02,59.2,33.01,58.07,42.8,42.11,23.77,79.5,47.34,50.06,65.47,54.86,51.33,74.93,74.72,56.89,20.99,28.66,53.5,54.21,34.77,28.79,61.64,57.85,77.59,75.49,21.19,62.3,28.87
1784538550.6889603,39.65,75.65,22.93,49.93,60.87,33.07,31.18,32.45,38.05,31.86,76.7,76.92,58.2,38.59,25.17,75.48,23.32,28.74,46.73,77.31,79.56,63.02,67.41,67.9,47.59,41.59,69.25,24.81,50.16,55.65,63.48,26.28,37.46,65.43,33.58,35.76,22.2,20.78,74.66,51.8,58.97,29.23,35.32,29.56,51.15,62.76,59.62,40.08,25.2,46.14,21.43,37.42,62.68,37.77,55.67,39.2,65.61,54.12,69.23,47.87,42.77,46.45,20.2,22.26
1784538550.6993368,53.29,39.65,26.46,76.73,30.91,71.11,49.51,71.08,63.42,22.87,43.56,49.96,73.26,77.37,67.58,64.95,51.79,75.09,79.26,63.76,56.57,30.99,45.41,57.84,31.43,26.1,61.7,43.84,29.61,55.9,29.22,64.52,21.98,20.87,75.13,61.23,54.51,50.57,67.56,44.29,38.35,47.35,34.25,33.66,67.16,67.75,59.88,53.57,63.46,22.02,42.42,77.78,34.7,48.65,32.75,44.26,24.18,51.9,74.07,70.37,36.13,22.57,30.87,49.48
1784538550.7096786,51.64,35.77,24.71,62.47,43.87,73.58,59.97,39.25,61.92,29.27,68.34,35.66,46.57,52.92,79.58,42.55,28.79,25.48,51.09,31.3,32.52,76.47,64.14,61.23,37.85,66.55,50.35,21.52,35.15,67.49,20.98,66.93,63.72,62.8,23.99,39.36,37.58,31.8,71.63,58.57,21.04,24.97,60.74,77.46,59.98,28.55,79.05,30.41,72.83,42.53,72.04,58.94,49.03,70.78,22.92,38.08,44.07,75.55,49.2,50.88,28.49,64.17,51.08,60.5
1784538550.7199736,60.03,64.28,69.98,20.85,47.01,34.92,22.69,76.86,63.99,44.0,75.26,41.86,44.66,59.37,62.98,32.61,42.96,65.63,66.02,64.43,46.46,45.31,46.92,34.45,37.38,38.86,31.74,29.18,26.21,56.82,49.68,47.19,72.97,72.62,66.21,61.58,59.76,52.83,33.1,58.8,70.81,36.93,78.96,72.81,60.74,25.21,57.02,25.9,56.51,78.86,70.06,48.57,20.87,72.97,52.48,72.3,34.54,37.79,76.99,76.31,40.44,44.26,32.23,46.62
1784538550.7302,44.06,70.15,29.88,47.66,66.35,41.21,22.73,73.88,77.42,41.22,55.99,54.81,25.75,45.39,59.59,62.85,53.15,58.39,67.31,34.95,62.98,73.26,63.84,33.95,73.95,22.98,43.96,45.54,61.56,43.1,79.56,78.03,62.14,51.64,33.86,69.74,36.29,76.61,36.77,53.58,37.11,41.34,78.24,21.75,54.86,77.33,49.42,66.11,50.34,20.63,41.55,79.14,45.03,58.0,20.63,49.69,21.31,58.69,22.85,77.72,55.48,24.07,77.94,31.62
1784538550.7405362,23.96,63.97,25.49,48.32,32.34,73.67,65.57,25.9,47.2,72.22,23.78,72.57,32.75,65.56,47.62,42.96,56.42,77.44,67.83,37.02,75.93,23.77,49.68,41.62,69.48,53.14,33.18,22.93,35.0,62.48,71.93,31.55,56.59,79.45,46.48,26.23,61.99,59.62,54.13,41.07,33.72,29.95,48.15,77.57,28.86,70.22,63.57,24.99,67.36,42.82,40.73,70.26,58.5,54.76,54.82,48.33,61.96,52.43,66.39,22.84,72.04,22.53,23.34,25.04
1784538550.7507763,25.83,63.51,22.32,67.33,60.36,67.53,68.82,64.11,23.35,76.89,55.26,34.5,28.47,70.95,53.56,32.72,44.76,38.7,23.93,58.77,55.41,26.7,47.04,57.12,56.6,73.15,61.46,26.57,62.91,74.59,67.31,49.72,37.71,27.24,34.66,74.92,42.35,79.2,79.46,21.04,69.92,42.35,46.23,44.09,74.65,65.55,36.19,54.6,33.53,49.13,38.32,65.72,54.49,60.96,44.24,30.5,75.48,48.69,60.84,42.68,34.43,35.18,60.06,50.92
1784538550.7611704,33.36,56.21,23.91,73.07,33.75,35.12,70.78,50.43,58.54,43.51,55.49,28.44,31.56,60.06,71.72,55.57,23.98,53.39,71.71,73.86,43.28,23.32,30.37,22.59,70.88,37.27,50.62,77.49,47.35,23.12,28.93,39.61,23.12,57.47,23.6,59.56,57.39,67.11,24.16,39.17,30.78,38.4,67.46,79.04,65.72,27.05,46.22,43.07,48.46,58.67,60.6,32.28,37.27,68.9,28.13,69.16,35.97,70.74,54.08,28.11,30.12,61.9,56.04,46.65
1784538550.7714365,53.87,52.75,20.85,59.04,52.57,31.77,28.23,47.77,32.59,63.73,29.43,38.72,42.05,52.9,62.11,37.46,78.73,78.06,67.24,70.0,54.82,20.38,63.0,70.42,31.55,59.92,64.31,28.94,20.87,37.61,78.42,32.33,58.46,36.89,31.05,60.72,64.21,23.2,42.31,21.08,78.18,61.2,73.84,64.41,70.9,60.22,64.55,61.98,26.69,42.62,71.28,29.44,20.21,75.32,48.99,66.61,65.43,34.08,25.09,66.9,77.1,74.63,54.98,44.16
1784538550.7818024,70.52,21.37,49.74,27.11,66.86,57.87,51.32,50.5,71.88,62.72,45.63,50.25,29.19,51.62,65.8,41.74,38.47,48.26,70.81,79.13,21.41,60.63,55.21,67.69,70.05,22.46,27.07,45.69,37.41,44.11,54.45,76.21,29.33,50.17,51.0,61.22,75.53,45.61,35.72,43.26,69.73,70.35,45.79,33.05,50.17,40.19,58.0,66.68,48.44,50.38,63.39,70.99,41.38,66.34,37.47,64.92,67.39,20.34,20.18,38.71,72.54,67.48,63.79,60.82
1784538550.7920995,64.64,73.34,56.26,42.81,33.35,45.56,30.5,65.73,40.71,54.54,55.59,66.11,67.42,70.16,49.67,24.36,56.55,30.04,21.4,53.13,73.87,62.2,65.87,70.98,34.5,61.32,58.45,43.54,66.3,24.62,35.31,76.9,69.59,42.79,33.82,39.96,69.74,25.05,37.96,40.3,29.22,66.81,60.3,78.83,20.83,21.42,57.98,56.9,70.98,69.24,26.18,79.56,77.96,56.54,68.94,68.39,39.48,28.0,62.64,69.18,33.7,44.92,35.35,61.35
1784538550.8023572,44.43,25.31,50.46,33.97,45.82,51.04,53.4,50.33,28.35,36.75,25.53,25.52,79.07,66.12,57.16,34.51,54.54,40.11,41.32,78.57,77.85,69.73,66.2,51.01,68.66,53.92,24.31,63.43,51.52,21.22,49.8,69.71,70.88,45.77,23.93,31.89,33.32,42.93,24.67,27.94,61.23,46.64,78.16,50.72,20.4,52.06,78.22,22.86,48.62,76.21,54.34,57.16,43.12,63.58,41.16,29.67,45.64,79.54,73.31,62.12,72.37,20.03,34.75,31.22
1784538550.8126137,20.28,28.17,50.7,67.8,65.06,70.2,25.04,75.38,60.96,70.52,48.22,61.75,65.61,33.42,59.45,50.09,70.5,48.91,70.96,58.92,39.44,67.03,42.97,66.15,64.1,78.16,36.67,64.11,45.55,56.29,72.39,57.89,56.42,59.41,38.31,44.22,54.97,21.91,22.43,39.01,41.14,20.61,34.3,35.25,37.3,65.04,24.43,58.38,54.07,52.14,31.08,27.71,58.04,70.76,71.56,51.73,75.46,68.1,44.69,56.17,23.73,53.57,27.41,60.86
1784538550.8228896,72.24,79.99,78.12,28.78,23.0,73.79,46.67,51.28,30.06,70.97,28.83,75.6,35.81,58.94,71.08,46.61,69.42,38.36,33.21,51.37,66.85,78.46,34.74,38.12,55.66,54.67,22.83,57.69,45.26,75.13,55.64,61.09,32.48,25.2,39.61,66.44,67.11,52.75,42.5,42.38,37.81,67.3,44.95,42.63,54.66,71.05,49.73,40.78,56.97,76.03,67.28,46.35,28.33,51.75,26.25,62.25,57.53,48.03,64.39,49.15,61.33,66.67,75.97,61.88
1784538550.8330872,66.27,25.34,61.92,30.75,32.78,79.85,63.06,59.61,38.37,63.68,58.89,66.74,55.34,36.84,60.52,55.06,70.79,27.04,52.71,41.48,39.38,50.15,77.72,70.16,77.68,22.02,64.2,53.52,70.95,45.97,69.65,66.29,46.99,54.41,32.97,71.58,76.74,75.58,32.27,63.05,50.59,53.04,68.82,49.36,61.95,27.81,42.08,62.36,72.16,30.57,33.94,47.56,32.8,41.82,30.23,72.82,55.3,75.09,51.58,78.15,40.0,42.98,53.93,79.12
1784538550.8433492,69.17,24.41,59.14,60.68,35.91,34.92,76.23,38.07,73.42,62.74,77.25,76.4,25.59,27.4,63.52,47.79,48.27,44.09,29.15,46.98,61.35,70.37,52.58,62.11,43.24,40.4,54.33,72.25,46.42,72.68,45.15,38.9,45.36,28.72,43.15,57.01,71.08,61.73,43.91,61.75,22.95,52.06,42.42,36.63,61.76,23.56,31.81,33.95,38.79,74.35,43.13,51.01,70.45,76.65,40.91,25.85,71.02,55.76,54.94,30.83,25.98,55.76,25.53,76.35
1784538550.8535857,47.35,38.59,76.45,56.19,46.47,55.18,59.13,30.26,32.0,61.23,35.08,39.27,78.96,45.71,29.58,38.8,43.0,36.25,26.21,32.03,75.94,22.49,42.14,42.3,69.92,62.79,34.52,67.46,36.12,57.16,70.81,22.68,38.58,73.57,70.7,35.4,61.85,31.49,62.76,42.45,29.24,52.71,33.08,52.89,26.59,51.01,30.6,36.1,55.25,51.05,24.47,22.83,76.67,61.39,56.37,22.5,69.33,72.72,62.44,74.52,48.24,33.1,69.11,58.2
1784538550.8638206,29.2,51.36,69.62,38.69,55.05,65.15,30.86,48.27,55.39,74.46,20.54,38.48,79.64,31.48,28.3,38.62,49.75,70.43,45.97,62.46,33.69,70.73,32.0,48.13,59.28,53.32,43.32,28.12,76.36,30.16,76.78,71.96,27.02,61.63,29.46,58.3,25.26,23.28,31.96,73.91,78.83,26.55,25.99,61.41,21.65,31.93,40.9,58.65,72.0,20.1,31.64,20.76,71.38,40.61,20.65,32.68,69.28,42.18,66.18,40.93,57.5,72.06,48.4,39.31
1784538550.874092,42.49,33.19,63.91,44.21,46.81,26.21,57.97,48.68,50.09,51.26,72.8,48.99,59.3,71.05,46.19,74.13,41.87,41.4,76.24,38.45,44.33,32.89,38.06,47.84,23.11,32.22,24.51,29.51,57.03,61.9,27.95,21.57,53.93,71.41,41.71,58.06,34.62,41.61,74.5,74.55,37.57,74.22,50.89,46.28,21.09,45.07,78.09,46.0,28.42,69.86,27.66,75.72,46.8,70.92,38.18,66.81,75.76,58.79,54.88,36.08,30.63,22.38,25.43,65.81
1784538550.8844652,57.82,54.35,24.77,31.69,27.26,72.12,71.13,53.0,21.86,32.18,51.95,66.93,27.46,78.86,31.0,65.87,29.05,55.14,57.18,21.22,62.12,77.29,31.71,43.07,74.25,20.15,30.32,32.31,44.32,62.72,50.8,66.01,20.86,52.25,42.83,78.01,56.33,45.4,22.21,34.39,79.71,65.52,22.44,35.23,21.31,48.74,44.03,22.99,75.53,23.01,58.86,48.61,61.96,43.85,36.25,55.66,36.15,56.88,53.69,78.96,50.11,74.86,26.08,31.62
1784538550.8947978,42.39,72.91,51.93,59.98,29.33,79.02,36.97,61.46,55.81,27.3,24.34,23.96,25.41,37.36,78.4,26.03,43.45,21.66,23.34,54.11,35.02,21.32,23.1,75.0,62.2,41.29,54.2,31.71,43.02,43.85,20.04,51.88,79.43,40.67,53.33,53.29,27.97,58.1,24.66,46.15,59.55,68.34,20.88,39.45,49.44,37.33,63.31,77.03,37.96,55.85,77.31,26.43,43.97,29.75,66.49,38.85,25.54,48.36,78.18,28.58,67.44,66.54,27.3,76.89
1784538550.9050872,75.22,76.2,72.39,57.7,46.07,57.73,29.67,75.13,57.37,26.5,57.94,52.91,63.16,34.94,43.39,53.44,42.24,53.32,46.48,49.52,64.93,43.65,49.39,26.63,65.63,25.89,69.83,42.74,34.6,53.11,28.4,55.18,36.09,66.28,24.11,75.23,53.21,42.65,65.19,45.96,24.39,63.46,78.84,78.89,36.62,40.03,25.07,53.45,37.85,70.25,45.57,71.03,68.44,31.43,38.11,72.4,39.32,25.64,31.94,53.32,60.02,43.5,39.23,74.12
1784538550.9153473,41.83,72.52,36.76,66.25,39.6,53.53,45.65,36.11,23.35,73.13,59.63,25.59,41.3,24.37,70.98,63.58,44.41,78.77,45.87,59.46,45.23,47.79,47.32,42.58,36.7,31.15,50.64,28.45,39.9,56.34,66.24,31.81,63.19,76.02,38.13,20.41,55.38,55.5,68.74,22.09,24.88,52.34,53.09,79.76,32.26,66.6,31.94,63.24,46.44,71.71,69.34,27.85,71.13,42.44,49.59,22.77,48.05,75.01,67.82,62.97,52.83,32.12,77.27,57.21
1784538550.9256313,22.34,34.36,60.42,73.48,46.98,37.17,42.46,78.84,43.5,46.96,64.26,35.42,35.85,55.99,46.41,33.23,65.7,69.05,59.71,63.75,73.25,69.6,41.42,25.43,37.78,27.49,60.6,43.42,48.47,45.51,44.21,36.91,27.38,71.09,21.23,49.62,51.08,60.98,68.67,69.06,32.52,22.34,47.18,43.04,38.91,52.18,29.19,32.82,75.92,40.86,28.05,68.17,79.23,77.95,79.82,21.32,23.42,66.48,29.07,49.65,68.51,54.8,45.06,38.44
1784538550.9359019,42.03,72.2,59.8,62.13,27.17,56.43,27.76,24.25,23.97,21.67,74.43,51.04,75.5,60.48,59.54,26.99,46.19,57.86,74.34,51.77,30.43,54.51,49.44,33.32,25.01,75.01,24.18,52.45,68.68,64.27,79.27,27.66,41.76,73.89,50.45,61.5,22.53,59.57,54.55,47.51,23.04,29.67,50.02,59.15,42.45,42.67,56.82,56.21,27.2,64.12,64.34,21.96,48.44,38.42,32.66,56.85,50.76,69.37,64.67,67.94,25.45,76.5,34.88,44.61
1784538550.9462848,73.56,27.15,40.07,31.3,72.55,39.11,74.27,69.76,56.94,33.06,60.51,68.53,79.42,23.63,57.29,25.64,31.9,40.74,64.32,50.43,60.14,70.93,25.36,69.03,75.75,56.72,28.66,22.99,26.9,27.43,42.15,21.52,43.34,65.18,32.84,67.79,31.38,41.05,36.58,45.83,62.81,72.17,40.05,25.99,78.16,48.05,40.68,53.21,27.43,74.48,24.64,78.77,65.7,54.36,77.57,67.25,25.0,48.21,32.5,63.72,71.13,39.41,79.53,54.59
1784538550.9565406,25.21,56.85,57.55,65.24,68.35,76.03,55.13,39.59,58.71,31.02,35.87,58.89,54.99,38.17,78.88,63.33,34.05,61.19,72.14,50.2,49.37,47.13,39.98,54.93,42.21,54.14,62.66,22.96,43.6,68.45,33.11,55.61,25.33,63.39,76.96,37.03,56.73,24.2,68.96,44.41,52.34,71.05,33.38,22.36,52.97,67.25,46.74,68.86,75.49,51.26,27.51,79.79,46.9,51.33,48.71,61.52,27.16,53.83,47.25,73.22,51.86,77.51,26.3,75.99
1784538550.9668272,74.06,23.6,65.51,24.88,73.74,79.65,48.46,41.93,55.58,43.07,32.17,36.15,68.38,35.27,77.78,23.89,47.43,51.83,62.11,51.03,61.61,22.48,75.24,44.71,38.09,54.59,24.7,65.59,67.57,51.81,63.18,67.98,61.77,47.87,67.12,21.74,66.82,79.53,22.38,62.26,57.48,42.18,41.96,49.54,71.96,66.88,68.16,59.9,37.21,22.54,76.02,62.85,71.76,70.67,20.35,33.66,62.39,62.74,61.31,69.12,35.03,76.55,24.81,42.14
1784538550.9771385,37.64,20.48,47.15,69.59,68.18,71.81,40.25,38.23,24.82,20.5,47.0,60.1,20.08,44.27,48.39,21.72,75.85,72.2,32.83,35.28,69.58,69.55,66.21,59.49,60.4,30.6,24.07,31.08,26.86,59.9,21.29,67.01,72.47,79.26,71.27,31.48,36.8,55.46,50.4,72.17,44.39,57.5,49.6,58.19,30.84,47.14,26.09,37.66,72.43,38.36,55.61,30.63,71.73,43.59,34.56,25.44,33.14,36.08,77.24,65.71,71.06,33.36,57.07,44.11
1784538550.987399,23.76,70.89,55.26,47.79,57.68,58.31,23.63,39.86,39.96,33.38,27.16,76.2,74.14,75.65,47.39,74.87,58.06,35.31,65.2,79.02,71.12,30.63,30.2,60.87,36.28,47.49,51.2,33.92,41.25,67.19,23.02,57.43,31.4,55.16,63.46,73.44,41.95,54.68,64.7,68.44,57.15,60.22,22.63,75.36,36.19,41.01,79.66,76.67,46.16,42.53,48.85,20.86,66.2,29.33,67.04,60.8,29.97,40.83,69.78,55.52,29.0,40.93,35.88,39.95
1784538550.9976213,74.89,21.66,43.35,65.76,48.89,50.48,20.3,67.59,65.59,24.35,61.35,42.58,38.33,24.28,79.37,60.78,52.13,64.87,23.84,41.9,38.38,39.4,45.67,55.03,70.76,55.27,51.65,36.73,58.93,55.53,31.81,26.05,70.39,23.77,29.08,32.39,40.15,65.71,78.4,36.71,70.39,26.61,64.04,60.31,53.65,39.23,45.84,62.54,32.99,52.6,37.84,28.45,63.14,35.57,51.76,32.28,69.43,56.27,57.36,70.82,55.68,78.2,41.32,77.66
1784538551.0079215,21.3,34.96,40.98,64.19,61.14,74.84,35.59,40.71,72.33,53.55,35.47,79.29,49.8,71.05,33.92,31.36,44.87,29.49,72.21,75.38,44.49,53.82,56.62,20.35,21.04,58.41,56.78,30.59,71.65,48.37,32.27,72.74,65.8,57.25,62.35,64.34,54.32,33.75,30.53,37.62,64.12,38.14,41.13,77.54,55.56,43.44,70.0,73.9,62.44,25.49,32.13,49.63,61.0,78.78,39.67,20.04,46.74,52.08,47.08,35.84,23.42,57.09,49.23,30.01
1784538551.0182574,33.08,42.81,57.64,51.8,43.49,33.47,44.84,67.07,59.28,59.68,23.47,61.77,48.3,72.1,30.9,32.58,21.79,33.97,24.99,23.18,64.96,43.1,63.29,74.99,66.99,47.7,40.11,56.55,23.35,26.27,64.86,41.89,25.91,35.58,45.75,28.53,65.21,65.31,48.23,69.85,69.95,74.45,73.8,79.87,58.63,44.42,36.1,60.55,41.2,61.58,77.98,52.76,43.73,28.84,74.94,29.58,41.55,46.01,55.11,53.7,45.43,44.59,61.87,73.89
1784538551.0285823,52.95,36.59,77.13,20.43,26.03,34.56,24.25,24.65,21.67,64.07,41.79,55.68,67.0,74.85,63.43,27.57,37.33,20.32,27.01,47.4,58.99,29.92,51.23,69.42,48.89,53.88,64.24,76.17,47.91,24.54,46.81,65.75,49.39,32.2,56.36,64.63,42.43,30.67,52.97,34.98,69.08,39.12,67.98,29.71,38.27,61.38,58.43,45.13,67.98,20.17,37.5,75.39,67.82,57.44,29.45,44.67,41.47,78.49,65.17,45.94,63.0,34.97,53.31,47.34
1784538551.0389168,74.4,53.17,60.3,60.69,26.05,58.94,43.56,42.27,54.06,69.27,56.68,61.65,69.45,67.69,23.89,24.55,55.47,60.61,42.79,65.96,72.96,34.05,55.79,44.58,38.6,38.31,77.41,40.55,63.14,50.87,53.88,55.07,63.41,49.83,34.15,48.93,63.43,79.58,57.46,49.24,73.88,57.09,57.44,56.46,22.81,62.25,26.45,53.54,76.56,76.51,57.31,62.34,65.83,64.15,34.51,47.74,44.69,52.44,67.86,54.75,60.6,55.34,36.76,52.04
1784538551.0491831,28.49,78.41,32.58,55.98,69.6,78.18,68.35,58.85,33.22,37.99,74.5,33.08,46.88,70.02,54.37,58.62,50.35,52.69,42.78,41.56,61.32,64.82,70.51,28.29,69.56,21.99,64.24,68.51,41.65,66.65,74.13,74.39,39.34,62.83,28.04,48.07,65.64,35.3,39.57,47.7,75.41,59.34,25.59,59.19,74.74,59.78,22.53,69.99,50.78,57.04,25.36,74.36,57.18,55.04,60.25,29.16,31.8,56.62,65.13,58.89,77.15,28.92,45.56,42.6
1784538551.059508,44.5,35.11,49.66,43.28,26.26,44.89,69.22,77.7,25.34,59.41,59.39,46.31,22.69,71.1,41.68,69.36,28.38,38.57,38.02,28.49,49.03,65.65,59.95,43.99,55.42,38.01,77.48,45.23,72.74,25.44,68.11,21.55,53.35,22.41,75.51,26.98,44.66,23.01,25.55,73.6,46.58,73.81,40.13,20.05,28.79,55.46,47.41,79.34,34.48,64.53,46.16,20.19,21.56,37.31,28.53,27.04,27.88,20.36,67.09,20.09,37.0,79.75,52.85,25.13
1784538551.0698416,39.5,78.89,36.63,26.44,20.69,51.71,79.32,38.54,26.01,65.05,25.89,48.76,73.29,66.02,68.91,48.95,35.21,23.95,76.31,23.82,26.23,69.94,61.27,35.23,62.81,53.45,70.31,72.23,50.51,78.36,28.24,26.55,45.44,75.32,40.66,63.32,41.98,68.71,20.49,70.25,62.73,49.13,55.54,75.2,47.9,48.58,50.93,33.36,39.94,56.23,54.14,34.01,65.7,72.27,55.62,36.97,32.37,62.82,50.62,78.97,42.14,40.86,56.56,57.27
1784538551.080148,27.91,63.81,60.19,39.38,20.78,74.75,46.66,45.95,68.68,66.83,70.49,25.74,35.19,28.73,64.4,76.31,64.88,65.7,56.59,21.23,71.83,23.75,68.22,28.28,46.8,71.09,26.73,61.33,56.91,44.77,49.21,26.96,32.22,62.68,67.36,37.41,44.51,47.39,75.43,65.33,20.71,75.58,60.57,21.98,51.08,58.96,33.68,28.9,43.35,30.92,35.73,60.95,57.93,60.64,65.71,29.35,44.32,49.67,49.29,45.63,50.72,66.61,53.15,57.02
1784538551.0904672,33.41,57.19,74.62,52.28,61.97,33.78,78.58,36.94,47.04,71.07,22.36,67.06,36.61,70.15,34.59,49.41,24.72,54.32,60.0,22.06,41.84,47.68,49.78,57.7,71.46,58.06,40.32,47.45,77.52,23.66,62.33,71.55,73.0,66.25,61.47,38.63,39.17,33.8,74.2,52.06,33.86,20.95,78.17,40.62,44.44,30.41,20.09,49.1,41.69,29.02,35.93,78.35,77.25,79.37,43.76,34.15,63.91,59.97,75.69,34.66,76.69,36.05,72.66,44.78
1784538551.1007955,64.82,50.72,22.44,74.1,62.21,51.04,58.29,66.85,25.02,52.78,42.38,36.37,27.03,27.52,78.51,41.06,51.7,74.52,75.35,55.04,49.99,36.57,23.22,55.7,28.03,54.1,62.08,30.55,65.1,30.95,21.31,60.31,77.43,40.23,39.57,34.09,51.4,68.4,75.93,71.42,30.13,44.18,71.58,54.62,41.53,62.89,44.16,23.69,45.57,52.11,77.32,70.09,21.99,36.83,40.3,25.54,36.72,63.75,26.73,33.74,76.48,40.12,23.15,40.53
1784538551.1111088,75.74,39.11,30.31,70.71,48.48,39.36,45.77,66.46,76.69,69.67,51.66,36.11,65.54,41.84,49.43,50.41,33.35,21.73,60.91,29.0,27.81,37.91,40.56,59.89,61.94,55.5,35.33,44.98,42.4,47.49,66.14,25.59,65.51,58.26,41.36,25.4,64.61,70.73,44.09,30.72,58.97,63.76,36.06,36.29,49.67,30.08,26.74,55.15,26.88,61.22,78.88,47.9,24.43,75.95,23.37,79.23,76.95,73.12,79.17,72.37,42.11,59.77,61.79,73.98
1784538551.1213536,70.27,38.99,36.89,66.4,39.87,37.81,41.5,73.38,62.66,78.95,27.29,47.43,27.83,70.98,70.21,34.22,70.78,21.18,77.22,66.46,51.9,26.47,60.1,58.44,20.71,38.52,78.86,68.86,43.99,58.71,40.18,60.15,52.64,28.15,50.78,38.67,36.61,38.53,48.16,45.47,30.27,47.45,43.49,56.67,73.6,38.31,77.69,59.64,78.81,73.13,75.48,77.73,26.12,50.23,79.62,32.23,63.56,28.9,61.92,27.82,59.74,66.2,34.0,68.13
1784538551.1316001,62.64,73.75,41.31,56.65,54.43,36.04,25.99,34.43,43.16,59.1,69.61,22.96,78.79,26.9,25.62,36.15,29.55,46.45,73.12,46.11,68.87,69.72,72.09,66.41,76.15,59.73,43.44,27.11,37.21,52.85,74.2,35.89,78.22,38.84,27.52,23.74,25.56,22.01,39.76,29.32,44.75,20.6,43.41,50.84,30.85,61.49,28.45,78.65,78.48,25.02,28.25,67.95,21.77,64.84,74.62,73.82,54.3,53.63,57.21,59.32,57.19,27.08,66.88,27.62
1784538551.141928,38.98,59.86,38.93,41.9,24.97,52.77,66.95,34.86,71.33,64.99,20.19,29.82,46.25,53.6,68.17,26.11,46.21,27.41,23.01,39.71,45.2,67.95,75.51,38.92,27.74,35.47,28.6,52.26,50.13,66.76,62.47,54.77,62.22,32.71,78.88,70.57,74.31,52.97,45.93,69.34,20.43,22.77,50.97,68.62,53.06,31.17,43.88,22.96,22.61,78.64,34.88,63.47,57.93,35.37,63.86,49.84,62.83,77.76,34.69,23.97,25.0,23.72,46.66,30.34
1784538551.1522596,52.69,57.06,57.76,51.4,50.15,63.56,73.89,32.63,35.35,67.23,21.7,44.83,43.83,65.73,51.74,47.45,38.57,40.28,61.46,25.87,39.16,44.8,77.39,30.09,60.7,25.85,73.75,34.14,54.38,60.31,41.9,20.07,40.39,42.26,61.97,76.23,74.96,48.55,78.21,50.87,25.7,78.39,43.29,73.52,79.0,51.04,35.57,58.96,21.88,34.29,44.81,69.51,20.23,52.66,62.44,43.91,42.99,27.81,30.48,33.01,51.22,60.35,39.03,28.0
1784538551.162564,72.22,56.42,20.61,35.37,71.85,57.35,53.76,74.95,62.67,77.52,56.79,62.45,20.14,63.0,49.78,66.42,46.57,33.8,58.79,63.32,74.2,40.11,69.77,47.38,33.04,38.19,20.35,53.52,71.13,28.1,44.43,46.19,47.28,45.21,33.01,60.95,61.44,50.06,25.89,21.17,78.64,45.76,56.46,63.72,61.29,36.24,79.63,41.14,50.35,42.87,58.45,71.12,61.22,37.39,60.67,28.65,31.8,58.55,65.95,32.99,59.99,61.33,76.83,26.17
1784538551.1728559,32.6,41.08,56.56,34.33,33.59,35.45,48.65,77.77,45.25,39.16,66.72,45.43,55.51,52.94,35.17,52.25,40.35,51.68,67.67,79.48,76.06,58.03,71.38,33.05,25.36,37.35,59.47,29.98,63.66,53.62,47.41,51.78,43.44,24.27,29.31,60.64,21.71,61.93,74.68,41.66,27.89,58.9,66.85,25.06,66.03,36.79,35.16,65.35,64.65,74.66,74.28,29.12,57.91,74.22,20.8,39.54,76.91,60.44,55.83,59.24,41.1,53.64,75.05,20.81
1784538551.1831644,36.76,76.85,79.16,77.43,69.72,28.59,42.01,65.74,66.4,44.82,67.33,51.75,28.07,63.46,35.49,32.16,34.53,75.41,52.53,59.84,42.87,77.19,55.52,64.1,52.85,59.06,49.43,20.15,29.08,76.87,26.1,51.89,79.57,55.56,40.32,79.13,56.28,72.84,48.9,27.1,29.9,64.9,20.16,62.14,23.35,23.0,72.77,58.31,42.33,34.56,61.75,61.76,32.28,40.32,72.41,57.52,55.96,60.93,22.08,79.28,53.99,34.85,27.39,48.4
1784538551.19347,46.58,59.44,57.47,29.38,70.73,51.76,58.83,68.79,20.19,71.32,41.73,26.72,44.84,42.37,29.67,47.41,64.24,71.78,62.06,22.76,49.98,62.96,43.99,37.49,61.25,31.89,39.63,48.17,46.04,57.05,59.84,30.03,46.16,47.06,77.15,21.94,39.0,74.43,47.08,40.44,63.34,43.55,75.88,52.26,65.28,33.36,50.02,25.97,50.35,41.59,31.19,66.35,75.91,77.28,43.03,21.5,36.56,69.41,51.79,62.67,50.42,29.06,27.75,26.08
1784538551.2037544,78.54,44.87,66.93,21.31,24.01,32.9,39.63,38.9,25.99,40.4,66.15,66.27,72.94,21.97,47.85,49.8,73.57,63.06,21.49,75.52,62.71,74.47,30.25,27.92,50.47,22.82,39.69,66.81,57.92,70.29,60.42,65.13,65.14,29.75,43.53,65.19,51.38,27.5,76.2,20.04,57.81,59.07,61.38,59.31,43.62,52.2,49.5,31.26,21.68,68.75,40.55,39.99,22.66,49.41,69.03,22.09,48.51,68.78,70.84,78.43,46.2,72.38,69.73,28.42
1784538551.214018,70.58,46.91,47.48,71.68,53.26,26.75,35.53,51.19,47.6,41.08,55.16,77.25,27.71,27.86,20.03,62.67,32.54,24.39,52.11,65.97,27.21,49.23,70.56,31.87,60.43,44.71,62.33,74.46,56.08,59.13,36.38,32.59,67.75,37.7,64.46,51.68,34.17,44.01,73.13,45.37,76.31,30.25,42.02,78.96,52.6,35.48,31.91,48.86,58.79,47.74,54.6,23.04,62.95,21.96,67.33,37.7,32.7,55.65,31.22,29.4,39.11,56.91,23.81,20.25
1784538551.2243001,38.1,47.81,66.35,77.42,78.07,27.05,37.63,62.24,59.56,33.16,34.16,73.77,44.38,30.0,67.82,55.38,66.1,34.78,77.21,39.71,48.98,70.59,58.8,52.61,60.68,24.99,73.93,21.58,79.1,30.43,71.82,62.55,49.63,41.55,47.78,50.07,34.21,79.37,40.33,78.53,54.97,53.41,45.15,27.54,26.17,54.47,62.85,42.4,75.69,70.74,47.33,53.92,72.17,77.53,39.16,32.96,44.15,40.11,72.0,74.48,56.36,54.11,64.84,47.79
1784538551.2345166,60.64,40.65,56.12,29.93,64.95,46.89,50.82,45.61,39.91,74.87,69.0,46.54,55.44,31.52,66.98,44.53,74.41,57.86,75.68,59.41,51.53,65.75,69.36,32.99,76.7,66.78,39.69,23.63,44.57,26.13,61.48,72.6,65.51,39.23,20.9,65.46,35.19,52.18,76.38,53.37,74.49,39.87,30.99,37.02,75.21,45.68,24.26,41.41,67.98,78.76,57.42,65.71,79.59,42.07,28.03,69.95,26.62,37.95,47.68,33.45,44.76,39.31,65.87,48.63
1784538551.2448168,22.52,24.46,25.97,40.68,68.27,73.2,56.13,45.48,46.1,56.5,36.29,44.28,32.77,66.57,61.95,31.95,68.82,33.81,78.46,41.04,50.68,29.67,38.36,70.46,39.98,44.14,69.3,71.05,22.21,31.03,50.2,33.48,54.39,53.44,42.1,65.18,25.49,25.41,31.32,52.75,64.85,75.29,29.08,66.41,47.57,38.67,29.59,33.47,66.48,27.47,26.47,61.41,42.53,75.54,65.81,41.36,67.98,69.23,52.73,39.3,56.65,22.7,78.35,40.36
1784538551.25511,66.72,69.77,25.93,62.01,50.98,20.37,43.96,46.76,79.65,61.21,52.26,74.91,60.7,53.07,76.06,59.39,29.6,61.86,32.49,35.67,22.75,41.19,63.11,27.66,71.64,45.13,56.94,48.34,42.32,52.81,28.52,77.7,39.35,60.38,72.55,68.74,65.31,32.33,78.62,67.55,61.02,50.17,51.76,20.06,63.79,63.36,57.28,40.26,68.22,42.33,68.2,25.32,43.24,69.39,72.69,43.71,23.36,30.51,27.45,57.92,71.56,56.93,32.39,65.74
1784538551.2653244,46.39,76.83,66.76,72.08,30.89,56.64,75.08,35.33,38.43,79.35,28.25,42.58,30.22,32.8,56.17,49.97,79.34,72.65,45.19,57.58,26.86,55.79,63.54,22.35,23.39,69.16,43.58,59.68,58.66,37.59,47.06,78.57,58.11,21.75,76.92,32.05,34.43,31.98,31.2,30.3,44.73,22.14,76.1,29.66,55.38,27.82,52.59,72.09,78.96,20.1,34.47,35.24,63.61,25.08,76.81,38.94,48.92,52.82,45.11,68.51,35.23,35.6,50.52,42.49
1784538551.2755702,39.77,35.08,40.16,52.58,39.53,55.0,77.69,21.68,61.08,75.75,27.77,56.01,36.8,58.7,45.51,45.78,35.15,46.26,65.35,67.45,74.17,44.35,32.16,59.17,23.71,50.32,47.36,25.94,56.82,75.67,33.58,65.83,32.79,37.51,51.13,45.44,49.1,30.49,78.2,42.13,34.46,46.44,28.54,47.84,23.33,53.92,79.47,66.9,78.54,25.42,20.68,45.53,22.77,62.65,69.74,49.68,51.7,42.74,66.01,40.44,37.89,33.16,44.39,28.77
1784538551.285805,32.38,35.17,26.62,76.6,58.21,43.08,21.2,64.65,68.01,24.74,36.65,47.39,27.5,38.29,72.26,61.44,65.55,41.1,79.65,79.41,69.56,38.17,69.67,67.7,35.7,27.45,34.25,49.76,73.4,29.05,62.6,48.5,37.19,59.77,30.95,26.99,22.35,31.7,77.83,55.91,58.0,59.28,34.61,20.02,37.56,37.53,41.29,44.83,28.2,75.06,79.04,36.23,37.65,59.76,36.73,54.58,55.96,28.59,54.33,24.39,76.1,27.13,67.19,46.05
1784538551.2961223,67.02,50.48,64.85,29.57,61.26,24.11,63.99,56.19,31.29,55.25,65.4,73.8,27.3,66.45,33.93,24.38,46.18,67.92,66.69,48.08,33.96,28.12,59.56,59.1,72.17,42.21,75.57,64.14,69.27,32.88,57.26,42.93,48.18,53.62,75.89,68.02,70.85,25.86,68.6,45.89,45.8,42.24,40.56,29.02,64.63,35.22,77.23,47.09,37.79,31.7,58.54,52.6,56.59,40.14,53.95,63.54,67.15,40.04,58.08,54.47,44.33,61.52,35.94,59.33
1784538551.306398,61.7,43.26,75.37,53.74,51.5,57.69,38.29,20.53,34.22,32.3,40.83,68.7,61.03,23.5,46.06,48.94,67.12,34.64,29.69,58.68,72.83,24.69,31.16,34.84,33.73,22.26,44.58,49.11,33.8,36.7,51.61,38.52,55.65,40.67,36.56,76.48,27.53,27.89,78.19,22.31,56.45,72.89,57.84,60.42,78.89,46.97,44.83,43.47,56.18,75.79,57.13,51.53,22.01,58.78,32.69,34.75,32.7,58.71,65.84,24.15,50.66,34.19,28.35,47.82
1784538551.3167324,37.67,60.32,49.17,31.08,48.51,69.95,38.81,35.06,35.9,51.05,56.91,71.0,73.53,41.75,22.39,60.16,27.99,64.67,77.58,71.03,58.81,60.21,21.42,40.18,55.43,22.0,20.41,39.51,48.94,64.12,52.28,34.77,37.2,57.2,65.27,71.46,43.02,46.41,27.17,23.49,75.23,35.98,75.46,74.77,72.7,48.17,79.83,53.21,66.15,55.51,29.91,60.6,58.49,24.62,75.46,51.71,27.72,65.22,33.49,27.47,60.63,27.93,27.32,48.42
1784538551.326972,35.75,26.8,52.75,62.63,73.31,59.42,29.81,65.06,53.27,36.82,76.64,33.31,61.04,27.15,20.54,33.76,47.57,52.73,54.17,29.01,59.32,75.43,38.35,49.86,67.65,25.57,61.08,74.34,45.74,27.23,23.03,44.97,64.22,50.58,58.14,60.6,64.83,42.35,29.5,36.55,49.25,69.81,25.68,40.1,79.71,22.95,65.96,49.52,20.69,44.75,56.56,52.44,78.37,21.66,27.94,51.98,42.64,62.15,49.87,78.94,61.79,51.07,43.4,66.47
1784538551.3373053,46.26,59.48,72.23,46.55,66.01,50.8,37.23,38.8,61.11,35.29,69.54,36.52,37.53,57.77,76.32,50.58,49.46,64.43,76.15,24.21,71.77,24.37,48.5,73.56,25.28,33.17,51.31,30.91,69.64,79.42,48.69,57.97,70.96,23.54,45.08,53.09,75.21,21.19,35.07,76.21,21.5,78.29,49.01,68.03,60.75,71.35,66.0,24.01,21.02,78.27,29.93,32.39,65.58,68.79,67.0,34.8,46.79,66.5,52.81,49.07,33.54,22.17,61.92,52.02
1784538551.3476114,36.14,71.47,24.83,58.26,31.16,54.35,49.97,58.15,78.16,55.18,43.59,56.66,30.7,71.8,65.61,22.67,43.29,28.62,67.27,34.33,62.24,29.12,78.83,52.14,30.57,64.72,45.62,29.44,71.06,61.32,26.85,57.59,55.66,57.87,53.36,64.35,39.17,29.77,36.3,22.47,62.08,61.15,57.77,41.42,30.14,67.47,64.94,45.6,70.8,42.22,29.07,27.78,71.14,40.76,78.19,44.96,25.37,32.83,24.41,30.97,63.71,47.19,34.89,68.61
1784538551.3579736,64.82,67.41,62.12,68.28,56.71,60.03,38.73,29.73,76.44,49.88,75.01,60.82,74.24,36.03,29.56,77.22,73.85,60.69,27.11,59.78,42.03,48.41,79.9,71.97,72.34,63.77,51.1,36.84,73.23,32.82,76.73,30.72,36.7,46.73,60.21,32.52,33.19,52.2,20.71,35.28,24.75,75.46,72.87,54.74,62.2,75.64,54.53,44.28,24.01,55.36,22.4,46.7,41.31,58.11,49.5,76.49,33.76,48.79,41.75,21.95,61.81,35.19,20.66,72.3
1784538551.3682892,29.76,50.1,54.35,42.18,22.32,46.15,60.6,40.95,20.41,30.25,31.58,65.49,41.91,68.81,71.51,51.84,52.6,46.84,34.44,52.84,60.55,22.68,49.61,54.05,73.61,43.34,37.71,78.4,73.8,26.56,38.13,29.45,67.34,27.51,78.37,44.91,27.79,63.3,69.35,23.89,53.85,77.4,34.24,78.13,56.68,68.57,75.72,29.87,65.53,48.26,21.6,32.54,72.94,36.5,43.19,78.4,30.21,36.94,64.08,51.76,30.67,23.1,66.52,77.01
1784538551.378585,20.83,51.42,36.21,77.38,45.29,35.29,66.74,26.83,64.57,23.2,71.21,69.79,74.53,32.22,31.18,28.92,58.71,21.3,24.78,60.33,42.24,68.8,64.19,78.7,20.05,28.53,65.06,57.78,38.07,27.36,77.55,43.56,50.99,34.55,58.73,65.99,72.82,35.81,59.73,62.55,23.08,27.69,73.56,63.17,28.21,55.41,54.52,49.37,20.7,49.68,67.54,34.25,61.0,52.04,63.38,64.07,65.86,58.88,68.59,78.92,35.56,56.29,61.78,53.16
1784538551.388838,53.9,66.89,56.04,73.14,20.99,52.89,53.87,74.63,32.4,53.59,25.31,61.51,60.17,58.16,79.47,75.27,36.35,28.84,27.83,73.83,34.85,69.54,57.28,56.4,76.73,35.23,69.79,42.53,44.93,48.97,69.66,68.9,71.52,40.85,69.79,43.39,47.13,40.44,31.12,59.9,46.87,78.62,33.89,69.38,59.32,25.05,22.92,39.96,43.31,53.72,59.04,28.7,42.71,56.92,40.91,22.78,41.52,47.69,60.79,44.48,38.55,67.84,27.12,50.69
1784538551.3991728,59.98,79.52,70.04,66.56,74.37,73.82,28.89,46.92,20.66,75.0,48.33,32.76,77.59,67.27,26.23,47.98,41.66,61.88,77.44,48.98,41.67,51.98,63.22,64.81,37.08,76.43,57.16,27.49,58.01,73.72,34.98,76.92,22.31,26.66,61.47,35.45,77.46,51.67,31.35,61.98,44.9,32.98,52.39,79.63,29.79,55.65,58.48,77.94,41.93,78.58,34.44,67.43,29.13,20.75,39.28,40.61,24.14,72.37,28.22,58.65,43.34,49.05,26.61,23.07
1784538551.4094849,72.41,23.29,63.2,57.91,29.6,61.82,34.34,79.0,51.19,69.89,38.13,27.54,61.01,50.35,29.48,24.13,63.73,32.15,42.85,66.84,71.83,71.47,51.45,79.25,68.23,58.03,76.69,42.54,20.8,43.36,40.75,45.18,54.53,44.62,44.43,37.22,34.34,50.96,53.23,63.46,58.95,69.23,35.61,49.48,43.03,65.26,23.38,59.5,23.47,24.8,61.89,69.65,29.99,60.59,58.86,73.6,74.88,21.28,50.56,35.83,50.36,78.08,34.9,67.12
1784538551.41978,38.18,20.1,50.21,48.88,77.73,56.2,41.15,32.21,36.57,31.0,40.93,56.08,22.19,70.73,66.15,78.59,56.48,51.8,63.58,38.1,42.17,75.33,75.9,66.95,65.45,64.8,30.77,63.27,47.12,74.76,43.66,28.08,30.98,45.84,42.18,25.53,72.19,37.42,48.4,28.56,71.65,78.64,48.91,79.37,49.43,53.42,69.7,56.6,67.44,40.93,67.71,27.46,57.89,26.1,43.67,61.7,29.24,30.93,60.68,22.29,40.79,40.97,62.21,63.11
1784538551.430108,67.78,39.46,26.98,41.52,79.66,23.73,57.04,40.34,54.45,46.17,74.16,40.81,70.99,64.63,68.92,52.41,79.0,36.14,60.29,36.45,40.05,73.37,47.3,61.69,33.43,31.81,49.61,56.99,75.42,50.9,27.86,68.58,78.15,71.92,27.93,64.1,48.18,75.89,38.57,65.91,29.85,43.79,36.41,34.64,75.14,61.68,39.66,53.82,49.49,62.1,51.62,66.64,22.27,50.43,71.96,55.44,58.47,34.97,45.48,77.8,52.84,28.7,48.11,21.78
1784538551.4403872,62.04,37.31,32.36,47.69,28.02,57.09,62.19,46.99,53.8,48.68,76.99,38.04,41.82,61.07,40.39,45.35,20.31,76.11,65.23,66.46,31.4,56.01,34.56,76.71,75.21,78.96,56.11,56.78,74.12,67.3,36.03,77.06,56.33,61.07,33.34,69.21,78.25,37.51,32.14,37.14,55.99,44.93,51.88,67.6,37.33,71.42,37.87,71.35,59.42,73.76,61.42,78.66,32.82,40.8,60.51,77.82,32.81,23.02,54.88,49.08,22.63,39.88,30.57,35.11
1784538551.4506824,53.68,33.95,79.14,48.48,78.14,36.91,77.41,32.24,55.74,54.82,37.12,45.47,53.31,55.3,37.57,51.53,54.69,25.56,68.36,50.84,77.36,36.08,65.11,70.47,43.11,75.52,55.89,48.73,66.29,56.08,70.41,34.52,42.22,20.7,74.18,35.47,45.16,52.09,72.3,33.91,42.73,49.22,53.47,64.47,67.01,41.86,75.69,67.65,31.82,55.78,24.25,58.4,64.95,36.06,51.97,60.41,51.45,73.8,52.36,59.22,78.83,33.64,37.49,62.75
1784538551.460945,79.44,76.68,36.73,73.27,23.88,32.96,33.31,21.13,78.17,27.84,40.23,59.47,31.26,27.12,41.31,26.07,36.43,77.48,56.49,58.56,64.14,25.73,48.86,60.77,74.24,69.31,40.42,54.53,59.59,59.77,23.81,20.94,52.86,26.1,42.42,32.19,45.32,32.8,56.25,45.46,42.53,50.75,61.72,51.7,63.4,37.61,46.51,78.79,29.28,53.8,44.22,45.54,76.79,51.96,54.01,77.42,70.4,70.72,48.84,28.28,71.26,49.79,39.42,30.83
1784538551.4712567,40.89,75.47,59.31,56.39,74.1,35.69,36.13,66.49,39.68,26.29,61.27,69.87,51.53,44.54,20.52,45.05,45.75,26.98,50.72,22.41,50.98,76.12,57.07,50.77,58.79,49.75,44.86,76.32,47.5,60.52,79.22,38.82,61.5,34.81,57.21,34.13,37.6,39.72,50.58,59.11,67.37,56.59,45.43,75.37,71.35,40.68,26.54,40.65,31.96,74.52,63.74,43.6,68.14,53.89,55.3,48.93,76.74,71.36,20.52,78.43,70.35,41.95,31.37,79.51
1784538551.4815497,36.5,64.76,51.09,49.86,51.02,29.92,76.12,55.32,34.63,63.81,66.0,24.48,33.83,23.9,28.05,35.2,22.48,51.98,59.3,37.98,75.2,54.32,39.4,25.38,28.8,58.98,59.16,47.97,69.93,29.73,57.78,31.85,54.16,65.33,72.09,69.5,20.63,78.54,77.77,30.37,48.23,46.82,23.02,70.83,58.6,29.42,46.4,57.9,49.77,73.92,26.52,46.13,72.61,78.24,46.44,58.05,38.19,42.56,79.99,28.15,58.94,47.52,74.37,25.01
1784538551.4918675,78.26,28.01,21.07,26.89,64.34,37.98,70.28,78.17,70.35,60.85,49.71,65.5,55.07,76.64,55.31,71.32,35.9,67.07,50.27,70.44,43.34,67.21,48.82,50.83,21.02,59.03,25.69,63.56,23.18,29.74,39.83,65.01,61.62,71.04,41.8,25.41,20.55,47.9,61.32,36.53,66.57,32.37,67.42,38.41,41.66,56.03,30.59,54.74,78.61,69.93,76.39,57.18,48.84,24.0,61.27,71.87,37.67,33.29,65.46,27.25,77.35,21.13,35.57,38.37
1784538551.502309,42.04,49.09,39.92,34.61,29.86,41.79,49.07,46.1,38.8,34.39,41.06,40.29,53.18,73.58,44.16,28.28,24.89,57.92,75.12,72.8,47.74,26.3,40.69,74.22,78.86,71.83,31.92,30.56,45.38,57.03,75.18,36.06,58.72,61.03,79.28,62.15,57.27,28.43,52.21,20.72,31.55,53.93,76.24,25.58,37.67,41.45,38.45,77.23,24.58,28.88,65.98,43.99,73.07,32.23,32.37,53.91,71.37,77.94,30.2,22.68,76.01,34.42,77.95,28.38
1784538551.5126503,74.08,21.48,52.85,44.68,65.02,35.85,41.52,38.13,75.38,39.08,63.69,40.6,45.63,50.79,31.05,31.4,24.3,37.58,42.38,35.32,49.64,24.99,22.87,60.96,26.62,32.12,42.86,56.53,34.48,33.16,29.83,54.29,22.49,78.83,37.65,57.53,78.08,71.43,24.44,24.79,47.28,51.3,77.33,78.92,54.71,71.68,21.07,67.36,60.31,57.45,67.22,72.9,79.17,38.36,75.11,77.86,69.51,72.05,56.6,53.93,52.97,37.24,21.86,51.1
1784538551.5229652,40.29,43.18,63.77,73.49,56.33,29.17,40.92,35.78,45.66,22.16,20.72,53.5,70.7,24.78,75.2,71.34,52.27,40.11,78.93,23.24,58.68,55.67,35.34,49.1,70.93,21.22,59.03,38.69,65.6,62.02,37.07,64.93,34.9,74.97,78.52,40.21,34.25,24.43,72.82,56.76,21.69,67.52,67.29,52.59,51.94,33.47,23.61,46.58,43.41,52.04,64.6,67.57,64.58,26.35,45.38,50.11,32.75,67.32,79.87,34.21,70.06,79.25,29.8,34.57
1784538551.5332692,30.43,30.09,25.22,78.49,75.86,42.65,53.39,53.1,56.07,69.86,70.13,33.04,26.35,56.68,21.37,69.17,32.26,38.57,21.47,75.5,62.15,69.13,30.1,41.11,59.78,21.1,78.34,32.66,67.32,49.63,28.7,35.98,43.72,74.23,63.45,45.24,25.9,69.27,72.92,73.15,71.77,38.51,49.81,79.18,65.59,29.68,39.33,55.3,71.15,67.54,23.15,41.04,66.04,38.63,39.27,56.37,56.77,38.04,49.13,73.38,40.79,67.24,71.73,60.58
1784538551.5435607,27.64,48.79,56.26,40.31,31.7,53.17,62.14,66.76,79.37,78.69,64.8,24.09,56.47,43.83,49.77,49.92,54.23,58.44,73.38,33.81,23.25,33.83,72.21,49.21,67.94,74.83,22.38,56.56,57.13,47.71,45.15,28.67,31.97,78.46,22.09,51.55,67.91,22.83,38.54,72.66,54.13,53.96,77.33,55.09,71.61,48.44,65.48,45.81,34.98,76.46,40.9,47.69,66.76,52.53,78.07,23.9,27.95,53.88,44.38,41.04,24.53,32.66,21.12,50.05
1784538551.5538545,25.35,32.4,36.45,23.56,58.1,77.33,73.05,24.67,67.39,23.54,48.37,76.01,49.64,53.19,50.36,71.89,29.04,58.01,67.66,57.31,59.39,62.57,59.9,47.15,61.77,49.36,34.84,21.66,61.59,74.69,38.65,43.74,49.87,26.4,29.97,76.5,31.4,56.32,68.09,33.54,22.07,56.4,74.46,30.52,60.99,34.05,38.81,39.99,64.29,63.57,71.41,24.97,33.98,45.66,29.44,77.76,76.48,54.03,48.88,61.26,57.31,36.52,66.83,50.46
1784538551.5642521,68.97,68.96,31.33,41.63,74.71,63.32,46.25,35.02,41.93,62.7,23.93,63.71,68.69,41.61,21.6,26.83,63.52,56.02,65.02,35.63,70.96,32.19,79.65,52.21,73.15,68.72,67.15,28.25,28.25,34.68,54.55,49.23,49.39,26.24,76.07,70.7,47.61,20.63,68.34,58.33,32.2,52.35,31.39,77.01,47.61,40.04,63.46,51.32,35.39,21.92,59.98,61.42,56.7,73.51,53.65,42.72,61.33,20.31,40.62,59.57,39.17,79.37,23.14,64.88
1784538551.5745463,65.49,29.95,78.57,73.44,60.37,21.04,46.2,77.07,40.22,56.05,56.19,67.39,27.45,28.22,34.03,78.09,67.89,77.99,51.41,53.89,55.25,62.55,38.77,57.47,56.83,46.41,24.05,35.4,47.64,22.87,62.21,44.04,34.72,42.36,37.89,74.23,40.22,36.76,56.89,57.15,29.22,31.58,38.28,48.88,46.74,60.54,23.21,40.71,29.27,44.25,74.89,76.55,57.4,21.81,47.95,49.45,26.47,34.01,60.63,43.39,29.09,31.78,67.58,35.76
1784538551.5848687,23.92,69.34,76.19,59.86,66.54,55.55,27.18,69.16,46.42,76.2,22.14,23.68,54.32,47.16,37.08,75.63,24.4,27.44,42.75,53.68,71.28,50.76,23.43,65.35,28.86,45.66,53.28,68.61,45.9,54.28,69.55,59.03,38.69,57.8,24.66,38.31,74.16,64.65,66.16,43.17,40.58,48.59,76.33,43.43,27.12,34.09,55.88,45.65,58.71,27.95,66.72,22.01,47.19,53.69,43.45,73.37,75.64,76.45,28.61,42.61,60.39,74.39,68.47,54.11
1784538551.5951676,22.22,76.87,75.1,62.61,22.98,35.36,27.38,58.33,56.18,28.41,75.05,41.14,21.79,24.02,53.92,35.21,44.47,76.31,36.41,43.12,34.82,24.48,54.86,58.84,71.27,77.85,49.89,22.64,32.27,38.8,23.88,61.67,67.52,38.34,43.26,46.4,59.95,54.52,51.34,28.69,49.65,79.12,22.12,30.05,54.49,68.39,44.99,37.02,77.69,74.04,38.65,45.58,74.82,55.82,34.17,36.58,75.76,53.98,77.55,24.13,51.16,74.86,49.0,75.56
1784538551.6054578,76.01,67.12,67.26,55.91,44.13,36.26,55.78,30.05,67.13,37.83,76.83,62.65,78.16,20.6,44.5,64.81,58.46,37.2,53.95,63.91,33.86,47.23,62.38,63.69,27.02,29.98,23.38,35.49,57.79,35.14,60.53,55.6,72.14,75.56,23.55,67.75,36.41,65.89,30.77,73.26,37.39,23.9,39.26,38.4,57.88,33.29,33.93,36.56,52.88,35.31,68.13,40.54,73.42,71.11,37.93,72.52,33.3,62.84,38.62,44.58,30.51,40.12,63.68,50.6
1784538551.6157343,57.09,54.06,29.41,60.9,22.39,39.35,62.07,48.74,62.71,55.39,50.53,34.93,50.29,61.67,24.69,59.7,78.8,49.12,56.22,34.09,69.45,59.54,79.61,52.5,49.39,25.57,71.52,43.77,54.44,61.67,33.24,72.47,41.53,62.22,78.41,56.17,48.15,45.74,39.46,69.41,46.89,64.77,24.75,50.22,51.38,67.35,68.19,65.55,26.71,29.57,48.57,21.18,27.85,65.18,66.11,60.95,21.08,63.17,60.97,23.39,31.26,45.52,22.61,50.29
1784538551.6260505,20.5,36.31,28.29,72.94,20.33,70.99,56.98,41.48,76.28,22.72,37.42,30.21,71.69,31.27,76.73,69.2,76.14,20.49,57.72,47.44,27.29,31.28,34.22,71.29,72.37,68.39,45.9,39.09,31.66,61.57,22.95,48.12,44.4,36.26,29.78,56.78,38.42,23.77,34.2,21.98,78.47,53.7,60.85,76.63,37.67,77.3,24.3,68.58,49.74,63.66,58.87,73.59,78.32,64.09,54.73,55.25,79.57,43.16,56.79,73.73,58.6,24.8,72.0,54.08
1784538551.636299,42.88,71.85,38.0,25.41,23.77,65.74,73.04,27.87,34.32,55.31,76.61,44.86,57.84,65.21,24.94,52.87,50.73,72.81,32.68,76.93,30.82,75.64,22.14,73.13,56.33,43.19,27.89,45.79,63.94,72.01,38.09,50.34,44.03,30.77,40.48,79.46,64.36,68.28,68.82,68.88,78.44,50.82,23.96,73.24,21.46,21.46,74.69,31.56,63.69,32.85,71.54,40.37,52.57,79.17,39.83,31.73,75.56,48.3,41.86,38.6,21.31,38.02,63.67,58.7
1784538551.6465876,51.3,73.74,77.86,34.17,28.27,68.58,67.82,23.99,22.55,53.05,49.59,56.79,34.98,76.33,57.41,72.73,63.69,68.0,58.1,29.13,48.17,45.72,32.04,25.9,60.51,34.91,79.95,33.36,20.61,37.65,65.54,27.0,45.68,65.8,53.35,27.0,44.79,61.87,27.85,47.6,47.7,34.16,40.67,26.07,20.59,28.42,77.16,59.65,40.98,26.12,55.79,43.21,72.66,35.68,58.59,36.55,77.58,71.9,28.45,69.4,21.35,61.76,68.04,21.44
1784538551.6568732,52.35,59.86,33.0,49.07,30.62,57.25,58.93,53.12,33.31,48.02,30.99,60.1,79.47,79.5,70.28,24.67,36.14,48.92,61.07,43.47,78.09,56.56,68.89,70.48,67.45,47.37,20.31,66.63,23.31,64.8,28.79,37.62,71.91,52.94,41.45,33.8,67.61,54.83,55.15,39.68,54.31,46.61,51.73,32.79,59.11,41.01,50.27,56.42,34.96,59.61,42.16,31.57,59.57,39.31,21.97,30.92,54.88,44.55,58.05,29.75,63.52,20.05,58.95,68.88
1784538551.667132,48.69,29.66,45.56,40.86,64.77,51.02,50.17,56.77,70.81,42.11,60.34,78.95,34.73,35.08,33.32,46.03,26.21,27.41,23.29,53.47,32.27,53.55,55.18,56.58,55.31,37.73,25.5,56.99,21.98,59.02,68.35,71.95,22.24,43.53,45.59,36.32,60.14,21.37,20.16,62.46,66.6,71.61,56.29,28.09,20.98,76.52,52.66,56.43,24.3,57.35,58.62,65.97,79.07,51.74,69.54,60.12,48.32,50.74,49.01,20.98,25.54,46.82,53.0,65.31
1784538551.6775184,29.18,36.54,48.12,24.41,42.22,79.33,38.57,37.62,56.14,58.22,44.19,41.71,53.1,66.87,78.84,73.73,61.33,79.11,50.87,45.08,22.2,68.95,46.37,65.81,69.48,21.09,68.98,32.6,26.81,49.42,79.09,74.21,38.94,58.52,45.19,60.36,54.54,53.84,22.58,71.26,74.35,51.54,37.03,54.26,49.66,23.29,31.61,20.76,78.36,77.0,38.79,58.11,69.5,29.35,62.88,40.28,52.41,65.75,20.52,61.58,77.38,38.78,77.97,71.54
1784538551.687786,47.02,60.89,43.22,44.75,51.71,59.7,65.03,43.74,52.56,77.38,24.64,56.9,38.7,74.63,52.46,63.05,67.75,64.4,44.79,21.95,36.91,59.19,29.14,60.96,69.41,75.4,77.51,41.03,76.85,46.15,76.66,57.07,75.7,47.92,68.59,40.8,48.7,55.57,36.53,77.04,49.08,54.01,78.18,39.15,61.16,51.48,24.35,38.81,43.92,25.92,51.63,76.16,74.07,75.34,30.99,28.78,35.01,48.8,75.34,29.3,48.71,30.0,21.72,31.69
1784538551.6982057,77.26,38.24,78.58,71.89,43.93,38.25,43.7,52.66,68.03,50.65,65.06,69.07,49.99,28.51,62.64,29.14,44.34,30.2,50.74,58.26,65.32,47.16,41.75,29.71,52.62,33.11,66.43,32.86,69.99,37.45,72.77,37.43,23.33,58.96,61.32,41.0,25.55,44.18,76.49,23.6,60.61,36.04,26.21,73.05,24.47,64.42,67.6,41.17,61.95,79.37,62.01,72.05,21.99,31.08,22.91,43.28,75.56,42.78,45.88,38.23,51.83,37.37,65.52,22.99
1784538551.7086174,23.8,23.63,27.35,30.63,67.06,21.95,21.92,75.58,48.67,34.62,32.69,69.21,63.47,31.75,53.04,53.06,51.8,28.79,50.26,61.39,46.64,71.51,41.48,48.32,64.17,65.05,60.08,59.84,26.54,79.85,65.95,41.85,33.69,79.17,25.73,68.0,69.95,78.95,64.78,31.95,71.72,72.82,56.67,75.58,35.62,62.02,41.49,42.03,78.01,51.41,37.67,43.35,62.14,72.95,49.38,49.18,24.5,77.9,67.08,55.66,35.43,25.13,79.91,68.87
1784538551.7192461,68.97,70.43,78.98,71.36,27.32,32.51,70.01,60.03,49.99,30.91,65.69,24.55,38.05,52.71,35.42,69.37,64.9,57.93,68.31,21.15,24.05,22.98,52.61,39.43,60.7,68.26,44.75,42.53,41.25,58.57,62.93,31.48,58.21,22.07,20.56,75.4,34.72,43.02,35.76,68.3,23.45,72.02,46.4,42.02,58.95,77.75,43.17,51.57,21.23,51.35,37.31,36.39,37.84,41.54,73.24,40.45,78.4,58.55,63.5,52.52,59.78,78.01,52.34,57.79
1784538551.729745,58.74,54.17,74.32,72.61,39.29,35.07,24.23,56.49,54.99,63.34,31.81,51.0,58.78,61.56,45.43,64.69,70.5,39.59,71.78,64.28,47.7,74.66,74.38,47.4,53.78,75.75,56.73,62.81,63.48,46.73,62.45,79.51,22.01,55.49,56.53,31.54,51.75,22.78,62.62,36.03,77.05,34.29,79.66,20.37,59.3,22.82,68.8,24.13,60.92,44.27,27.4,39.15,39.6,62.15,27.44,54.99,60.22,43.83,49.67,21.79,20.9,56.57,38.5,45.02
1784538551.740132,70.66,52.52,27.18,37.35,30.53,30.92,32.76,39.26,30.26,49.41,34.48,68.48,20.68,71.45,23.84,70.79,36.2,78.18,60.81,37.75,39.02,24.58,63.14,69.6,76.86,56.19,28.19,40.95,53.48,58.35,59.43,65.24,75.29,47.24,29.61,23.11,36.1,58.01,78.54,48.79,53.05,47.05,30.58,47.0,27.47,46.3,32.37,39.96,38.18,48.69,41.33,48.64,69.64,40.56,50.81,78.11,68.56,51.76,38.43,63.78,58.03,37.8,60.32,57.69
1784538551.750539,59.4,56.89,45.03,33.08,37.82,33.52,27.44,38.16,40.99,54.31,72.36,70.39,70.45,70.08,69.38,59.97,70.77,32.3,20.24,39.86,42.95,59.39,48.99,64.74,25.27,67.45,79.97,58.58,42.13,50.23,49.73,35.88,26.37,43.61,72.88,29.28,77.81,30.92,73.76,55.72,34.95,61.89,50.19,22.39,27.68,55.96,51.96,61.65,49.25,25.45,73.02,26.04,22.68,51.79,25.97,33.22,41.37,78.17,48.37,37.78,63.59,66.26,61.53,71.43
1784538551.7608433,56.62,54.1,69.5,27.64,58.0,43.73,21.52,46.63,49.17,49.89,21.38,38.36,44.92,43.02,20.15,64.43,64.65,75.43,21.18,27.6,54.56,28.33,41.79,23.99,30.09,68.3,67.82,62.51,50.41,77.29,26.22,30.22,44.71,62.4,43.63,46.8,69.4,65.0,47.08,61.1,45.04,60.61,40.21,61.36,34.92,53.68,57.59,52.24,36.19,79.15,68.64,60.89,59.11,74.93,29.21,32.12,40.58,71.11,34.98,38.47,26.47,46.17,44.16,74.16
1784538551.7713277,47.76,68.66,68.17,39.85,52.75,24.78,32.06,59.14,74.4,29.38,75.07,58.18,70.53,43.37,49.01,71.94,54.28,79.23,32.47,60.91,67.28,60.92,32.75,76.3,71.36,61.36,66.01,35.44,64.97,46.54,36.85,50.87,70.53,56.03,70.65,72.94,30.46,65.3,73.92,49.19,46.76,31.26,25.11,47.56,24.81,20.2,20.44,74.53,70.56,24.78,57.31,67.05,78.66,63.47,57.76,28.66,33.28,30.15,39.92,39.67,23.17,44.68,68.66,28.37
1784538551.781702,48.75,59.9,26.63,38.58,27.66,66.63,62.73,69.78,67.31,21.7,71.45,66.61,36.08,30.27,24.68,30.39,72.12,70.21,59.52,67.48,40.78,47.58,39.23,32.51,61.8,71.81,45.01,34.88,48.94,70.79,75.9,23.87,42.46,78.33,27.27,63.59,65.74,64.82,58.61,32.94,32.39,35.05,63.61,32.27,24.44,53.75,28.83,35.82,47.47,28.53,70.58,34.67,40.94,22.99,76.98,50.99,78.73,38.21,67.35,24.97,58.28,49.99,69.05,43.66
1784538551.7919831,45.69,40.69,46.79,60.28,60.92,20.65,56.84,52.6,43.67,53.51,44.16,67.19,57.2,25.22,57.2,46.11,66.68,77.22,51.32,49.76,73.66,46.56,42.95,54.37,64.29,40.9,36.64,39.43,32.05,27.58,75.31,39.82,66.44,77.16,51.56,55.6,62.83,64.25,35.21,52.95,52.94,32.31,20.96,31.62,48.26,68.93,63.42,49.29,52.91,74.55,71.06,36.45,27.44,69.1,24.56,53.06,28.51,54.26,57.75,53.83,34.03,75.24,27.19,59.01
1784538551.8024056,21.97,37.91,61.85,35.3,27.36,76.38,42.74,24.43,23.03,60.48,61.87,44.09,68.05,20.21,44.97,67.17,53.31,36.67,55.82,77.48,33.66,62.79,39.43,55.23,66.45,67.84,68.84,66.76,71.31,26.77,64.92,56.68,49.67,61.31,55.92,73.81,39.36,47.64,65.83,48.05,53.69,41.14,54.71,54.23,23.52,50.83,79.38,75.71,28.72,20.47,38.38,48.21,23.39,46.16,42.53,40.49,28.67,32.65,52.91,79.06,58.09,29.07,75.83,77.5
1784538551.8128362,55.66,53.59,33.04,54.58,65.62,50.92,38.46,73.89,24.9,70.96,39.19,58.44,71.37,67.78,42.7,43.28,40.14,73.71,33.37,35.05,44.85,63.93,71.3,21.99,64.59,63.47,45.24,58.88,21.36,79.05,55.95,29.72,61.92,48.2,59.89,25.73,39.62,37.95,66.09,56.1,62.17,54.19,57.37,55.31,59.56,51.76,39.18,25.83,72.8,32.25,62.4,40.34,34.26,34.62,34.45,44.7,69.97,26.73,22.07,47.29,41.98,69.9,34.99,23.02
1784538551.8231137,68.17,53.64,71.01,53.28,39.39,56.34,21.53,63.69,77.3,52.76,62.61,59.01,45.01,48.13,35.82,41.4,34.2,27.92,71.82,63.42,67.32,22.36,34.67,52.16,26.88,34.08,46.0,53.62,65.31,46.93,21.4,59.62,58.59,60.12,70.07,67.72,67.15,27.51,63.05,24.28,49.95,24.77,43.19,73.86,39.83,63.34,49.71,48.45,58.85,52.02,69.82,28.3,20.15,42.31,36.06,75.32,39.73,39.24,39.54,75.2,46.24,42.08,70.11,39.9
1784538551.8333886,24.97,78.94,60.24,61.27,71.82,42.98,61.21,53.3,76.29,74.75,78.74,26.07,79.25,20.01,31.25,62.43,54.76,72.69,38.17,56.55,20.91,52.44,56.89,29.69,46.46,60.46,32.53,38.35,24.6,69.17,78.68,42.26,49.95,48.92,27.0,32.3,56.97,20.88,50.18,52.54,77.77,79.91,55.34,29.86,70.04,67.48,78.25,63.34,67.27,70.96,76.74,27.33,20.32,55.03,68.17,51.03,44.26,69.39,64.76,69.34,37.82,34.67,42.09,42.42
1784538551.8436818,75.12,70.14,64.83,28.89,39.97,52.71,79.3,21.42,58.35,77.41,39.71,70.62,31.98,61.29,24.29,58.86,66.02,72.52,51.86,45.12,33.27,43.92,42.82,39.29,55.52,43.22,73.97,53.31,45.1,22.22,39.14,69.19,55.34,22.98,74.69,21.22,71.65,55.67,71.19,45.02,67.1,33.71,73.32,30.91,24.39,21.81,67.94,20.92,69.55,73.33,32.82,63.26,56.33,42.3,20.9,60.38,70.5,26.42,64.34,27.84,50.39,45.03,54.25,28.92
1784538551.854054,23.66,20.84,37.54,79.85,59.56,43.07,36.46,57.64,69.14,47.23,63.1,66.8,43.2,68.59,49.62,44.2,54.36,34.79,72.25,56.98,61.88,76.98,27.41,23.92,75.07,30.27,63.47,28.71,73.68,27.02,76.16,42.71,36.29,61.41,50.31,79.56,42.76,54.65,56.87,37.17,38.25,53.94,78.33,34.66,37.79,32.65,43.17,72.17,22.76,68.03,30.62,25.9,66.63,41.71,34.54,29.98,40.86,31.41,51.24,20.4,25.44,21.78,68.08,28.5
1784538551.8643942,23.23,71.31,45.92,35.45,44.96,48.34,75.34,51.71,63.53,23.08,35.5,73.79,36.52,70.57,43.82,54.14,46.9,23.74,69.49,33.82,76.17,33.71,56.25,69.09,39.34,47.76,75.19,67.14,38.69,49.68,33.4,44.81,49.57,64.66,60.29,77.66,37.55,34.27,66.47,76.59,47.12,22.68,40.46,53.37,41.81,79.06,42.74,68.01,32.82,33.15,56.67,25.57,20.82,67.39,70.36,67.75,26.23,79.17,41.42,59.15,70.4,73.51,37.85,64.26
1784538551.8746924,54.67,37.01,43.96,67.03,45.27,27.69,21.95,68.0,67.04,49.81,69.87,65.07,79.46,29.72,64.48,70.04,63.88,21.94,67.95,29.23,79.19,35.97,55.16,60.62,68.36,63.36,68.17,76.2,78.9,76.6,61.57,69.45,30.78,56.37,44.64,46.72,43.43,37.28,28.89,36.89,68.08,76.02,29.69,27.52,76.01,78.02,68.9,45.48,73.2,51.18,66.76,61.49,54.16,64.26,65.31,21.8,79.23,39.25,38.94,57.38,23.82,61.73,40.22,20.38
1784538551.8851237,67.98,56.83,65.86,44.95,37.4,37.63,25.57,75.15,64.79,26.32,31.05,57.61,43.29,46.73,61.79,60.78,35.39,48.19,37.18,72.62,73.46,23.17,75.99,42.28,61.83,40.71,41.65,64.87,44.23,63.08,74.11,35.41,60.39,63.7,56.75,61.01,69.1,40.5,49.23,73.15,59.31,34.06,51.57,33.89,40.76,66.24,73.31,50.04,63.9,55.2,69.37,64.52,32.13,68.97,50.46,60.16,58.48,40.03,69.5,72.14,31.66,61.26,62.77,20.76
1784538551.8954675,58.48,54.81,30.81,55.29,46.04,28.07,55.9,39.9,49.83,66.43,79.78,25.99,23.18,68.3,52.74,54.94,79.43,47.29,33.62,24.81,73.14,67.31,30.38,29.67,49.13,67.17,37.44,38.76,33.91,46.85,43.44,48.86,39.86,39.09,54.78,42.27,63.05,78.23,56.46,35.48,46.77,57.1,39.14,54.89,47.36,40.31,56.68,54.11,64.88,39.08,43.5,48.08,33.55,37.15,21.29,42.48,36.79,64.09,26.17,29.36,51.38,57.15,62.57,34.24
1784538551.9058836,37.76,25.83,35.87,27.83,68.96,35.61,52.72,61.19,56.77,22.31,61.78,53.08,37.14,76.3,53.24,71.35,65.96,47.55,79.04,66.7,49.07,78.27,36.46,64.46,76.24,52.34,48.86,46.82,77.79,51.45,75.94,29.85,55.43,23.21,36.75,53.02,53.89,42.35,26.51,44.79,51.21,74.78,51.31,60.66,46.68,34.03,67.78,24.17,40.25,35.39,52.07,63.14,74.97,48.97,28.62,28.49,79.08,67.28,65.43,38.27,71.42,44.57,42.4,78.54
1784538551.9161634,32.36,29.2,22.64,68.29,79.16,49.09,32.97,29.23,78.13,48.35,36.38,57.87,62.02,47.31,71.75,70.0,32.02,28.69,35.72,34.86,45.39,72.37,50.27,54.49,71.23,71.48,42.85,53.32,62.21,25.77,56.94,21.7,65.46,57.52,74.63,74.16,73.5,26.48,61.45,72.22,37.77,39.55,51.5,37.54,52.4,69.35,30.79,66.35,76.35,66.72,71.3,20.59,36.31,30.61,42.4,44.75,79.48,22.37,22.82,54.55,21.78,33.1,55.32,32.49
1784538551.9264448,40.9,69.48,48.47,38.65,63.1,29.9,79.82,41.51,26.74,72.81,23.19,42.94,60.95,24.18,24.35,47.22,48.39,22.65,25.91,23.67,40.31,52.41,43.92,28.31,55.2,72.49,59.97,26.28,30.07,79.76,75.2,52.34,52.14,20.85,62.76,43.88,72.35,77.54,59.58,68.82,78.76,70.56,42.82,70.58,72.04,39.12,67.32,23.04,66.28,38.19,51.96,39.32,67.25,59.11,30.6,54.02,31.0,46.09,57.07,32.76,22.11,32.87,70.18,22.51
1784538551.93685,78.35,53.33,58.25,72.49,64.51,24.02,34.79,62.49,38.73,69.88,27.31,41.43,31.17,66.8,56.24,61.89,36.14,73.56,70.03,41.67,68.71,51.98,56.91,59.92,79.05,79.55,20.98,69.02,58.32,37.81,79.36,54.11,39.77,49.44,42.12,73.2,53.7,67.94,21.86,64.08,58.02,41.83,51.83,52.03,75.9,78.17,26.39,64.49,32.57,43.95,28.03,62.56,47.57,43.71,38.74,20.44,52.21,22.91,76.71,63.95,47.8,41.91,37.18,77.05
1784538551.947147,44.41,54.68,44.15,55.63,62.48,31.22,25.27,67.5,72.27,26.55,56.13,48.51,49.11,72.91,20.07,30.38,46.57,45.01,62.75,53.24,78.55,39.46,50.63,30.79,73.82,43.87,72.51,60.97,23.03,53.03,52.22,53.52,34.98,62.7,49.09,47.44,33.55,57.87,33.88,78.78,34.71,67.07,57.99,63.16,78.75,37.61,76.82,69.82,59.78,22.1,73.56,28.99,42.51,47.31,40.97,24.63,36.07,46.0,60.72,40.59,68.52,63.37,68.72,54.69
1784538551.9573998,63.57,74.29,48.54,20.38,52.69,20.28,52.71,57.07,48.41,60.1,38.6,33.99,62.61,33.17,41.75,28.12,29.58,79.13,31.88,72.99,59.37,34.36,68.59,25.69,65.26,27.54,68.84,57.41,72.82,48.67,61.56,71.13,66.45,26.81,33.88,51.88,24.88,77.44,55.36,66.5,31.66,77.76,63.4,63.5,41.33,73.94,64.44,22.54,34.57,78.19,45.97,55.25,59.66,42.1,61.83,31.42,51.58,26.17,62.92,48.94,60.22,78.73,58.52,51.22
1784538551.9677255,23.03,51.28,48.63,23.46,37.27,54.62,51.23,68.6,50.22,20.05,76.46,70.02,76.35,62.45,53.35,53.04,31.19,54.98,31.32,53.8,34.54,22.19,21.51,42.64,73.81,35.3,56.12,56.83,38.41,45.92,30.53,63.08,68.05,28.29,31.93,30.14,79.12,78.52,40.7,35.67,66.14,59.67,64.68,61.39,32.98,39.2,32.54,25.14,69.71,71.7,59.64,67.43,20.52,59.34,52.81,22.21,33.7,47.75,24.9,51.91,60.58,34.27,39.23,74.56
1784538551.978152,79.65,72.36,75.87,22.21,34.06,60.59,53.93,21.51,56.96,75.84,20.57,29.14,23.42,66.03,24.56,69.19,68.97,46.9,67.12,21.21,54.41,20.36,78.8,39.67,24.91,27.96,51.22,25.23,42.02,39.21,32.02,67.77,23.62,23.8,72.48,44.74,31.58,57.4,30.12,58.28,60.36,79.69,78.12,58.35,44.82,34.91,32.68,55.29,63.54,20.1,43.18,71.28,37.3,20.39,32.21,51.92,31.75,60.75,38.65,58.13,24.78,47.39,23.77,76.19
